path_index,segment,opening_mm,traction_mpa,damage,external_work_j_m2,free_energy_j_m2,dissipation_j_m2
0,seed,0.00147964,0.39303,0.01,0.584687,0.0351104,0.549576
1,loading,0.00224933,0.39059,0.0161461,0.886267,0.0620674,0.8242
2,loading,0.00301902,0.388044,0.0225596,1.18593,0.0922237,1.0937
3,loading,0.00378871,0.385427,0.0291524,1.4836,0.124754,1.35884
4,loading,0.0045584,0.38276,0.0358699,1.77923,0.1591,1.62013
5,loading,0.00532809,0.380058,0.0426746,2.0728,0.194851,1.87795
6,loading,0.00609778,0.377333,0.049539,2.36428,0.231689,2.13259
7,loading,0.00686747,0.374593,0.056442,2.65366,0.26936,2.3843
8,loading,0.00763716,0.371843,0.0633669,2.94092,0.307654,2.63326
9,loading,0.00840685,0.369091,0.0703003,3.22606,0.346397,2.87967
10,loading,0.00917654,0.366339,0.0772311,3.50909,0.385441,3.12365
11,loading,0.00994623,0.363592,0.0841504,3.79,0.424661,3.36534
12,loading,0.0107159,0.360853,0.0910504,4.0688,0.463948,3.60485
13,loading,0.0114856,0.358124,0.0979245,4.34549,0.503209,3.84228
14,loading,0.0122553,0.355407,0.104767,4.62009,0.542363,4.07773
15,loading,0.013025,0.352705,0.111574,4.8926,0.581341,4.31126
16,loading,0.0137947,0.350019,0.118341,5.16304,0.620081,4.54296
17,loading,0.0145644,0.347349,0.125065,5.43142,0.65853,4.77289
18,loading,0.0153341,0.344698,0.131742,5.69775,0.696642,5.00111
19,loading,0.0161038,0.342067,0.13837,5.96205,0.734376,5.22767
20,loading,0.0168734,0.339456,0.144947,6.22433,0.771698,5.45263
21,loading,0.0176431,0.336866,0.151471,6.4846,0.808577,5.67603
22,loading,0.0184128,0.334297,0.157941,6.7429,0.844988,5.89791
23,loading,0.0191825,0.331751,0.164355,6.99922,0.880908,6.11831
24,loading,0.0199522,0.329227,0.170712,7.25359,0.916318,6.33728
25,loading,0.0207219,0.326726,0.177011,7.50603,0.951202,6.55483
26,loading,0.0214916,0.324249,0.183252,7.75656,0.985547,6.77101
27,loading,0.0222613,0.321795,0.189434,8.00518,1.01934,6.98584
28,loading,0.023031,0.319364,0.195555,8.25193,1.05258,7.19935
29,loading,0.0238007,0.316958,0.201617,8.49681,1.08525,7.41156
30,loading,0.0245703,0.314575,0.207619,8.73985,1.11735,7.62251
31,loading,0.02534,0.312216,0.213561,8.98107,1.14887,7.8322
32,loading,0.0261097,0.309882,0.219442,9.22048,1.17982,8.04066
33,loading,0.0268794,0.307571,0.225263,9.4581,1.21018,8.24792
34,loading,0.0276491,0.305284,0.231023,9.69395,1.23997,8.45398
35,loading,0.0284188,0.303021,0.236724,9.92805,1.26918,8.65887
36,loading,0.0291885,0.300781,0.242364,10.1604,1.29782,8.86261
37,loading,0.0299582,0.298566,0.247945,10.3911,1.32588,9.0652
38,loading,0.0307279,0.296374,0.253467,10.62,1.35337,9.26667
39,loading,0.0314976,0.294205,0.25893,10.8473,1.38029,9.46702
40,loading,0.0322673,0.292059,0.264334,11.0729,1.40666,9.66628
41,loading,0.0330369,0.289937,0.26968,11.2969,1.43247,9.86444
42,loading,0.0338066,0.287838,0.274968,11.5193,1.45772,10.0615
43,loading,0.0345763,0.285761,0.280199,11.74,1.48243,10.2576
44,loading,0.035346,0.283707,0.285373,11.9592,1.50661,10.4526
45,loading,0.0361157,0.281675,0.290491,12.1767,1.53025,10.6465
46,loading,0.0368854,0.279666,0.295553,12.3928,1.55336,10.8394
47,loading,0.0376551,0.277678,0.30056,12.6073,1.57596,11.0313
48,loading,0.0384248,0.275712,0.305512,12.8202,1.59804,11.2222
49,loading,0.0391945,0.273768,0.310409,13.0317,1.61962,11.4121
50,loading,0.0399642,0.271844,0.315253,13.2417,1.6407,11.601
51,loading,0.0407338,0.269942,0.320045,13.4502,1.6613,11.7889
52,loading,0.0415035,0.268061,0.324783,13.6572,1.68141,11.9758
53,loading,0.0422732,0.2662,0.32947,13.8628,1.70104,12.1618
54,loading,0.0430429,0.26436,0.334105,14.067,1.72021,12.3468
55,loading,0.0438126,0.26254,0.33869,14.2698,1.73893,12.5309
56,loading,0.0445823,0.26074,0.343224,14.4712,1.75719,12.714
57,loading,0.045352,0.258959,0.347709,14.6712,1.775,12.8962
58,loading,0.0461217,0.257198,0.352145,14.8698,1.79239,13.0774
59,loading,0.0468914,0.255457,0.356533,15.0671,1.80934,13.2578
60,loading,0.0476611,0.253734,0.360872,15.2631,1.82587,13.4372
61,loading,0.0484307,0.25203,0.365165,15.4577,1.84199,13.6157
62,loading,0.0492004,0.250344,0.369411,15.651,1.85771,13.7933
63,loading,0.0499701,0.248677,0.373611,15.8431,1.87303,13.97
64,loading,0.0507398,0.247027,0.377765,16.0338,1.88796,14.1459
65,loading,0.0515095,0.245396,0.381874,16.2233,1.9025,14.3208
66,loading,0.0522792,0.243782,0.385939,16.4116,1.91667,14.4949
67,loading,0.0530489,0.242186,0.38996,16.5986,1.93047,14.6681
68,loading,0.0538186,0.240606,0.393938,16.7844,1.94392,14.8405
69,loading,0.0545883,0.239044,0.397874,16.969,1.957,15.012
70,loading,0.055358,0.237499,0.401767,17.1524,1.96974,15.1827
71,loading,0.0561277,0.235969,0.405619,17.3346,1.98214,15.3525
72,loading,0.0568973,0.234457,0.409429,17.5157,1.99421,15.5215
73,loading,0.057667,0.23296,0.413199,17.6955,2.00594,15.6896
74,loading,0.0584367,0.231479,0.416929,17.8743,2.01736,15.8569
75,loading,0.0592064,0.230014,0.42062,18.0519,2.02847,16.0234
76,loading,0.0599761,0.228564,0.424272,18.2284,2.03926,16.1891
77,loading,0.0607458,0.22713,0.427885,18.4037,2.04976,16.354
78,loading,0.0615155,0.22571,0.43146,18.578,2.05996,16.518
79,loading,0.0622852,0.224306,0.434998,18.7512,2.06987,16.6813
80,loading,0.0630549,0.222916,0.438499,18.9233,2.0795,16.8438
81,loading,0.0638246,0.221541,0.441963,19.0943,2.08885,17.0055
82,loading,0.0645942,0.220179,0.445392,19.2643,2.09793,17.1664
83,loading,0.0653639,0.218832,0.448785,19.4333,2.10674,17.3265
84,loading,0.0661336,0.217499,0.452143,19.6012,2.11529,17.4859
85,loading,0.0669033,0.21618,0.455466,19.7681,2.12359,17.6445
86,loading,0.067673,0.214874,0.458755,19.934,2.13163,17.8024
87,loading,0.0684427,0.213582,0.462011,20.0989,2.13944,17.9594
88,loading,0.0692124,0.212302,0.465234,20.2628,2.147,18.1158
89,loading,0.0699821,0.211036,0.468423,20.4257,2.15433,18.2714
90,loading,0.0707518,0.209783,0.47158,20.5876,2.16143,18.4262
91,loading,0.0715215,0.208542,0.474706,20.7486,2.1683,18.5803
92,loading,0.0722911,0.207314,0.4778,20.9087,2.17496,18.7337
93,loading,0.0730608,0.206098,0.480862,21.0678,2.1814,18.8864
94,loading,0.0738305,0.204894,0.483894,21.2259,2.18763,19.0383
95,loading,0.0746002,0.203702,0.486896,21.3832,2.19365,19.1895
96,loading,0.0753699,0.202522,0.489868,21.5395,2.19947,19.3401
97,loading,0.0761396,0.201354,0.492811,21.695,2.20509,19.4899
98,loading,0.0769093,0.200198,0.495724,21.8495,2.21052,19.639
99,loading,0.077679,0.199052,0.498609,22.0031,2.21577,19.7874
100,loading,0.0784487,0.197918,0.501465,22.1559,2.22082,19.9351
101,loading,0.0792184,0.196796,0.504293,22.3078,2.2257,20.0821
102,loading,0.0799881,0.195684,0.507094,22.4589,2.23039,20.2285
103,loading,0.0807577,0.194583,0.509867,22.609,2.23492,20.3741
104,loading,0.0815274,0.193492,0.512614,22.7584,2.23927,20.5191
105,loading,0.0822971,0.192413,0.515334,22.9069,2.24346,20.6634
106,loading,0.0830668,0.191343,0.518027,23.0546,2.24749,20.8071
107,loading,0.0838365,0.190284,0.520695,23.2015,2.25135,20.9501
108,loading,0.0846062,0.189235,0.523338,23.3475,2.25507,21.0924
109,loading,0.0853759,0.188196,0.525955,23.4928,2.25862,21.2341
110,loading,0.0861456,0.187167,0.528547,23.6372,2.26203,21.3752
111,loading,0.0869153,0.186148,0.531114,23.7809,2.2653,21.5156
112,loading,0.087685,0.185138,0.533658,23.9238,2.26842,21.6554
113,loading,0.0884546,0.184138,0.536177,24.0659,2.2714,21.7945
114,loading,0.0892243,0.183147,0.538673,24.2072,2.27425,21.933
115,loading,0.089994,0.182165,0.541145,24.3478,2.27696,22.0709
116,loading,0.0907637,0.181193,0.543595,24.4877,2.27954,22.2081
117,loading,0.0915334,0.18023,0.546021,24.6268,2.282,22.3448
118,loading,0.0923031,0.179275,0.548425,24.7651,2.28433,22.4808
119,loading,0.0930728,0.17833,0.550807,24.9027,2.28653,22.6162
120,loading,0.0938425,0.177393,0.553167,25.0396,2.28862,22.751
121,loading,0.0946122,0.176464,0.555506,25.1758,2.29059,22.8852
122,loading,0.0953819,0.175544,0.557823,25.3113,2.29244,23.0188
123,loading,0.0961515,0.174633,0.560118,25.446,2.29419,23.1518
124,loading,0.0969212,0.17373,0.562394,25.5801,2.29582,23.2843
125,loading,0.0976909,0.172835,0.564648,25.7135,2.29735,23.4161
126,loading,0.0984606,0.171948,0.566882,25.8462,2.29877,23.5474
127,loading,0.0992303,0.171069,0.569096,25.9782,2.30009,23.6781
128,loading,0.1,0.170198,0.57129,26.1095,2.30131,23.8082
129,unloading,0.0996875,0.168231,0.57129,26.0566,2.24843,23.8082
130,unloading,0.099375,0.166264,0.57129,26.0044,2.19616,23.8082
131,unloading,0.0990625,0.164297,0.57129,25.9527,2.14451,23.8082
132,unloading,0.09875,0.162331,0.57129,25.9017,2.09348,23.8082
133,unloading,0.0984375,0.160364,0.57129,25.8513,2.04306,23.8082
134,unloading,0.098125,0.158397,0.57129,25.8014,1.99325,23.8082
135,unloading,0.0978125,0.15643,0.57129,25.7523,1.94406,23.8082
136,unloading,0.0975,0.154464,0.57129,25.7037,1.89548,23.8082
137,unloading,0.0971875,0.152497,0.57129,25.6557,1.84752,23.8082
138,unloading,0.096875,0.15053,0.57129,25.6084,1.80017,23.8082
139,unloading,0.0965625,0.148563,0.57129,25.5616,1.75344,23.8082
140,unloading,0.09625,0.146597,0.57129,25.5155,1.70732,23.8082
141,unloading,0.0959375,0.14463,0.57129,25.47,1.66181,23.8082
142,unloading,0.095625,0.142663,0.57129,25.4251,1.61693,23.8082
143,unloading,0.0953125,0.140696,0.57129,25.3808,1.57265,23.8082
144,unloading,0.095,0.138729,0.57129,25.3372,1.52899,23.8082
145,unloading,0.0946875,0.136763,0.57129,25.2941,1.48594,23.8082
146,unloading,0.094375,0.134796,0.57129,25.2517,1.44351,23.8082
147,unloading,0.0940625,0.132829,0.57129,25.2099,1.4017,23.8082
148,unloading,0.09375,0.130862,0.57129,25.1687,1.3605,23.8082
149,unloading,0.0934375,0.128896,0.57129,25.1281,1.31991,23.8082
150,unloading,0.093125,0.126929,0.57129,25.0881,1.27994,23.8082
151,unloading,0.0928125,0.124962,0.57129,25.0488,1.24058,23.8082
152,unloading,0.0925,0.122995,0.57129,25.01,1.20183,23.8082
153,unloading,0.0921875,0.121029,0.57129,24.9719,1.16371,23.8082
154,unloading,0.091875,0.119062,0.57129,24.9344,1.12619,23.8082
155,unloading,0.0915625,0.117095,0.57129,24.8975,1.08929,23.8082
156,unloading,0.09125,0.115128,0.57129,24.8612,1.05301,23.8082
157,unloading,0.0909375,0.113162,0.57129,24.8255,1.01734,23.8082
158,unloading,0.090625,0.111195,0.57129,24.7905,0.982281,23.8082
159,unloading,0.0903125,0.109228,0.57129,24.756,0.94784,23.8082
160,unloading,0.09,0.107261,0.57129,24.7222,0.914013,23.8082
161,unloading,0.0896875,0.105294,0.57129,24.689,0.880801,23.8082
162,unloading,0.089375,0.103328,0.57129,24.6564,0.848204,23.8082
163,unloading,0.0890625,0.101361,0.57129,24.6244,0.816222,23.8082
164,unloading,0.08875,0.0993941,0.57129,24.593,0.784854,23.8082
165,unloading,0.0884375,0.0974274,0.57129,24.5623,0.7541,23.8082
166,unloading,0.088125,0.0954606,0.57129,24.5322,0.723962,23.8082
167,unloading,0.0878125,0.0934938,0.57129,24.5026,0.694437,23.8082
168,unloading,0.0875,0.0915271,0.57129,24.4737,0.665528,23.8082
169,unloading,0.0871875,0.0895603,0.57129,24.4454,0.637233,23.8082
170,unloading,0.086875,0.0875935,0.57129,24.4177,0.609553,23.8082
171,unloading,0.0865625,0.0856268,0.57129,24.3907,0.582487,23.8082
172,unloading,0.08625,0.08366,0.57129,24.3642,0.556036,23.8082
173,unloading,0.0859375,0.0816932,0.57129,24.3384,0.5302,23.8082
174,unloading,0.085625,0.0797265,0.57129,24.3132,0.504978,23.8082
175,unloading,0.0853125,0.0777597,0.57129,24.2886,0.480371,23.8082
176,unloading,0.085,0.0757929,0.57129,24.2646,0.456378,23.8082
177,unloading,0.0846875,0.0738262,0.57129,24.2412,0.433,23.8082
178,unloading,0.084375,0.0718594,0.57129,24.2184,0.410237,23.8082
179,unloading,0.0840625,0.0698926,0.57129,24.1963,0.388088,23.8082
180,unloading,0.08375,0.0679259,0.57129,24.1747,0.366554,23.8082
181,unloading,0.0834375,0.0659591,0.57129,24.1538,0.345634,23.8082
182,unloading,0.083125,0.0639923,0.57129,24.1335,0.325329,23.8082
183,unloading,0.0828125,0.0620256,0.57129,24.1138,0.305639,23.8082
184,unloading,0.0825,0.0600588,0.57129,24.0948,0.286563,23.8082
185,unloading,0.0821875,0.058092,0.57129,24.0763,0.268102,23.8082
186,unloading,0.081875,0.0561253,0.57129,24.0584,0.250256,23.8082
187,unloading,0.0815625,0.0541585,0.57129,24.0412,0.233024,23.8082
188,unloading,0.08125,0.0521917,0.57129,24.0246,0.216407,23.8082
189,unloading,0.0809375,0.050225,0.57129,24.0086,0.200404,23.8082
190,unloading,0.080625,0.0482582,0.57129,23.9932,0.185016,23.8082
191,unloading,0.0803125,0.0462914,0.57129,23.9784,0.170243,23.8082
192,unloading,0.08,0.0443247,0.57129,23.9643,0.156084,23.8082
193,reloading,0.0803125,0.0462914,0.57129,23.9784,0.170243,23.8082
194,reloading,0.080625,0.0482582,0.57129,23.9932,0.185016,23.8082
195,reloading,0.0809375,0.050225,0.57129,24.0086,0.200404,23.8082
196,reloading,0.08125,0.0521917,0.57129,24.0246,0.216407,23.8082
197,reloading,0.0815625,0.0541585,0.57129,24.0412,0.233024,23.8082
198,reloading,0.081875,0.0561253,0.57129,24.0584,0.250256,23.8082
199,reloading,0.0821875,0.058092,0.57129,24.0763,0.268102,23.8082
200,reloading,0.0825,0.0600588,0.57129,24.0948,0.286563,23.8082
201,reloading,0.0828125,0.0620256,0.57129,24.1138,0.305639,23.8082
202,reloading,0.083125,0.0639923,0.57129,24.1335,0.325329,23.8082
203,reloading,0.0834375,0.0659591,0.57129,24.1538,0.345634,23.8082
204,reloading,0.08375,0.0679259,0.57129,24.1747,0.366554,23.8082
205,reloading,0.0840625,0.0698926,0.57129,24.1963,0.388088,23.8082
206,reloading,0.084375,0.0718594,0.57129,24.2184,0.410237,23.8082
207,reloading,0.0846875,0.0738262,0.57129,24.2412,0.433,23.8082
208,reloading,0.085,0.0757929,0.57129,24.2646,0.456378,23.8082
209,reloading,0.0853125,0.0777597,0.57129,24.2886,0.480371,23.8082
210,reloading,0.085625,0.0797265,0.57129,24.3132,0.504978,23.8082
211,reloading,0.0859375,0.0816932,0.57129,24.3384,0.5302,23.8082
212,reloading,0.08625,0.08366,0.57129,24.3642,0.556036,23.8082
213,reloading,0.0865625,0.0856268,0.57129,24.3907,0.582487,23.8082
214,reloading,0.086875,0.0875935,0.57129,24.4177,0.609553,23.8082
215,reloading,0.0871875,0.0895603,0.57129,24.4454,0.637233,23.8082
216,reloading,0.0875,0.0915271,0.57129,24.4737,0.665528,23.8082
217,reloading,0.0878125,0.0934938,0.57129,24.5026,0.694437,23.8082
218,reloading,0.088125,0.0954606,0.57129,24.5322,0.723962,23.8082
219,reloading,0.0884375,0.0974274,0.57129,24.5623,0.7541,23.8082
220,reloading,0.08875,0.0993941,0.57129,24.593,0.784854,23.8082
221,reloading,0.0890625,0.101361,0.57129,24.6244,0.816222,23.8082
222,reloading,0.089375,0.103328,0.57129,24.6564,0.848204,23.8082
223,reloading,0.0896875,0.105294,0.57129,24.689,0.880801,23.8082
224,reloading,0.09,0.107261,0.57129,24.7222,0.914013,23.8082
225,new_maximum,0.0904688,0.110211,0.57129,24.7732,0.964983,23.8082
226,new_maximum,0.0909375,0.113162,0.57129,24.8255,1.01734,23.8082
227,new_maximum,0.0914062,0.116112,0.57129,24.8793,1.07107,23.8082
228,new_maximum,0.091875,0.119062,0.57129,24.9344,1.12619,23.8082
229,new_maximum,0.0923438,0.122012,0.57129,24.9909,1.18269,23.8082
230,new_maximum,0.0928125,0.124962,0.57129,25.0488,1.24058,23.8082
231,new_maximum,0.0932812,0.127912,0.57129,25.108,1.29984,23.8082
232,new_maximum,0.09375,0.130862,0.57129,25.1687,1.3605,23.8082
233,new_maximum,0.0942187,0.133813,0.57129,25.2307,1.42253,23.8082
234,new_maximum,0.0946875,0.136763,0.57129,25.2941,1.48594,23.8082
235,new_maximum,0.0951562,0.139713,0.57129,25.3589,1.55074,23.8082
236,new_maximum,0.095625,0.142663,0.57129,25.4251,1.61693,23.8082
237,new_maximum,0.0960937,0.145613,0.57129,25.4927,1.68449,23.8082
238,new_maximum,0.0965625,0.148563,0.57129,25.5616,1.75344,23.8082
239,new_maximum,0.0970312,0.151513,0.57129,25.632,1.82377,23.8082
240,new_maximum,0.0975,0.154464,0.57129,25.7037,1.89548,23.8082
241,new_maximum,0.0979687,0.157414,0.57129,25.7768,1.96858,23.8082
242,new_maximum,0.0984375,0.160364,0.57129,25.8513,2.04306,23.8082
243,new_maximum,0.0989063,0.163314,0.57129,25.9271,2.11892,23.8082
244,new_maximum,0.099375,0.166264,0.57129,26.0044,2.19616,23.8082
245,new_maximum,0.0998437,0.169214,0.57129,26.083,2.27479,23.8082
246,new_maximum,0.100312,0.169846,0.572176,26.1626,2.30177,23.8609
247,new_maximum,0.100781,0.169322,0.573497,26.2421,2.30245,23.9397
248,new_maximum,0.10125,0.1688,0.574812,26.3214,2.30308,24.0183
249,new_maximum,0.101719,0.16828,0.57612,26.4004,2.30368,24.0967
250,new_maximum,0.102188,0.167764,0.57742,26.4791,2.30424,24.1749
251,new_maximum,0.102656,0.167251,0.578714,26.5577,2.30478,24.2529
252,new_maximum,0.103125,0.16674,0.58,26.6359,2.30527,24.3307
253,new_maximum,0.103594,0.166232,0.58128,26.714,2.30574,24.4082
254,new_maximum,0.104063,0.165727,0.582553,26.7918,2.30617,24.4856
255,new_maximum,0.104531,0.165224,0.583818,26.8693,2.30657,24.5628
256,new_maximum,0.105,0.164724,0.585078,26.9467,2.30693,24.6397
257,new_maximum,0.105469,0.164227,0.58633,27.0238,2.30727,24.7165
258,new_maximum,0.105937,0.163732,0.587576,27.1006,2.30757,24.7931
259,new_maximum,0.106406,0.16324,0.588815,27.1773,2.30785,24.8694
260,new_maximum,0.106875,0.162751,0.590048,27.2537,2.30809,24.9456
261,new_maximum,0.107344,0.162264,0.591274,27.3299,2.3083,25.0215
262,new_maximum,0.107812,0.16178,0.592493,27.4058,2.30849,25.0973
263,new_maximum,0.108281,0.161298,0.593707,27.4815,2.30864,25.1729
264,new_maximum,0.10875,0.160819,0.594913,27.557,2.30877,25.2482
265,new_maximum,0.109219,0.160343,0.596114,27.6323,2.30887,25.3234
266,new_maximum,0.109687,0.159869,0.597308,27.7073,2.30894,25.3984
267,new_maximum,0.110156,0.159397,0.598496,27.7822,2.30898,25.4732
268,new_maximum,0.110625,0.158928,0.599678,27.8568,2.309,25.5478
269,new_maximum,0.111094,0.158461,0.600854,27.9312,2.30899,25.6222
270,new_maximum,0.111562,0.157997,0.602023,28.0053,2.30895,25.6964
271,new_maximum,0.112031,0.157535,0.603187,28.0793,2.30889,25.7704
272,new_maximum,0.1125,0.157075,0.604344,28.153,2.3088,25.8442
273,new_maximum,0.112969,0.156618,0.605495,28.2265,2.30868,25.9179
274,new_maximum,0.113437,0.156164,0.606641,28.2999,2.30854,25.9913
275,new_maximum,0.113906,0.155711,0.607781,28.3729,2.30838,26.0646
276,new_maximum,0.114375,0.155261,0.608915,28.4458,2.30819,26.1376
277,new_maximum,0.114844,0.154813,0.610043,28.5185,2.30798,26.2105
278,new_maximum,0.115312,0.154368,0.611165,28.591,2.30774,26.2832
279,new_maximum,0.115781,0.153924,0.612281,28.6632,2.30748,26.3557
280,new_maximum,0.11625,0.153483,0.613392,28.7353,2.3072,26.4281
281,new_maximum,0.116719,0.153045,0.614497,28.8071,2.3069,26.5002
282,new_maximum,0.117188,0.152608,0.615597,28.8788,2.30657,26.5722
283,new_maximum,0.117656,0.152174,0.616691,28.9502,2.30622,26.644
284,new_maximum,0.118125,0.151742,0.61778,29.0214,2.30585,26.7156
285,new_maximum,0.118594,0.151312,0.618863,29.0924,2.30546,26.787
286,new_maximum,0.119063,0.150884,0.61994,29.1633,2.30505,26.8582
287,new_maximum,0.119531,0.150458,0.621012,29.2339,2.30461,26.9293
288,new_maximum,0.12,0.150035,0.622079,29.3043,2.30416,27.0002
