time_s,step,min_skin_bed_gap_m,vertices_below_1mm,nonfinite_skin_vertices,max_functional_volume_relative_error
0,0,-0.000110551714897,0,0,7.73474653215e-07
0.0310000014724,31,-1.78068876266e-06,0,0,3.90268354522e-07
0.0630000029923,63,1.81049108505e-06,0,0,6.66391201776e-07
0.0950000045123,95,1.91479921341e-06,0,0,5.79971867865e-07
0.127000006032,127,1.81049108505e-06,0,0,3.21180493756e-07
0.159000007552,159,1.76578760147e-06,0,0,2.74339015505e-07
0.191000009072,191,1.60187482834e-06,0,0,2.72733473139e-07
0.223000010592,223,2.9057264328e-07,0,0,8.13096619368e-07
0.255000012112,255,6.40749931335e-07,0,0,4.49003692893e-07
0.287000013632,287,6.03497028351e-07,0,0,3.56633222509e-07
0.319000015152,319,1.04308128357e-07,0,0,7.2802856721e-07
0.351000016672,351,-2.01165676117e-07,0,0,6.07580204814e-07
0.383000018192,383,-5.96046447754e-07,0,0,8.84738938112e-07
0.415000019711,415,-5.58793544769e-07,0,0,7.79879655965e-07
0.447000021231,447,3.72529029846e-08,0,0,7.51123309328e-07
0.479000022751,479,8.94069671631e-07,0,0,2.56947544131e-07
0.511000024271,511,-5.21540641785e-07,0,0,2.16348183812e-07
0.543000025791,543,-7.15255737305e-07,0,0,2.32923554222e-07
0.575000027311,575,-1.49756669998e-06,0,0,4.20467813456e-07
0.607000028831,607,-1.49011611938e-06,0,0,5.8531884406e-07
0.639000030351,639,-1.6838312149e-06,0,0,2.09634578141e-07
0.671000031871,671,-1.79558992386e-06,0,0,8.17890622784e-07
0.703000033391,703,-1.97440385818e-06,0,0,6.09008282026e-07
0.735000034911,735,-1.32620334625e-06,0,0,3.77270822582e-07
0.767000036431,767,-9.53674316406e-07,0,0,5.4842581676e-07
0.79900003795,799,7.30156898499e-07,0,0,4.06267162134e-07
0.83100003947,831,1.54972076416e-06,0,0,5.54379823825e-07
0.86300004099,863,1.460313797e-06,0,0,3.22650095086e-07
0.89500004251,895,1.78068876266e-06,0,0,5.06375158693e-07
0.92700004403,927,1.66893005371e-06,0,0,2.51523488259e-07
0.95900004555,959,1.39325857162e-06,0,0,5.03042599576e-07
0.99100004707,991,8.27014446259e-07,0,0,6.64693573071e-07
1.02300004859,1023,-2.83122062683e-07,0,0,5.35177605343e-07
1.05500005011,1055,-8.94069671631e-07,0,0,4.00685564728e-07
1.08700005163,1087,-1.54972076416e-06,0,0,2.13967041418e-07
1.11900005315,1119,-1.80304050446e-06,0,0,6.05086256655e-07
1.15100005467,1151,-1.9297003746e-06,0,0,7.82818631251e-07
1.18300005619,1183,-1.88499689102e-06,0,0,4.17198549485e-07
1.21500005771,1215,-2.01165676117e-06,0,0,6.39712880002e-07
1.24700005923,1247,-2.00420618057e-06,0,0,4.38696787342e-07
1.27900006075,1279,-1.95950269699e-06,0,0,6.47665558517e-07
1.31100006227,1311,-1.95205211639e-06,0,0,5.22993616414e-07
1.34300006379,1343,-2.08616256714e-06,0,0,4.26739688919e-07
1.37500006531,1375,-1.9297003746e-06,0,0,2.13542222127e-07
1.40700006683,1407,-1.96695327759e-06,0,0,7.33163176392e-07
1.43900006835,1439,-2.04890966415e-06,0,0,3.42006188703e-07
1.47100006987,1471,-2.09361314774e-06,0,0,5.14747910074e-07
1.50300007139,1503,-2.07126140594e-06,0,0,4.29645211852e-07
1.53500007291,1535,-1.92224979401e-06,0,0,1.11794201985e-06
1.56700007443,1567,-2.03400850296e-06,0,0,4.18693076654e-07
1.59900007595,1599,-2.15321779251e-06,0,0,4.72722888389e-07
1.63100007747,1631,-2.07126140594e-06,0,0,6.06210505794e-07
1.66300007899,1663,-2.06381082535e-06,0,0,3.63118317637e-07
1.69500008051,1695,-2.09361314774e-06,0,0,7.30023828055e-07
1.72700008203,1727,-1.95950269699e-06,0,0,3.56501288934e-07
1.75900008355,1759,-2.11596488953e-06,0,0,8.08841264188e-07
1.79100008507,1791,-2.00420618057e-06,0,0,6.90844444762e-07
1.82300008659,1823,-1.96695327759e-06,0,0,8.24870539873e-07
1.85500008811,1855,-2.24262475967e-06,0,0,5.97713608386e-07
1.88700008963,1887,-2.19792127609e-06,0,0,3.00730732761e-07
1.91900009115,1919,-2.14576721191e-06,0,0,3.36898068554e-07
1.95100009267,1951,-2.02655792236e-06,0,0,3.13247397798e-07
1.98300009419,1983,-2.21282243729e-06,0,0,6.70943961723e-07
2.01500009571,2015,-2.21282243729e-06,0,0,3.98790177769e-07
2.04700009723,2047,-2.22027301788e-06,0,0,6.11403891071e-07
2.07900009875,2079,-2.19792127609e-06,0,0,3.51048129232e-07
2.11100010027,2111,-2.16066837311e-06,0,0,2.90837220973e-07
2.14300010179,2143,-2.26497650146e-06,0,0,4.45515382808e-07
2.17500010331,2175,-2.13831663132e-06,0,0,6.63373668885e-07
2.20700010483,2207,-2.20537185669e-06,0,0,5.20302307905e-07
2.23900010635,2239,-2.04145908356e-06,0,0,4.18952367909e-07
2.27100010787,2271,-2.04890966415e-06,0,0,4.62691502889e-07
2.30300010939,2303,-2.01910734177e-06,0,0,2.53299020869e-07
2.33500011091,2335,-2.21282243729e-06,0,0,5.37331629857e-07
2.36700011243,2367,-2.12341547012e-06,0,0,8.25104180535e-08
2.39900011395,2399,-2.11596488953e-06,0,0,9.62766193879e-07
2.43100011547,2431,-2.1904706955e-06,0,0,4.64627419205e-07
2.46300011699,2463,-2.25752592087e-06,0,0,3.05298840431e-07
2.49500011851,2495,-2.1755695343e-06,0,0,4.1523139771e-07
2.52700012003,2527,-2.33203172684e-06,0,0,7.26937173567e-07
2.55900012155,2559,-2.10851430893e-06,0,0,1.73305025442e-07
2.59100012307,2591,-2.20537185669e-06,0,0,8.33408023482e-07
2.62300012459,2623,-2.36928462982e-06,0,0,3.70759465795e-07
2.65500012611,2655,-2.27987766266e-06,0,0,5.14498196935e-07
2.68700012763,2687,-2.20537185669e-06,0,0,4.79091283978e-07
2.71900012915,2719,-2.29477882385e-06,0,0,3.33603509262e-07
2.75100013067,2751,-2.24262475967e-06,0,0,4.52685014807e-07
2.78300013219,2783,-2.22772359848e-06,0,0,6.69438293244e-07
2.81500013371,2815,-2.06381082535e-06,0,0,5.15206295404e-07
2.84700013523,2847,-2.13831663132e-06,0,0,4.57331708503e-07
2.87900013675,2879,-2.23517417908e-06,0,0,5.33136187642e-07
2.91100013827,2911,-2.35438346863e-06,0,0,8.36062838516e-07
2.94300013978,2943,-2.06381082535e-06,0,0,7.51452830627e-07
2.9750001413,2975,-2.22772359848e-06,0,0,3.84957075994e-07
3.00700014282,3007,-2.14576721191e-06,0,0,3.71661997178e-07
3.03900014434,3039,-2.22027301788e-06,0,0,1.8456508144e-07
3.07100014586,3071,-2.27987766266e-06,0,0,5.01075533066e-07
3.10300014738,3103,-2.27987766266e-06,0,0,6.01498072683e-07
3.1350001489,3135,-2.1830201149e-06,0,0,2.6556185162e-07
3.16700015042,3167,-2.1830201149e-06,0,0,3.07673616362e-07
3.19900015194,3199,-2.11596488953e-06,0,0,3.08164203489e-07
3.23100015346,3231,-2.19792127609e-06,0,0,5.46619048691e-07
3.26300015498,3263,-2.22772359848e-06,0,0,9.18755176826e-07
3.2950001565,3295,-2.1755695343e-06,0,0,8.35240541619e-07
3.32700015802,3327,-1.95205211639e-06,0,0,6.68198197218e-07
3.35900015954,3359,-2.08616256714e-06,0,0,7.80914263032e-07
3.39100016106,3391,-2.45869159698e-06,0,0,5.15634951626e-07
3.42300016258,3423,-2.10851430893e-06,0,0,5.95900871758e-07
3.4550001641,3455,-2.25007534027e-06,0,0,8.37930599573e-07
3.48700016562,3487,-2.29477882385e-06,0,0,3.21438619721e-07
3.51900016714,3519,-2.22027301788e-06,0,0,4.68558283728e-07
3.55100016866,3551,-2.33203172684e-06,0,0,4.86092460505e-07
3.58300017018,3583,-2.1904706955e-06,0,0,2.94066296647e-07
3.6150001717,3615,-2.31713056564e-06,0,0,7.43521582081e-07
3.64700017322,3647,-2.30967998505e-06,0,0,4.0085319597e-07
3.67900017474,3679,-2.25007534027e-06,0,0,7.02843067302e-07
3.71100017626,3711,-2.28732824326e-06,0,0,6.7170657303e-07
3.74300017778,3743,-2.1755695343e-06,0,0,4.95144035995e-07
3.7750001793,3775,-2.08616256714e-06,0,0,6.24750782663e-07
3.80700018082,3807,-2.22772359848e-06,0,0,8.10161111531e-07
3.83900018234,3839,-2.20537185669e-06,0,0,2.78822170685e-07
3.87100018386,3871,-2.24262475967e-06,0,0,4.86097007979e-07
3.90300018538,3903,-2.21282243729e-06,0,0,8.36466995224e-07
3.9350001869,3935,-2.22772359848e-06,0,0,3.71763206886e-07
3.96700018842,3967,-2.29477882385e-06,0,0,3.34112428391e-07
3.99900018994,3999,-2.25752592087e-06,0,0,5.3242871445e-07
4.03100019146,4031,-2.33203172684e-06,0,0,3.43766060951e-07
4.06300019298,4063,-2.30222940445e-06,0,0,4.84281144963e-07
4.0950001945,4095,-2.27987766266e-06,0,0,4.8609751957e-07
4.12700019602,4127,-2.33948230743e-06,0,0,2.5058443498e-07
4.15900019754,4159,-2.30222940445e-06,0,0,7.68617724134e-07
4.19100019906,4191,-2.11596488953e-06,0,0,6.68225254685e-07
4.22300020058,4223,-2.12341547012e-06,0,0,3.65848563888e-07
4.2550002021,4255,-2.09361314774e-06,0,0,5.15649276167e-07
4.28700020362,4287,-2.12341547012e-06,0,0,7.43527039049e-07
4.31900020514,4319,-2.37673521042e-06,0,0,5.84697204431e-07
4.35100020666,4351,-2.26497650146e-06,0,0,8.59415422383e-07
4.38300020818,4383,-2.20537185669e-06,0,0,2.56487282968e-07
4.4150002097,4415,-2.20537185669e-06,0,0,8.35281696254e-07
4.44700021122,4447,-2.43633985519e-06,0,0,9.37128675105e-07
4.47900021274,4479,-2.14576721191e-06,0,0,7.48662557726e-07
4.51100021426,4511,-2.12341547012e-06,0,0,3.98139661684e-07
4.54300021578,4543,-2.26497650146e-06,0,0,4.30340833191e-07
4.5750002173,4575,-2.421438694e-06,0,0,7.02846477907e-07
4.60700021882,4607,-2.22027301788e-06,0,0,6.68225368372e-07
4.63900022034,4639,-2.27242708206e-06,0,0,2.79030274442e-07
4.67100022186,4671,-2.15321779251e-06,0,0,6.52727123907e-07
4.70300022338,4703,-2.19792127609e-06,0,0,8.72596274348e-07
4.7350002249,4735,-2.10106372833e-06,0,0,7.99879956048e-07
4.76700022642,4767,-2.1681189537e-06,0,0,6.68225425215e-07
4.79900022794,4799,-2.22772359848e-06,0,0,2.50584520245e-07
4.83100022946,4831,-2.07126140594e-06,0,0,4.64704442038e-07
4.86300023098,4863,-2.1681189537e-06,0,0,7.32897660782e-07
4.8950002325,4895,-2.34693288803e-06,0,0,6.18361809757e-07
4.92700023402,4927,-2.28732824326e-06,0,0,1.54673045927e-07
4.95900023554,4959,-2.32458114624e-06,0,0,4.68068037662e-07
4.99100023706,4991,-2.1830201149e-06,0,0,3.17396967375e-07
5.02300023858,5023,-2.21282243729e-06,0,0,8.75429236658e-07
5.0550002401,5055,-2.19792127609e-06,0,0,2.67630582584e-07
5.08700024162,5087,-2.13086605072e-06,0,0,7.40762288842e-07
5.11900024314,5119,-2.14576721191e-06,0,0,6.8795208108e-07
5.15100024466,5151,-2.1830201149e-06,0,0,5.77510945732e-07
5.18300024618,5183,-2.25752592087e-06,0,0,4.92323181334e-07
5.2150002477,5215,-2.02655792236e-06,0,0,4.89414958338e-07
5.24700024922,5247,-2.04145908356e-06,0,0,3.03144787495e-07
5.27900025074,5279,-2.28732824326e-06,0,0,2.56178765312e-07
5.31100025226,5311,-2.22772359848e-06,0,0,4.08650379313e-07
5.34300025378,5343,-2.13086605072e-06,0,0,4.2462050942e-07
5.3750002553,5375,-2.13831663132e-06,0,0,3.94682217575e-07
5.40700025682,5407,-2.16066837311e-06,0,0,1.07307721464e-06
5.43900025834,5439,-2.25007534027e-06,0,0,2.40439220534e-07
5.47100025986,5471,-2.12341547012e-06,0,0,4.25577923124e-07
5.50300026138,5503,-2.05636024475e-06,0,0,6.33000809103e-07
5.5350002629,5535,-2.1755695343e-06,0,0,3.64131608421e-07
5.56700026442,5567,-2.30222940445e-06,0,0,3.36555984859e-07
5.59900026594,5599,-2.21282243729e-06,0,0,3.69856849147e-07
5.63100026746,5631,-2.34693288803e-06,0,0,4.63728724753e-07
5.66300026898,5663,-2.10851430893e-06,0,0,2.33960761875e-07
5.6950002705,5695,-2.06381082535e-06,0,0,6.46627086098e-07
5.72700027202,5727,-2.1681189537e-06,0,0,6.22548554929e-07
5.75900027354,5759,-2.08616256714e-06,0,0,7.74037005158e-07
5.79100027506,5791,-2.27987766266e-06,0,0,2.26367021128e-07
5.82300027658,5823,-2.1681189537e-06,0,0,4.38269978531e-07
5.8550002781,5855,-2.28732824326e-06,0,0,2.82345837377e-07
5.88700027962,5887,-2.05636024475e-06,0,0,5.07686820583e-07
5.91900028114,5919,-2.25007534027e-06,0,0,6.4357948304e-07
5.95100028266,5951,-2.10851430893e-06,0,0,5.04663546508e-07
5.98300028418,5983,-2.25007534027e-06,0,0,3.50885699163e-07
5.99900028494,5999,-2.11596488953e-06,0,0,3.19683550742e-07
