time_s,lung_volume_ml,airflow_ml_s,alveolar_pa,pleural_pa,diaphragm_mm,rib_mm,PaO2_mmhg,PaCO2_mmhg,SaO2,oxygen_balance_error_stpd_ml,co2_balance_error_stpd_ml,breaths,tidal_ml,lv_mmhg,rv_mmhg,aorta_mmhg,pulmonary_artery_mmhg,lv_ml,rv_ml,blood_ml,blood_error_ml,aortic_ejected_ml,pulmonary_ejected_ml,complete_filling_ejection_cycles,last_lv_stroke_ml,right_atrium_ml,left_atrium_ml,blood_continuity_residual_accum_ml,blood_physical_delta_accum_ml,blood_residual_minus_physical_ml,blood_endpoint_minus_physical_ml,inspired_volume_accum_ml,last_inspiration_step,last_inspiration_time_s,last_inspiration_volume_accum_ml,last_complete_breath_inspired_ml,step,min_contact_gap_m,peak_penetration_m,normal_impulse_ns,root_assistance_n,root_assistance_nm,diaphragm_excitation,intercostal_excitation,diaphragm_activation,intercostal_activation
0.0640000030398,2509.93575901,310.688279569,-41.4217033386,-536.626037598,0.548236370087,-0.0114384153858,100.000053406,40.0000114441,0.972220301628,0.000116415321827,0.000232830643654,0,0,7.28122091632,1.19429222804,81.0829381924,12.5380135535,124.315018184,146.197897266,5149.99963343,0.000931322574615,0,0,0,0,28.5044607153,46.7287791253,-0.000266737743004,-0.000291038304567,2.4300561563e-05,-0.00017462298274,9.93592078657,0,0,0,0,32,-0.000120462682389,0.000120462682389,1.39556539059,0,0,0.0160578750074,0.0100361723453,0.014990478754,0.00938067119569
0.12800000608,2537.26285882,518.148124684,-69.0807495117,-577.684448242,1.86619734764,0.0184141863137,100.000236511,40.0000267029,0.972220420837,0.000116415321827,0.000232830643654,0,0,10.1017307847,2.29766329567,77.7106496277,11.5623502661,127.785053337,153.882661834,5149.99963343,0.00139698386192,0,0,0,0,24.0560966631,45.3071479569,-0.000442718861571,-0.000409272615798,-3.3446245773e-05,-5.63886715099e-05,37.2629197045,0,0,0,0,64,-1.97396775548e-06,1.97396775548e-06,1.32276368141,0,0,0.0319535769522,0.0199709869921,0.0308435745537,0.0193022228777
0.19200000912,2574.63217713,634.255353361,-84.5604400635,-611.487548828,3.46233296394,0.125810235739,100.000320435,40.0000267029,0.972220480442,0.000116415321827,0.000232830643654,0,0,60.3892740267,15.5825969928,74.5049787453,12.5369862475,127.785053337,148.083403474,5149.99916777,0.00139698386192,0,5.82918937653,0,0,24.3894028245,44.9362814834,-0.000278924397468,-0.000279214873444,2.90475976605e-07,-0.000652107701171,74.6322238001,0,0,0,0,96,1.524299023e-06,0,1.50951087475,0,0,0.0475266128778,0.0297041330487,0.046388361603,0.0290301050991
0.256000012159,2617.44414456,694.501097314,-92.5925445557,-640.511779785,5.1920838356,0.280769467354,99.999961853,40.0000038147,0.972220242023,0.000116415321827,0.000232830643654,0,0,105.92497026,24.1341577926,101.832278316,21.2729384055,94.4683561102,110.679815407,5150.00056475,0.00139698386192,33.316668123,43.232794269,0,0,29.4194360322,48.7152501591,0.000158000765249,0.000150976120494,7.02464475477e-06,0.000314685166813,117.444165426,0,0,0,0,128,-3.98036127081e-06,3.98036127081e-06,1.42833292484,0,0,0.062619715929,0.0391373261809,0.0614694617689,0.0384667143226
0.320000015199,2662.86241822,719.205185305,-95.8861541748,-666.075378418,6.97323608398,0.462568432093,99.999961853,40.0000038147,0.972220242023,0.000116415321827,0.000232830643654,0,0,113.385233584,25.1129936427,111.723048788,23.8458455495,69.4798800396,89.7221107152,5150.00056475,0.00139698386192,58.3051514695,64.1904844088,0,0,34.6702363458,51.9956411154,0.000211263048722,0.000238287611865,-2.70245631429e-05,0.000227373675443,162.862398042,0,0,0,0,160,-1.97440476768e-06,1.97440476768e-06,1.39807081223,0,0,0.077080488205,0.0481753088534,0.0759360045195,0.0475173071027
0.384000018239,2709.0057265,719.274510629,-95.895401001,-688.710205078,8.74679660797,0.658903479576,99.9998245239,39.9999961853,0.972220122814,0.000116415321827,0.000232830643654,0,0,110.934107068,23.2445840311,110.583841496,22.8548688102,61.0067363596,81.4427621663,5149.99963343,0.00139698386192,66.7782878736,72.4698475096,0,0,37.0414527424,54.1608023923,0.000188831214554,8.36735125631e-05,0.000105157701991,-0.000549334799871,209.005705074,0,0,0,0,192,-5.02183638673e-06,5.02183638673e-06,1.41192805767,0,0,0.0907629281282,0.0567268319428,0.0896430686116,0.0560909509659
0.448000021279,2754.51922789,700.931879692,-93.4499130249,-708.581481934,10.4662809372,0.86220407486,99.9998245239,39.9999961853,0.972220122814,0.000232830643654,0.000232830643654,0,0,68.0834921046,13.1578086979,105.242135882,20.3912644625,60.6856992817,80.7880787761,5150.00056475,0.00139698386192,67.0993249514,73.1245163479,1,67.0993249514,38.7710642826,55.8846295462,0.000680640474537,0.000647560227662,3.30802468751e-05,-0.000181898940355,254.519291275,0,0,0,0,224,-9.14299380383e-06,9.14299380383e-06,1.39789128304,0,0,0.10352884233,0.0647055283189,0.102453112602,0.0641014054418
0.512000024319,2798.36030677,668.025575578,-89.0627670288,-725.691040039,12.09349823,1.06742727757,99.9998245239,39.9999961853,0.972220122814,0.000232830643654,0.000232830643654,0,0,5.07648211934,-0.758181196126,100.810934703,18.5102964469,65.9464130877,89.6454585018,5150.00056475,0.00139698386192,67.0993249514,73.1245163479,1,67.0993249514,33.3329553541,53.6483166798,0.00053021147195,0.00042564352043,0.00010456795152,4.0017766878e-05,298.360447914,0,0,0,0,256,-1.70099690422e-06,1.70099690422e-06,1.41729056835,0,0,0.115249305964,0.0720308199525,0.114237308502,0.0714679956436
0.576000027359,2839.69799057,623.422325589,-83.1161575317,-740.013671875,13.5970048904,1.27087438107,100.000053406,40.0000114441,0.972220301628,0.000232830643654,0.000232830643654,0,0,4.64177419105,-0.865206831848,96.6028182445,16.7727282652,98.7387829809,106.47016461,5150.00149608,0.00139698386192,67.0993249514,73.1245163479,1,67.0993249514,27.4328667729,48.1439783471,0.000807777886247,0.00082582118921,-1.80433029628e-05,0.000571162672713,339.698142852,0,0,0,0,288,-1.09002630779e-05,1.09002630779e-05,1.39902591705,0,0,0.12580601871,0.0786287635565,0.124876879156,0.07811640203
0.640000030398,2877.86428817,569.585768972,-75.9385375977,-751.550170898,14.9520835876,1.46939396858,100.000053406,40.0000114441,0.972220301628,0.000232830643654,0.000232830643654,0,0,6.25131458944,-0.464647014465,92.5791700545,15.0458222747,114.335227408,114.196962386,5150.00009909,0.00139698386192,67.0993249514,73.1245163479,1,67.0993249514,27.8655188595,47.9565242131,0.000575401989944,0.000507498043589,6.79039463547e-05,-0.000507498043589,377.864318693,0,0,0,0,320,-2.41784368882e-06,2.41784368882e-06,1.40597808361,0,0,0.135092392564,0.0844327434897,0.13426426053,0.0839794427156
0.704000033438,2912.34115139,508.746947162,-67.8273620605,-760.344116211,16.1415405273,1.65990912914,100.000144958,40.0000152588,0.972220361233,0.000232830643654,0.000232830643654,0,0,7.09744758981,-0.141345507939,88.7302554474,13.5749663573,122.534256661,120.433447591,5150.00103042,0.00186264514923,67.0993249514,73.1245163479,1,67.0993249514,28.6929844151,48.1063252664,0.000642562489328,0.000629370333627,1.31921557012e-05,0.000301952240989,412.341283777,0,0,0,0,352,-1.78135326223e-06,1.78135326223e-06,1.41271281242,0,0,0.143014669418,0.089384175837,0.142304226756,0.088997758925
0.768000036478,2942.76233763,443.330296548,-59.1058540344,-766.539123535,17.1563358307,1.83922815323,99.9998703003,40.0000038147,0.972220122814,0.000232830643654,0.000232830643654,0,0,7.58707060982,0.15199179057,85.048427311,12.4004342048,127.278704895,126.091923448,5150.00056475,0.00186264514923,67.0993249514,73.1245163479,1,67.0993249514,29.5269564958,48.3351395815,0.000559137666722,0.000500222085975,5.89155807473e-05,-3.45607986674e-05,442.76228266,0,0,0,0,384,-1.45421984143e-06,1.45421984143e-06,1.42405509949,0,0,0.149492770433,0.0934329852462,0.148914590478,0.093120239675
0.832000039518,2968.90921891,375.621952116,-50.0788154602,-770.332763672,17.9961299896,2.00382637978,99.999961853,40.0000114441,0.972220242023,0.000232830643654,0.000232830643654,0,0,7.89612674331,0.424172977204,81.5265512707,11.4902712897,130.273459945,131.342298118,5150.00009909,0.00186264514923,67.0993249514,73.1245163479,1,67.0993249514,30.3159940813,48.5537711938,0.000655991747034,0.000718500814401,-6.25090673667e-05,-0.000718500814401,468.909365168,0,0,0,0,416,-1.2851082829e-06,1.2851082829e-06,1.41213476658,0,0,0.154461234808,0.0965382680297,0.154027432203,0.0963048115373
0.896000042558,2990.70123583,307.572016027,-41.00623703,-771.945495605,18.6684932709,2.14990305901,100.000053406,40.0000152588,0.972220301628,0.000232830643654,0.000232830643654,0,0,8.1196244003,0.722715104017,78.1580056891,10.7966968951,132.439148729,137.101174914,5150.00103042,0.00186264514923,67.0993249514,73.1245163479,1,67.0993249514,29.7781662084,48.3698859171,0.000429541777147,0.000418367562816,1.11742143316e-05,0.0005129550118,490.70112135,0,0,0,0,448,-1.06704806058e-06,1.06704806058e-06,1.41248166561,0,0,0.157869905233,0.0986686870456,0.157589763403,0.0985187590122
0.960000045598,3008.16865638,240.660447162,-32.0854263306,-771.589538574,19.1871986389,2.27352690697,99.9998703003,40,0.972220122814,0.000232830643654,0.000232830643654,0,0,8.35556692659,1.18287249019,74.9364692464,10.2902689066,134.725429234,145.977610373,5150.00056475,0.00186264514923,67.0993249514,73.1245163479,1,67.0993249514,24.6600920946,46.5016855742,-0.000163669036657,-8.18545231596e-05,-8.18145134973e-05,0.000547515810467,508.168527517,0,0,0,0,480,-1.58218631441e-06,1.58218631441e-06,1.4109467268,0,0,0.159684345126,0.0998027250171,0.159563973546,0.0997390970588
1.02400004864,3021.42463624,176.258268766,-23.499174118,-769.503112793,19.5695323944,2.3709962368,99.9997329712,39.9999885559,0.97222006321,0.000232830643654,0.000232830643654,0,0,36.0868284929,8.38782543421,71.85634578,9.94508859172,135.111811687,148.509483552,5150.00009909,0.00186264514923,67.0993249514,73.1245163479,1,67.0993249514,24.0157169173,45.3838802059,4.1985123711e-05,1.36424205266e-05,2.83427031844e-05,-1.36424205266e-05,521.424372039,0,0,0,0,512,-2.37320568885e-06,2.37320568885e-06,1.4137994051,0,0,0.15988625586,0.0999289155006,0.159975573421,0.0999868363142
1.08800005168,3030.82144819,120.472439448,-16.061674118,-766.673156738,19.8368396759,2.44129061699,100.009101868,39.992225647,0.972226858139,0.000232830643654,0.000232830643654,0,0,97.6983329848,20.6631324844,92.4549777301,17.2861798405,112.363944936,119.932949019,5149.99963343,0.00186264514923,89.8471771507,101.70105088,1,67.0993249514,26.3240144704,46.895333071,-0.000115552831192,-0.000161890056916,4.63372257231e-05,-0.000303771230392,530.821106423,0,0,0,0,544,-2.3872185011e-06,2.3872185011e-06,1.41350638866,0,0,0.158473461866,0.0990459173918,0.159403145313,0.0996589362621
1.15200005472,3036.82708181,69.0995657351,-9.21251964569,-762.768798828,20.0105438232,2.48529100418,100.01599884,39.9863471985,0.972231924534,0.000232830643654,0.000232830643654,0,0,113.378560673,23.7966905132,110.889462289,22.1213320284,77.2952771513,93.5219431994,5150.00056475,0.00186264514923,124.915881315,128.112049424,1,67.0993249514,33.2600502588,51.1493853992,0.000334305985672,0.000378349795938,-4.40438102656e-05,8.73114913702e-05,536.826650702,0,0,0,0,576,-2.56724752035e-06,2.56724752035e-06,1.35564851761,0,0,0.155459806323,0.0971623808146,0.157570034266,0.0985842719674
1.21600005776,3039.57844153,18.4471373359,-2.45941638947,-757.364746094,20.1039009094,2.50100183487,100.017715454,39.9850082397,0.972233176231,0.000232830643654,0.000232830643654,0,0,113.717077233,22.9053001964,112.923791894,22.2688722168,63.4089374216,81.9314955152,5150.00103042,0.00186264514923,138.802206493,139.702504384,1,67.0993249514,36.1981255992,53.2213925908,0.000741248021296,0.000709405867383,3.18421539136e-05,0.000221916707233,539.578068945,0,0,0,0,608,-2.452723038e-06,2.452723038e-06,1.41144990921,0,0,0.150876224041,0.0942976474762,0.154262930155,0.0966102480888
1.2800000608,3039.07552734,-32.7259622281,4.36310338974,-750.295654297,20.1248455048,2.48585581779,100.018119812,39.9848937988,0.972233474255,0.000232830643654,0.000232830643654,0,0,95.6972653881,18.2591118856,108.144405392,20.3111419181,61.1046561971,79.3127110228,5150.00056475,0.00186264514923,141.106502269,142.321310705,2,74.0071336622,38.1827740057,54.9736541871,0.000769469890582,0.000736690708436,3.27791821464e-05,-0.000271029421128,539.774407493,0,0,0,0,640,-2.48134756475e-06,2.48134756475e-06,1.41314661503,0,0,0.144769355655,0.0904808416963,0.149453133345,0.0937031432986
1.34400006384,3035.25663912,-85.1806908031,11.3564929962,-741.429748535,20.0773010254,2.43756151199,100.018348694,39.9849510193,0.972233593464,0.000232830643654,0.000465661287308,0,0,22.7283545178,2.59897343193,103.502022326,18.3512526286,61.1046561971,79.9327317509,5150.00056475,0.00186264514923,141.106502269,142.321310705,2,74.0071336622,39.1310932173,56.2537970836,0.000717234341363,0.00074396666605,-2.67323246872e-05,-0.000278305378743,539.774407493,0,0,0,0,672,-2.50664493251e-06,2.50664493251e-06,1.4152418375,0,0,0.137200951576,0.0857506021857,0.143178939819,0.0898774042726
1.40800006688,3028.04051898,-138.862204039,18.5134410858,-730.73449707,19.9611339569,2.35480809212,100.018348694,39.9849891663,0.972233593464,0.000232830643654,0.000465661287308,0,0,3.58037457136,-1.14136021691,99.1750240371,16.7966712708,88.4538239916,101.14316683,5150.00009909,0.00186264514923,141.106502269,142.321310705,2,74.0071336622,27.7287599602,48.1934730487,0.000606558428484,0.000596628524363,9.92990412119e-06,-0.000596628524363,539.774407493,0,0,0,0,704,-2.54968449553e-06,2.54968449553e-06,1.41103649139,0,0,0.128247380257,0.0801546126604,0.135508567095,0.0851700007915
1.47200006992,3017.35079847,-193.672676687,25.8209037781,-718.185546875,19.7738227844,2.23713183403,100.018623352,39.9850387573,0.972233831882,0.000232830643654,0.000465661287308,0,0,5.65506736819,-0.65214647122,95.0412032283,15.1336779979,108.557593194,110.580098408,5150.00103042,0.00186264514923,141.106502269,142.321310705,2,74.0071336622,27.4748890661,47.6634813822,0.000323222407173,0.000378349795938,-5.5127388765e-05,0.000552972778678,539.774407493,0,0,0,0,736,-2.53912025983e-06,2.53912025983e-06,1.41134428978,0,0,0.117999061942,0.0737494155765,0.126528277993,0.0796311199665
1.53600007296,3003.11530009,-249.699805863,33.2905769348,-703.735717773,19.5099525452,2.08507800102,100.018623352,39.9850730896,0.972233831882,0.000232830643654,0.000465661287308,0,0,6.70023358429,-0.303927529098,91.0869137596,13.6393194796,118.685253256,117.297240649,5150.00056475,0.00186264514923,141.106502269,142.321310705,2,74.0071336622,28.2577038888,47.7067223983,0.000321673424009,0.000341970007867,-2.0296583858e-05,0.000123691279441,539.774407493,0,0,0,0,768,-2.55919144365e-06,2.55919144365e-06,1.41132938862,0,0,0.106559500098,0.066599689424,0.116338208318,0.0733204185963
1.600000076,2985.24065875,-307.428825181,40.9871444702,-687.274597168,19.1588382721,1.90055477619,100.018623352,39.9850997925,0.972233831882,0.000232830643654,0.000465661287308,0,0,7.27937048364,0.00437696313609,87.304376672,12.418380014,124.297090224,123.24443378,5150.00056475,0.00186264514923,141.106502269,142.321310705,2,74.0071336622,29.1159321932,47.9034097225,0.000598813512664,0.000591171556152,7.64195651204e-06,-0.000125510268845,539.774407493,0,0,0,0,800,-2.63200354311e-06,2.63200354311e-06,1.41365230083,0,0,0.0940448194742,0.0587780103087,0.105050265789,0.0663052871823
1.66400007904,2963.59136701,-367.743487004,49.0284423828,-668.617980957,18.7019424438,1.68727374077,100.018531799,39.985118866,0.972233772278,0.000232830643654,0.000465661287308,0,0,7.6315391347,0.289072507857,83.6861719228,11.4617713304,127.709601657,128.736210172,5150.00056475,0.00186264514923,141.106502269,142.321310705,2,74.0071336622,29.9375533359,48.1171373394,0.000561531335319,0.000540239852853,2.1291482466e-05,-7.45785655454e-05,539.774407493,0,0,0,0,832,-2.63322544924e-06,2.63322544924e-06,1.41146421432,0,0,0.0805811807513,0.0503632426262,0.092786476016,0.0586597435176
1.72800008208,2937.95857579,-432.136643212,57.6134910583,-647.464355469,18.1101150513,1.45116949081,100.018440247,39.9851379395,0.972233653069,0.000232830643654,0.000465661287308,0,0,7.86395247113,0.557499895878,80.2252090863,10.7274773454,129.961685161,133.914174512,5149.99963343,0.00186264514923,141.106502269,142.321310705,2,74.0071336622,30.6057700072,48.2733194076,0.000355857635026,0.000320142135024,3.57155000019e-05,-0.000785803422332,539.774407493,0,0,0,0,864,-2.635048304e-06,2.635048304e-06,1.4160554409,0,0,0.0663042664528,0.041440166533,0.0796767175198,0.0504629015923
1.79200008512,2907.99629875,-503.493007272,67.1268920898,-623.259460449,17.3367080688,1.20154821873,100.018119812,39.9851493835,0.972233474255,0.000232830643654,0.000465661287308,0,0,8.08579288757,0.982027411541,76.9151009192,10.1793958519,132.111323182,142.103308463,5150.00009909,0.00186264514923,141.106502269,142.321310705,2,74.0071336622,26.5670969384,46.9799961138,0.00032597220756,0.000354702933691,-2.87307261315e-05,-0.000354702933691,539.774407493,0,0,0,0,896,-2.71994144896e-06,2.71994144896e-06,1.41103279591,0,0,0.0513581298292,0.0320988334715,0.0658578798175,0.0417984761298
1.85600008816,2873.08637053,-587.701157201,78.3537216187,-594.915161133,16.303483963,0.953366100788,100.018119812,39.9851722717,0.972233474255,0.000232830643654,0.000465661287308,0,0,16.6322363849,3.46953424946,73.7498996677,9.79497281347,133.343914058,148.13488815,5150.00056475,0.00186264514923,141.106502269,142.321310705,2,74.0071336622,23.8733700826,45.4036271549,0.000254392132359,0.000231921148952,2.24709834074e-05,0.000233740138356,539.774407493,0,0,0,0,928,-2.78696165879e-06,2.78696165879e-06,1.41323459148,0,0,0.0358937121928,0.0224335696548,0.0514720715582,0.0327538102865
1.9200000912,2832.06277527,-695.500755683,92.7258224487,-560.427856445,14.8711652756,0.732166111469,100.0311203,39.9745330811,0.972242891788,0.000232830643654,0.000465661287308,0,0,79.5752851257,16.9941282768,75.638091787,13.4468964562,130.048880237,134.069472551,5150.00103042,0.00186264514923,144.401521538,156.386740855,2,74.0071336622,24.6166000579,45.2225685876,0.000655304435715,0.000612999428995,4.230500672e-05,0.000318323145621,539.774407493,0,0,0,0,960,-2.69093493444e-06,2.69093493444e-06,1.41267764568,0,0,0.020067114383,0.0125419478863,0.0366649702191,0.0234188772738
1.98400009423,2783.48033316,-821.489724331,109.522972107,-519.809143066,12.8688402176,0.569054305553,100.127204895,39.8966598511,0.972312808037,0.000232830643654,0.000465661287308,0,0,109.794548184,23.0417268015,106.270254953,20.7652661132,87.6193953445,101.190264104,5149.99963343,0.00186264514923,186.830991879,189.265949302,2,74.0071336622,31.1198091367,49.5798340125,0.000534569014055,0.000518411980011,1.6157034044e-05,-0.000984073267318,539.774407493,0,0,0,0,992,-2.73055957223e-06,2.73055957223e-06,1.40982806683,0,0,0.00403901562095,0.00252438499592,0.021584181115,0.0138854011893
2.04800009727,2727.63078101,-885.439338163,118.04888916,-483.898376465,10.2601976395,0.480614602566,100.149040222,39.8790855408,0.972328662872,0.000232830643654,0.000465661287308,0,0,114.071342156,23.2605484765,112.749468501,22.2971020734,66.9119253871,84.8480485729,5150.00056475,0.00186264514923,207.538425457,205.608143006,2,74.0071336622,35.295390262,52.0392932231,0.000951629178236,0.000978616299108,-2.69871208713e-05,-0.0005129550118,539.774407493,0,0,0,0,1024,-3.22561459143e-06,3.22561459143e-06,1.41357529163,0,0,0,0,0.00953011587262,0.00620372686535
2.11200010031,2673.84760082,-783.054507338,104.398696899,-471.176940918,7.64644289017,0.42826578021,100.15397644,39.8753700256,0.972332239151,0.000232830643654,0.000465661287308,0,0,109.742454064,21.1527545888,109.954053466,21.0312321614,60.9388080193,79.0073900134,5150.00103042,0.00186264514923,213.511535549,211.448787013,3,72.4050842109,37.5583258574,53.933064919,0.000956101600669,0.000965883373283,-9.78177261413e-06,-3.45607986674e-05,539.774407493,0,0,0,0,1056,-3.43744227393e-06,3.43744227393e-06,1.41113746166,0,0,0,0,0.00421494385228,0.00275887688622
2.17600010335,2628.66728008,-631.024304312,84.1296691895,-469.292602539,5.51693725586,0.362921357155,100.153388977,39.875869751,0.972331762314,0.000232830643654,0.000465661287308,0,0,51.5222094206,8.62373774562,104.868833752,18.8004179205,60.9388080193,78.9857003838,5150.00009909,0.00186264514923,213.511535549,211.470469367,3,72.4050842109,39.2410365748,55.3908794245,0.000948651560084,0.00101863406599,-6.99825059014e-05,-0.00101863406599,539.774407493,0,0,0,0,1088,-3.70328098143e-06,3.70328098143e-06,1.41630995274,0,0,0,0,0.00188063387759,0.00123394711409
2.24000010639,2593.29541586,-481.884460896,64.2459869385,-471.832275391,3.92125368118,0.288666784763,100.15297699,39.8760986328,0.972331464291,0.000232830643654,0.000465661287308,0,0,2.21957934025,-1.48600856675,100.47297483,17.1922426855,74.5577708585,94.1528851399,5150.00196174,0.00186264514923,213.511535549,211.470469367,3,72.4050842109,29.9479033856,49.5415661135,0.000815790726638,0.00088220986072,-6.64191340816e-05,0.000980435288511,539.774407493,0,0,0,0,1120,-3.89168963011e-06,3.89168963011e-06,1.41356003284,0,0,0,0,0.000842372479383,0.000553305668291
2.30400010943,2566.75085984,-356.102333171,47.4764137268,-475.586212158,2.7661883831,0.219252258539,100.152572632,39.8763122559,0.972331225872,0.000232830643654,0.000465661287308,0,0,4.92411579012,-0.817963230207,96.2839175528,15.5626203772,101.474674011,107.381492853,5150.00056475,0.00186264514923,213.511535549,211.470469367,3,72.4050842109,27.3030400422,47.4952430523,0.000409985559391,0.00040017766878,9.80789061078e-06,6.54836185277e-05,539.774407493,0,0,0,0,1152,-4.16242073698e-06,4.16242073698e-06,1.41145598888,0,0,0,0,0.0003779696126,0.000248386175372
2.36800011247,2547.34908231,-257.733219769,34.3616104126,-479.187713623,1.94321537018,0.161644786596,100.152572632,39.8765487671,0.972331225872,0.000232830643654,0.000465661287308,0,0,6.25784420874,-0.435939585343,92.2776584857,13.9950841596,114.398499136,114.750728244,5149.99963343,0.00186264514923,213.511535549,211.470469367,3,72.4050842109,27.9328451143,47.4010121252,0.000244571210506,0.000260115484707,-1.55442742011e-05,-0.000725776772015,539.774407493,0,0,0,0,1184,-7.33906108508e-06,7.33906108508e-06,1.40907728672,0,0,0,0,0.000169725244632,0.00011156067194
2.43200011551,2533.40392374,-184.090458788,24.5433807373,-482.168182373,1.36235702038,0.116800837219,100.152305603,39.8767623901,0.972330987453,0.000232830643654,0.000465661287308,0,0,6.96986890953,-0.113374373451,88.445092877,12.6789485854,121.298020531,120.97301078,5150.00149608,0.00186264514923,213.511535549,211.470469367,3,72.4050842109,28.7936527457,47.5615306641,0.000381649115089,0.00040017766878,-1.85285536913e-05,0.000996806193143,539.774407493,0,0,0,0,1216,-5.95751725996e-06,5.95751725996e-06,1.41225528717,0,0,0,0,7.62407653383e-05,5.01180729771e-05
2.49600011855,2523.48720096,-130.397544126,17.3849124908,-484.464141846,0.954290211201,0.0832938179374,100.152076721,39.8769607544,0.97233080864,0.000232830643654,0.000465661287308,0,0,7.38812712314,0.181770031133,84.7789032315,11.6346947672,125.350939925,126.66634575,5150.00009909,0.00186264514923,213.511535549,211.470469367,3,72.4050842109,29.6385278489,47.7750036225,0.0005515114615,0.000531144905835,2.03665556642e-05,-0.000531144905835,539.774407493,0,0,0,0,1248,-6.03756598139e-06,6.03756598139e-06,1.41486477852,0,0,0,0,3.42527855537e-05,2.25175954256e-05
2.56000012159,2516.48132689,-91.8980658753,12.2520694733,-486.161773682,0.668204069138,0.0589135698974,100.151664734,39.8771514893,0.972330570221,0.000232830643654,0.000465661287308,0,0,7.65539424249,0.456031795714,81.2720357475,10.8280050073,127.94075883,131.956854602,5150.00103042,0.00186264514923,213.511535549,211.470469367,3,72.4050842109,30.4345121549,47.972669563,0.00036225840383,0.000409272615798,-4.7014211968e-05,0.000522049958818,539.774407493,0,0,0,0,1280,-5.86914438827e-06,5.86914438827e-06,1.41258776188,0,0,0,0,1.53898763529e-05,1.01174227893e-05
2.62400012463,2511.55206934,-64.5675245323,8.60829639435,-487.388549805,0.467845290899,0.0414611883461,100.151481628,39.8773422241,0.972330391407,0.000232830643654,0.000465661287308,0,0,7.86560604926,0.79889197386,77.9177882147,10.2163019579,129.97770682,138.570627314,5150.00056475,0.00186264514923,213.511535549,211.470469367,3,72.4050842109,28.7570983346,47.4531370855,0.0004085076305,0.000454747350886,-4.6239720386e-05,1.09139364213e-05,539.774407493,0,0,0,0,1312,-5.85891984883e-06,5.85891984883e-06,1.40634918213,0,0,0,0,6.91493687555e-06,4.54597056887e-06
2.68800012767,2508.09267163,-45.2775420854,6.03650999069,-488.264129639,0.327579438686,0.0290946662426,100.151298523,39.877532959,0.972330272198,0.000232830643654,0.000465661287308,0,0,8.34997992008,1.32501256943,74.7099638351,9.7760125167,132.067099912,147.375787492,5150.00103042,0.00186264514923,213.511535549,211.470469367,3,72.4050842109,23.8514421653,45.5568588222,0.000456138862792,0.000438376446255,1.77624165376e-05,0.000492946128361,539.774407493,0,0,0,0,1344,-5.55118276679e-06,5.55118276679e-06,1.41133642197,0,0,0,0,3.10704308504e-06,2.04261755243e-06
2.75200013071,2505.66774048,-31.7195226671,4.2289223671,-488.88269043,0.229419454932,0.020379209891,100.150947571,39.877696991,0.972330033779,0.000232830643654,0.000465661287308,0,0,49.2132979481,11.779492726,71.6430543442,9.99654270595,132.067099912,146.503210999,5150.00056475,0.00186264514923,213.511535549,213.250503293,3,72.4050842109,24.1229681706,44.7319798695,0.00049640976052,0.000536601874046,-4.01921135262e-05,-7.09405867383e-05,539.774407493,0,0,0,0,1376,-6.35157857687e-06,6.35157857687e-06,1.41258144379,0,0,0,0,1.39607618621e-06,9.17803731681e-07
2.81600013375,2503.96970659,-22.2060261876,2.96056056023,-489.31842041,0.160730406642,0.0142594100907,100.321357727,39.7476196289,0.97245323658,0.000232830643654,0.000465661287308,0,0,102.353732257,21.6127130031,97.6997979488,18.6257960411,101.575598819,111.90330406,5150.00103042,0.00186264514923,244.003065745,247.850402957,3,72.4050842109,27.9071791738,47.3753134429,0.00083570499132,0.000814907252789,2.07977385314e-05,0.000116415321827,539.774407493,0,0,0,0,1408,-5.12587303092e-06,5.12587303092e-06,1.41465973854,0,0,0,0,6.27295662525e-07,4.12394939531e-07
2.88000013679,2502.78110616,-15.5401194206,2.07184576988,-489.624359131,0.112665295601,0.00997001584619,100.400047302,39.6879997253,0.972509920597,0.000232830643654,0.000465661287308,0,0,112.881088193,23.4649549056,110.885323766,22.083823456,72.321810876,89.5082848729,5150.00196174,0.00232830643654,273.256882792,270.245451247,3,72.4050842109,34.1756858688,50.9769415658,0.00123656478113,0.00121690391097,1.96608701541e-05,0.000645741238259,539.774407493,0,0,0,0,1440,-6.14666760157e-06,6.14666760157e-06,1.41251325607,0,0,0,0,2.8186155987e-07,1.85300606859e-07
2.94400013983,2501.94896944,-10.8791264211,1.45043110847,-489.83770752,0.0790151953697,0.00696994597092,100.418113708,39.6739196777,0.97252291441,0.000232830643654,0.000465661287308,0,0,111.618596854,22.1093101675,111.079519396,21.6328342839,61.6249672021,80.2115755505,5150.00103042,0.00232830643654,283.953704638,279.542116914,3,72.4050842109,36.8249493476,52.9847056896,0.000822304155323,0.000833097146824,-1.07929915005e-05,9.82254277915e-05,539.774407493,0,0,0,0,1472,-6.17868045083e-06,6.17868045083e-06,1.41263008118,0,0,0,0,1.26648302512e-07,8.32607582879e-08
3.00800014287,2501.36666,-7.61516730563,1.01527225971,-489.987365723,0.0554578863084,0.00487147876993,100.418434143,39.6737747192,0.972523093224,0.000232830643654,0.000465661287308,0,0,81.134819893,15.0409009112,105.893854424,19.4807508716,60.6053508818,78.8462202763,5150.00103042,0.00232830643654,284.973270027,280.907435808,4,71.4617781341,38.7071049772,54.6348746866,0.000726848067845,0.000829459168017,-0.000102611100172,0.000101863406599,539.774407493,0,0,0,0,1504,-3.78855520466e-06,3.78855520466e-06,1.41322493553,0,0,0,0,5.69066287426e-08,3.74113824364e-08
3.07200014591,2500.95920637,-5.33082766196,0.710718691349,-490.092132568,0.0389552488923,0.00340554909781,100.41771698,39.6743392944,0.972522616386,0.000232830643654,0.000465661287308,0,0,10.760106672,0.428395163727,101.414536502,17.6676674574,60.8170303167,83.7283369037,5150.00149608,0.00232830643654,284.973270027,280.907435808,4,71.4617781341,36.1897546099,55.6369959668,0.000936973318377,0.000962245394476,-2.52720760985e-05,0.000434738467447,539.774407493,0,0,0,0,1536,-4.52978065368e-06,4.52978065368e-06,1.41357433796,0,0,0,0,2.55697436558e-08,1.68099827391e-08
3.13600014895,2500.67352317,-3.73434863832,0.497872292995,-490.164916992,0.0273941289634,0.0023805575911,100.416984558,39.6748161316,0.972522079945,0.000232830643654,0.000465661287308,0,0,4.02620684124,-1.01407578838,97.1842404877,16.1061055461,92.7739383769,103.598482383,5150.00103042,0.00232830643654,284.973270027,280.907435808,4,71.4617781341,27.4096473731,47.5359120173,0.000517809947698,0.000583895598538,-6.60856508405e-05,0.000347426976077,539.774407493,0,0,0,0,1568,-3.77041260435e-06,3.77041260435e-06,1.41253936291,0,0,0,0,1.14892051428e-08,7.55319540247e-09
3.20000015199,2500.47352165,-2.61690706793,0.348892301321,-490.215789795,0.019289303571,0.00166421208996,100.416351318,39.6752929688,0.972521603107,0.000232830643654,0.000465661287308,0,0,5.76560485456,-0.573437502636,93.1402805716,14.4795990332,109.628701466,112.098394311,5150.00056475,0.00232830643654,284.973270027,280.907435808,4,71.4617781341,27.6368282357,47.2226383863,0.000508942374355,0.000451109372079,5.7833002276e-05,1.45519152284e-05,539.774407493,0,0,0,0,1600,-3.76604293706e-06,3.76604293706e-06,1.41496288776,0,0,0,0,5.1624220454e-09,3.39386319048e-09
3.26400015503,2500.3333576,-1.83573638424,0.244744762778,-490.251220703,0.0136033464223,0.00116348057054,100.415809631,39.6757507324,0.97252124548,0.000232830643654,0.000465661287308,0,0,6.66083291929,-0.233414104272,89.2718086949,13.0610221878,118.303461932,118.657444546,5150.00103042,0.00232830643654,284.973270027,280.907435808,4,71.4617781341,28.4689449472,47.3206127936,0.000541783659602,0.000592990545556,-5.12068859537e-05,0.00033833202906,539.774407493,0,0,0,0,1632,-3.7591914861e-06,3.7591914861e-06,1.41715312004,0,0,0,0,2.31962093977e-09,1.52495804873e-09
3.32800015807,2500.23510307,-1.28708938973,0.171597838402,-490.276184082,0.00961108319461,0.00081377022434,100.415122986,39.6761894226,0.972520709038,0.000232830643654,0.000465661287308,0,0,7.16792014157,0.072325888607,85.5710605483,11.9164284062,123.217134387,124.555168441,5150.00056475,0.00232830643654,284.973270027,280.907435808,4,71.4617781341,29.3310513371,47.5260676467,0.000601440827697,0.000552972778678,4.84680490187e-05,-8.73114913702e-05,539.774407493,0,0,0,0,1664,-3.91229332308e-06,3.91229332308e-06,1.41438925266,0,0,0,0,1.04227071418e-09,6.85206502649e-10
3.39200016111,2500.16595237,-0.904485261799,0.1205881387,-490.293304443,0.00680922856554,0.000568021612708,100.414772034,39.6766242981,0.972520470619,0.000232830643654,0.000465661287308,0,0,7.48228951643,0.35541838188,82.0310995272,11.0249822376,126.263374113,130.016022013,5150.00056475,0.00232830643654,284.973270027,280.907435808,4,71.4617781341,30.1497311739,47.7333487652,0.000339165293073,0.000394720700569,-5.55554074966e-05,7.09405867383e-05,539.774407493,0,0,0,0,1696,-3.85326302421e-06,3.85326302421e-06,1.41318225861,0,0,0,0,4.68321437186e-10,3.07882469519e-10
3.45600016415,2500.1175236,-0.63477796175,0.0846301168203,-490.305511475,0.00483018578961,0.000399265409214,100.414360046,39.6770477295,0.972520172596,0.000232830643654,0.000465661287308,0,0,7.69813410984,0.638551605158,78.6450110015,10.3431394579,128.354906337,135.477661388,5150.00009909,0.00232830643654,284.973270027,280.907435808,4,71.4617781341,30.347289794,47.7493776998,0.000488222948181,0.000474756234325,1.34667138552e-05,-0.000474756234325,539.774407493,0,0,0,0,1728,-1.06733023131e-05,1.06733023131e-05,1.41456890106,0,0,0,0,2.10429951242e-10,1.38340214284e-10
3.52000016719,2500.08329749,-0.447544636017,0.0596677213907,-490.313690186,0.00343644013628,0.000281268876279,100.413856506,39.6774559021,0.972519814968,0.000232830643654,0.000465661287308,0,0,7.92080406215,1.09602873666,75.4064956259,9.84032352137,130.512577016,144.302393892,5150.00009909,0.00232830643654,284.973270027,280.907435808,4,71.4617781341,25.487082894,46.1360577901,0.000273603514844,0.000243744580075,2.98589347691e-05,-0.000243744580075,539.774407493,0,0,0,0,1760,-1.09603961391e-05,1.09603961391e-05,1.41197419167,0,0,0,0,9.45520883811e-11,6.21601242701e-11
3.58400017023,2500.05931593,-0.316218120133,0.0421589575708,-490.319458008,0.00246331677772,0.000194773863768,100.413230896,39.6778335571,0.972519397736,0.000232830643654,0.000465661287308,0,0,25.1476620161,5.8324223211,72.3097814421,9.49340173049,131.254812004,148.42566452,5150.00056475,0.00232830643654,284.973270027,280.907435808,4,71.4617781341,24.0096360358,44.8120954388,0.000310856604346,0.000405634636991,-9.47780326443e-05,6.0026650317e-05,539.774407493,0,0,0,0,1792,-1.29794680106e-05,1.29794680106e-05,1.41178786755,0,0,0,0,4.24849044833e-11,2.79302813516e-11
3.64800017327,2500.0423193,-0.223544844857,0.029803533107,-490.323455811,0.00177511537913,0.000133658802952,100.513832092,39.6085510254,0.972591519356,0.000232830643654,0.000465661287308,0,0,89.0510459426,19.0021745959,83.9150505758,15.4386606159,118.877636851,125.573671539,5150.00009909,0.00232830643654,297.350459732,303.759385133,4,71.4617781341,25.4400874837,45.4469991382,0.000410423292574,0.000465661287308,-5.52379947338e-05,-0.000465661287308,539.774407493,0,0,0,0,1824,-1.10393930299e-05,1.10393930299e-05,1.41401791573,0,0,0,0,1.90896569385e-11,1.25498621911e-11
3.71200017631,2500.0302121,-0.157320116045,0.0209742933512,-490.32635498,0.00127803510986,9.49810419115e-05,100.680992126,39.493473053,0.972710907459,0.000232830643654,0.000465661287308,0,0,110.192688779,23.2665438417,107.311587999,21.3466737068,80.4635492386,96.2088888627,5150.00056475,0.00232830643654,335.764576448,333.124160534,4,71.4617781341,32.5847322529,49.9137750012,0.000618470205604,0.000651198206469,-3.2728000865e-05,-0.000185536919162,539.774407493,0,0,0,0,1856,-1.10573937491e-05,1.10573937491e-05,1.41246986389,0,0,0,0,8.57751977085e-12,5.63900445436e-12
3.77600017935,2500.02206303,-0.110121675334,0.0146816847846,-490.328643799,0.000924169784412,6.88516884111e-05,100.718681335,39.4676742554,0.972737669945,0.000232830643654,0.000465661287308,0,0,112.117409776,22.8027783522,111.115257193,22.0306837176,63.9762220089,82.6866016723,5150.00056475,0.00232830643654,352.251867298,346.646411344,4,71.4617781341,35.9564292012,52.0753710589,0.000578225065051,0.000585714587942,-7.48952289076e-06,-0.000120053300634,539.774407493,0,0,0,0,1888,-1.09914990389e-05,1.09914990389e-05,1.41294121742,0,0,0,0,3.85412058171e-12,2.53376247934e-12
3.84000018239,2500.01600944,-0.0794842591745,0.0105970315635,-490.329772949,0.000672009249683,5.05737552885e-05,100.724113464,39.4637680054,0.972741544247,0.000232830643654,0.000465661287308,0,0,102.309673464,19.7087798454,107.102413112,20.3274451363,60.2966065344,78.7728931755,5150.00103042,0.00232830643654,355.931551894,350.560061634,5,70.9581727278,38.0761848646,53.8990498171,0.00112503699412,0.00107138475869,5.36522354322e-05,-0.000140062184073,539.774407493,0,0,0,0,1920,-1.11891540655e-05,1.11891540655e-05,1.41295862198,0,0,0,0,1.73176447141e-12,1.13849056051e-12
3.90400018543,2500.01181848,-0.0546160379145,0.00728154089302,-490.33102417,0.000494715175591,3.77652795578e-05,100.722801208,39.4647102356,0.972740650177,0.000232830643654,0.000465661287308,0,0,34.4246693339,5.00778583645,102.411459164,18.2445135192,60.2966065344,78.7728931755,5150.00103042,0.00232830643654,355.931551894,350.560061634,5,70.9581727278,39.670845581,55.2588680875,0.00134116633077,0.00140425981954,-6.30934887669e-05,-0.000472937244922,539.774407493,0,0,0,0,1952,-1.03974834929e-05,1.03974834929e-05,1.40924012661,0,0,0,0,7.78130218679e-13,5.11555858437e-13
3.96800018847,2500.00879169,-0.039285090736,0.00523758213967,-490.331573486,0.00037636331399,2.67774594249e-05,100.722129822,39.4653396606,0.97274017334,0.000232830643654,0.000465661287308,0,0,2.86548746822,-1.28558935773,98.1329365344,16.6843689606,81.5265666461,98.3609861578,5150.00103042,0.00232830643654,355.931551894,350.560061634,5,70.9581727278,28.3547087747,47.9788905068,0.00137112281251,0.00142426870298,-5.31458904662e-05,-0.000492946128361,539.774407493,0,0,0,0,1984,-1.30551134134e-05,1.30551134134e-05,1.41115367413,0,0,0,0,3.49635820513e-13,2.29856335788e-13
4.03200019151,2500.00669621,-0.0294713320415,0.00392918847501,-490.331848145,0.000275090045761,2.33328064496e-05,100.721443176,39.4659309387,0.972739636898,0.000232830643654,0.000465661287308,0,0,5.17688388593,-0.724653720655,94.0485655859,15.0398900861,103.923994175,109.1814338,5150.00103042,0.00232830643654,355.931551894,350.560061634,5,70.9581727278,27.4001940852,47.1580569865,0.00151863148445,0.00156433088705,-4.56994025955e-05,-0.000633008312434,539.774407493,0,0,0,0,2016,-1.1995447494e-05,1.1995447494e-05,1.41439795494,0,0,0,0,1.57101165844e-13,1.03280909216e-13
4.09600019455,2500.00506639,-0.02252680531,0.00300332764164,-490.332000732,0.0001926926343,2.23643419304e-05,100.72063446,39.4665222168,0.972739100456,0.000232830643654,0.000465661287308,0,0,6.32238686085,-0.359671040798,90.1417409513,13.5245010937,115.023918625,116.221948701,5150.0024274,0.00232830643654,355.931551894,350.560061634,5,70.9581727278,28.1390184682,47.15162504,0.00178386287686,0.00182808435056,-4.42214737051e-05,0.000500222085975,539.774407493,0,0,0,0,2048,-1.25236965687e-05,1.25236965687e-05,1.41281807423,0,0,0,0,7.05899639956e-14,4.64070174975e-14
4.16000019759,2500.00390224,-0.0150905989926,0.00201191473752,-490.332427979,0.000141595155583,1.91082017409e-05,100.720039368,39.4670753479,0.972738683224,0.000232830643654,0.000465661287308,0,0,6.94738125409,-0.0422427309488,86.4042881313,12.2735756459,121.080112876,122.345139971,5150.00149608,0.00232830643654,355.931551894,350.560061634,5,70.9581727278,29.0084972221,47.3345680803,0.00181369146091,0.00182808435056,-1.43928896579e-05,-0.00043110048864,539.774407493,0,0,0,0,2080,-1.16866240205e-05,1.16866240205e-05,1.41142690182,0,0,0,0,3.17180465649e-14,2.08519724924e-14
4.22400020063,2500.00320375,-0.00976437330991,0.0013018095633,-490.332763672,0.000117611023597,1.38849882205e-05,100.719276428,39.4676132202,0.972738146782,0.000232830643654,0.000465661287308,0,0,7.32212820524,0.249776278775,82.8290361271,11.2888002823,124.711412354,127.978186356,5150.00149608,0.00279396772385,355.931551894,350.560061634,5,70.9581727278,29.8480590573,47.5474516861,0.00190749731288,0.00191357685253,-6.07953964948e-06,-0.000516592990607,539.774407493,0,0,0,0,2112,-1.2312249055e-05,1.2312249055e-05,1.41128897667,0,0,0,0,1.42518070641e-14,9.36937447792e-15
4.28800020367,2500.00250526,-0.00633666497052,0.000844819296617,-490.332885742,0.00010074833699,1.0944800124e-05,100.718406677,39.4681243896,0.972737491131,0.000232830643654,0.000465661287308,0,0,7.56552098916,0.521429448887,79.4090410092,10.5310128525,127.069884911,133.218374685,5150.00149608,0.00279396772385,355.931551894,350.560061634,5,70.9581727278,30.6355323119,47.7372559544,0.00187621211623,0.00196268956643,-8.64774502007e-05,-0.000565705704503,539.774407493,0,0,0,0,2144,-1.22467345136e-05,1.22467345136e-05,1.41090023518,0,0,0,0,6.4037350997e-15,4.20992188389e-15
4.35200020671,2500.0020396,-0.00417113676932,0.000556105922442,-490.332977295,8.87075439095e-05,9.34685249376e-06,100.717781067,39.4686203003,0.972737073898,0.000232830643654,0.000465661287308,0,0,7.77814861315,0.912362249521,76.1378935601,9.96071060174,129.130246933,140.759468195,5150.0024274,0.00279396772385,355.931551894,350.560061634,5,70.9581727278,27.6181781373,46.8195576104,0.00179426522251,0.00180079950951,-6.53428700037e-06,0.000527506927028,539.774407493,0,0,0,0,2176,-1.16900382636e-05,1.16900382636e-05,1.41185295582,0,0,0,0,2.87737748633e-15,1.89163590594e-15
4.41600020975,2500.0020396,-0.00272476308183,0.000363271916285,-490.3331604,8.1191152276e-05,8.17812997411e-06,100.716819763,39.4690933228,0.972736358643,0.000232830643654,0.000465661287308,0,0,11.1973691313,2.17653709518,73.0097558982,9.55556839408,130.734566483,148.506791447,5150.00149608,0.00279396772385,355.931551894,350.560061634,5,70.9581727278,23.6928135564,45.134442189,0.00186124364532,0.00191812432604,-5.68806807211e-05,-0.000521140464116,539.774407493,0,0,0,0,2208,-8.82895983523e-06,8.82895983523e-06,1.41070377827,0,0,0,0,1.29288642085e-15,8.4996511062e-16
4.48000021279,2500.00180677,-0.00177802106371,0.00023705001513,-490.3331604,7.63506468502e-05,7.39646202419e-06,100.716194153,39.4695625305,0.97273594141,0.000232830643654,0.000465661287308,0,0,64.9435175335,14.7920932541,70.019112434,11.6068705225,130.734566483,140.312869917,5150.0024274,0.00279396772385,355.931551894,358.768447768,5,70.9581727278,24.3235808739,44.5328332717,0.00208778859478,0.00208183337236,5.9552224263e-06,0.00024647306418,539.774407493,0,0,0,0,2240,-1.15264101623e-05,1.15264101623e-05,1.41225683689,0,0,0,0,5.80930029457e-16,3.81913179873e-16
4.54400021583,2500.00180677,-0.00116214449175,0.00015493988758,-490.333251953,7.31015170459e-05,6.91132709107e-06,100.913017273,39.35679245,0.972875356674,0.000232830643654,0.000465661287308,0,0,105.172974931,22.4093421226,101.1927263,19.820468702,92.2010804061,105.451101263,5150.00196174,0.00279396772385,394.464994315,393.630150938,5,70.9581727278,29.7422848234,48.2470204588,0.00195274994785,0.00195905158762,-6.30163976556e-06,-9.64064383879e-05,539.774407493,0,0,0,0,2272,-1.03539387055e-05,1.03539387055e-05,1.41336762905,0,0,0,0,2.61028131652e-16,1.71604322312e-16
4.60800021887,2500.00180677,-0.000759294127572,0.000101230907603,-490.333312988,7.09865125827e-05,6.59124816593e-06,100.969459534,39.3246688843,0.972915172577,0.000232830643654,0.000465661287308,0,0,111.799344114,23.262401656,110.219651442,22.1242088515,68.213463237,86.551415734,5150.00149608,0.00279396772385,418.452662416,412.529858295,5,70.9581727278,34.9174479197,51.1771722813,0.00175300217398,0.00168074620888,7.22559651001e-05,-0.000283762346953,539.774407493,0,0,0,0,2304,-9.05180695554e-06,9.05180695554e-06,1.41142416,0,0,0,0,1.17287249308e-16,7.71066334159e-17
4.67200022191,2500.00180677,-0.000495740559714,6.60933146719e-05,-490.333343506,6.96668939781e-05,6.36703089185e-06,100.983100891,39.3171310425,0.972924828529,0.000232830643654,0.000465661287308,0,0,109.155853173,21.5268514622,108.847046083,21.1918068671,60.2714208071,79.1913844296,5150.00149608,0.00279396772385,426.394719398,419.889867771,5,70.9581727278,37.3457260139,53.1347432116,0.00132821841026,0.00132604327518,2.17513507206e-06,7.09405867383e-05,539.774407493,0,0,0,0,2336,-1.06845700429e-05,1.06845700429e-05,1.4076038599,0,0,0,0,5.27004510668e-17,3.46461787154e-17
4.73600022495,2500.00180677,-0.000324786170181,4.33012683061e-05,-490.333374023,6.87373903929e-05,6.23887262918e-06,100.981468201,39.3182220459,0.972923636436,0.000232830643654,0.000465661287308,0,0,64.3566016752,11.5467264249,103.588682272,18.9392873531,60.0554049015,78.7259850767,5150.00149608,0.00279396772385,426.610698923,420.35523802,6,70.6791761331,39.1215689888,54.6865812794,0.00106590557214,0.00106228981167,3.61576046881e-06,0.000334694050252,539.774407493,0,0,0,0,2368,-9.61001296673e-06,9.61001296673e-06,1.41363930702,0,0,0,0,2.36797854223e-17,1.55674961149e-17
4.80000022799,2500.00180677,-0.000212157874602,2.82853943645e-05,-490.333374023,6.81478413753e-05,6.14889950157e-06,100.980735779,39.318813324,0.972923159599,0.000232830643654,0.000465661287308,0,0,4.08737824491,-1.0359176007,99.2402222606,17.2461149059,66.1550511722,89.4161639735,5150.00009909,0.00279396772385,426.610698923,420.35523802,6,70.6791761331,32.5215260091,51.9194363733,0.000249584339307,0.000138243194669,0.000111341144637,-0.000138243194669,539.774407493,0,0,0,0,2400,-9.54304050538e-06,9.54304050538e-06,1.41259932518,0,0,0,0,1.06399936136e-17,6.99491222935e-18
4.86400023103,2500.00180677,-0.00013832324175,1.84415857802e-05,-490.333374023,6.77703210386e-05,6.08792151979e-06,100.980155945,39.3193397522,0.972922742367,0.000232830643654,0.000465661287308,0,0,4.4352540936,-0.900244193082,95.1074782003,15.6454512739,96.7376035987,105.794293631,5150.00056475,0.00279396772385,426.610698923,420.35523802,6,70.6791761331,27.3189689324,47.2173196613,0.00050293545717,0.000531144905835,-2.82094486659e-05,-6.54836185277e-05,539.774407493,0,0,0,0,2432,-9.36023934628e-06,9.36023934628e-06,1.41093850136,0,0,0,0,4.78084668739e-18,3.14301087656e-18
4.92800023407,2500.00180677,-9.0313256873e-05,1.20407794384e-05,-490.333404541,6.75202827551e-05,6.04934666626e-06,100.979606628,39.3198547363,0.972922325134,0.000232830643654,0.000465661287308,0,0,5.92418858262,-0.493907753628,91.1555253492,14.0506557383,111.165376438,113.632522698,5149.99963343,0.00279396772385,426.610698923,420.35523802,6,70.6791761331,27.8164225165,47.0430204587,0.000315522705185,0.000394720700569,-7.9197995384e-05,-0.000860381987877,539.774407493,0,0,0,0,2464,-1.16741302918e-05,1.16741302918e-05,1.41260254383,0,0,0,0,2.14816799167e-18,1.41224297827e-18
4.99200023711,2500.00180677,-5.8979432449e-05,7.86327927926e-06,-490.333404541,6.73567265039e-05,6.024243703e-06,100.978614807,39.3203277588,0.972921669483,0.000232830643654,0.000465661287308,0,0,6.70670597843,-0.162250787645,87.3747828426,12.6919345758,118.74797201,120.030184917,5150.00009909,0.00279396772385,426.610698923,420.35523802,6,70.6791761331,28.6736540147,47.1808634757,0.000129218399869,7.45785655454e-05,5.46398343237e-05,-7.45785655454e-05,539.774407493,0,0,0,0,2496,-1.04455320979e-05,1.04455320979e-05,1.41114914417,0,0,0,0,9.65231990307e-19,6.34560439982e-19
5.05600024015,2503.45258974,195.159271243,-26.0191001892,-518.044494629,0.18922843039,-0.00356098730117,100.977836609,39.3208007812,0.972921073437,0.000232830643654,0.000465661287308,1,539.775006473,7.15938581058,0.139164371086,83.7580357326,11.6068577041,123.134435853,125.844482682,5150.00009909,0.00279396772385,426.610698923,420.35523802,6,70.6791761331,29.5311510854,47.3920445074,6.05799715947e-05,4.91127138957e-05,1.1467257699e-05,-4.91127138957e-05,543.225434484,2509,5.01800023834,539.774517553,539.774540812,2528,-9.24076357478e-06,9.24076357478e-06,1.41455280781,0,0,0.00975468754768,0.0060966797173,0.00873029511422,0.00546256033704
5.12000024319,2524.85391684,444.536126452,-59.266620636,-561.785827637,1.2981852293,-0.0049788900651,100.977073669,39.3212356567,0.972920536995,0.000232830643654,0.000465661287308,1,539.775006473,7.44506111839,0.418801823982,80.2983034658,10.7659408912,125.902632135,131.238688482,5150.00056475,0.00279396772385,426.610698923,420.35523802,6,70.6791761331,30.3411779896,47.5939705211,0.000185770496208,0.000223735696636,-3.79652004279e-05,0.000241925590672,564.626687719,2509,5.01800023834,539.774517553,539.774540812,2560,-1.07761507024e-05,1.07761507024e-05,1.41196537018,0,0,0.0253811422735,0.0158632136881,0.0243117865175,0.0152140017599
5.18400024623,2558.50190297,588.39621488,-78.4463882446,-597.464294434,2.79409766197,0.0727577209473,100.976249695,39.3216743469,0.972920000553,0.000232830643654,0.000465661287308,1,539.775006473,7.65413116883,0.730508540903,76.9890010289,10.1254512989,127.928520669,137.251510751,5150.00056475,0.00279396772385,426.610698923,420.35523802,6,70.6791761331,29.6489197353,47.3635191156,0.000614966730317,0.000636646291241,-2.16795609242e-05,-0.000170985003933,598.274578806,2509,5.01800023834,539.774517553,539.774540812,2592,-8.77584898262e-06,8.77584898262e-06,1.41160511971,0,0,0.0407445393503,0.0254653375596,0.0396435260773,0.0248085893691
5.24800024927,2598.98579679,665.841740556,-88.7716140747,-627.640075684,4.46522808075,0.207849428058,100.975669861,39.322101593,0.972919583321,0.000232830643654,0.000465661287308,1,539.775006473,7.87690733104,1.19806107687,73.8239242994,9.65921642937,130.087224534,146.270598634,5150.00056475,0.00279396772385,426.610698923,420.35523802,6,70.6791761331,24.5333721978,45.5362387584,0.000827966126216,0.000846739567351,-1.8773441135e-05,-0.000381078280043,638.758673404,2509,5.01800023834,539.774517553,539.774540812,2624,-1.01154573713e-05,1.01154573713e-05,1.4121991396,0,0,0.055695194751,0.0348094962537,0.0545772351325,0.0341531820595
5.31200025231,2642.97379181,702.197372448,-93.6186294556,-654.055847168,6.21527194977,0.375855207443,100.974983215,39.3225097656,0.972919106483,0.000232830643654,0.000465661287308,1,539.775006473,36.6517369292,8.9657693035,70.7975943117,9.34327679621,130.376516609,148.568346049,5150.00056475,0.00279396772385,426.610698923,420.35523802,6,70.6791761331,24.0868557739,44.5054902229,0.000751927839437,0.000735781213734,1.61466257032e-05,-0.000270119926427,682.746589746,2509,5.01800023834,539.774517553,539.774540812,2656,-8.9505520009e-06,8.9505520009e-06,1.41301178932,0,0,0.0700878202915,0.0438048914075,0.0689691379666,0.043157491833
5.37600025535,2688.32617439,710.984109901,-94.7901000977,-677.465026855,7.97922372818,0.562112569809,101.060371399,39.2938842773,0.972979128361,0.000232830643654,0.000465661287308,1,539.775006473,95.9266128295,20.5503870226,90.9347772466,17.2561096229,107.966727228,117.644187412,5150.00103042,0.00279396772385,449.020502856,451.279309345,6,70.6791761331,26.6590468527,46.1795571027,0.000556227772175,0.000562067725696,-5.83995352077e-06,0.00036925484892,728.099062826,2509,5.01800023834,539.774517553,539.774540812,2688,-1.70065213752e-05,1.70065213752e-05,1.41465163231,0,0,0.0837826803327,0.0523641780019,0.0826807022095,0.0517345741391
5.44000025839,2733.55143145,699.773896486,-93.2955322266,-698.145935059,9.70744228363,0.757785558701,101.123748779,39.2725753784,0.973023593426,0.000232830643654,0.000465661287308,1,539.775006473,110.384320722,23.3641250948,108.045908537,21.7565157021,74.8523452785,92.1476748772,5150.00056475,0.00279396772385,482.134899357,476.775865536,6,70.6791761331,33.5936820193,50.2711045556,0.000690435084105,0.000763975549489,-7.3540465384e-05,-0.000298314262182,773.324129682,2509,5.01800023834,539.774517553,539.774540812,2720,-2.26324336836e-05,2.26324336836e-05,1.41704332829,0,0,0.0966458767653,0.0604036785662,0.0955787301064,0.0598008930683
5.50400026143,2777.5298804,673.102040309,-89.7395706177,-716.153991699,11.3595962524,0.957243442535,101.138023376,39.2676124573,0.973033607006,0.000232830643654,0.000465661287308,1,539.775006473,110.454463199,22.3610971952,109.724918445,21.7573031202,61.8758131168,81.0655255918,5150.00103042,0.00279396772385,495.111511555,487.85796389,6,70.6791761331,36.5095911548,52.3352682649,0.00112544355779,0.0012332748156,-0.000107831257812,-0.000301952240989,817.302539872,2509,5.01800023834,539.774517553,539.774540812,2752,-1.83672636922e-05,1.83672636922e-05,1.41210281849,0,0,0.10855396837,0.0678462311625,0.107539892197,0.0672791898251
5.56800026447,2819.38002445,634.103023913,-84.5401306152,-731.475036621,12.9024400711,1.15653300285,101.138969421,39.2675285339,0.973034262657,0.000232830643654,0.000465661287308,1,539.775006473,91.05351258,17.4106212088,104.987239469,19.7540563895,59.8753867962,78.6907985457,5150.00009909,0.00279396772385,497.111992445,490.232778247,7,70.5011480022,38.4980048693,54.0727014595,0.00119111813468,0.00121690391097,-2.5785776292e-05,-0.00121690391097,859.152917087,2509,5.01800023834,539.774517553,539.774540812,2784,-3.70524367099e-06,3.70524367099e-06,1.4133887291,0,0,0.119393140078,0.0746207088232,0.118450187147,0.0740981027484
5.63200026751,2858.39685239,585.247995332,-78.0266647339,-744.092773438,14.309299469,1.35250592232,101.138206482,39.2679176331,0.973033726215,0.000232830643654,0.000465661287308,1,539.775006473,19.8401376751,2.11732691209,100.504552129,17.8178519058,59.8753867962,79.9924164312,5150.00056475,0.00279396772385,497.111992445,490.232778247,7,70.5011480022,38.8650514651,55.3374702577,0.00129242021252,0.00122417986859,6.82403439312e-05,-0.000758518581279,898.169614061,2509,5.01800023834,539.774517553,539.774540812,2816,-3.75553167942e-06,3.75553167942e-06,1.41589796543,0,0,0.129060268402,0.0806626752019,0.128205731511,0.0801927223802
5.69600027055,2894.02343333,528.772710823,-70.4972381592,-754.032226562,15.560333252,1.54229879379,101.137382507,39.2682151794,0.973033189774,0.000232830643654,0.000465661287308,1,539.775006473,3.46879055132,-1.12385378247,96.3141324356,16.2678796911,87.3725730344,101.480865851,5150.00103042,0.00279396772385,497.111992445,490.232778247,7,70.5011480022,27.6739028777,47.4625849165,0.00116555280705,0.00110958353616,5.59692708846e-05,-0.000178260961547,933.796339154,2509,5.01800023834,539.774517553,539.774540812,2848,-3.81511699743e-06,3.81511699743e-06,1.41357433796,0,0,0.137463718653,0.0859148278832,0.136713638902,0.0855050981045
5.76000027359,2925.84905401,466.999947093,-62.2615509033,-761.401672363,16.6434669495,1.7229578495,101.136924744,39.2685165405,0.973032832146,0.000232830643654,0.000465661287308,1,539.775006473,5.43304749365,-0.638767973476,92.3101440627,14.6268984181,106.406223495,110.838169348,5150.00196174,0.00279396772385,497.111992445,490.232778247,7,70.5011480022,27.5295751635,46.9997394248,0.00157988448712,0.0015388650354,4.10194517242e-05,0.000323780113831,965.621949433,2509,5.01800023834,539.774517553,539.774540812,2880,-3.9190631469e-06,3.9190631469e-06,1.41138350964,0,0,0.144524306059,0.0903276875615,0.143893137574,0.0899849012494
5.82400027663,2953.6052607,402.10201405,-53.6092033386,-766.359130859,17.5547771454,1.89127874374,101.136161804,39.2687911987,0.973032295704,0.000232830643654,0.000465661287308,1,539.775006473,6.42804052343,-0.287597930015,88.4799736702,13.1646152869,116.047704068,117.612238682,5150.00149608,0.00279396772385,497.111992445,490.232778247,7,70.5011480022,28.3330609818,47.0583581773,0.00145927696316,0.00147701939568,-1.77424325232e-05,-8.0035533756e-05,993.378031978,2509,5.01800023834,539.774517553,539.774540812,2912,-3.84827444577e-06,3.84827444577e-06,1.41196513176,0,0,0.150176092982,0.0938600599766,0.149676129222,0.0935899093747
5.88800027966,2977.16446221,336.16553992,-44.8183937073,-769.120117188,18.2984218597,2.04379320145,101.135566711,39.2690620422,0.973031878471,0.000232830643654,0.000465661287308,1,539.775006473,6.98252894543,0.0242057406268,84.8156738283,11.974015226,121.420693176,123.626930872,5150.00149608,0.00279396772385,497.111992445,490.232778247,7,70.5011480022,29.2025652016,47.2561732749,0.00153381289614,0.00160980562214,-7.59927260008e-05,-0.000212821760215,1016.9372249,2509,5.01800023834,539.774517553,539.774540812,2944,-3.88606576962e-06,3.88606576962e-06,1.41103351116,0,0,0.154367014766,0.0964793860912,0.154008090496,0.096286393702
5.9520002827,2996.51734531,270.88393108,-36.1148948669,-769.906005859,18.8853054047,2.17682504654,101.135169983,39.2693367004,0.973031640053,0.000232830643654,0.000465661287308,1,539.775006473,7.32143005833,0.312163945923,81.3104178047,11.0427403483,124.704645714,129.181644297,5150.00103042,0.00279396772385,497.111992445,490.232778247,7,70.5011480022,30.0331703329,47.4665794172,0.00151148053795,0.00143336364999,7.81168879582e-05,-0.000502041075379,1036.29015371,2509,5.01800023834,539.774517553,539.774540812,2976,-3.83855012842e-06,3.83855012842e-06,1.4105540514,0,0,0.157059058547,0.0981619209051,0.156848341227,0.0980493351817
6.00000028498,3008.31906497,223.052964429,-29.7379550934,-769.315795898,19.2318267822,2.26162433624,101.13457489,39.2695198059,0.97303122282,0.000232830643654,0.000465661287308,1,539.775006473,7.49664021236,0.514948585424,78.7817727172,10.4892018639,126.402432215,133.093359182,5150.00149608,0.00279396772385,497.111992445,490.232778247,7,70.5011480022,30.6223046209,47.607038141,0.00168881068852,0.00170621206053,-1.740137201e-05,-0.000309228198603,1048.09206439,2509,5.01800023834,539.774517553,539.774540812,3000,-3.79791003979e-06,3.79791003979e-06,1.41407597065,0,0,0.158079952002,0.0987999811769,0.157983288169,0.0987490043044
