time_s,step,min_skin_bed_gap_m,vertices_below_1mm,nonfinite_skin_vertices,max_functional_volume_relative_error,q_ra,q_rv,q_la,q_lv,ra_target_ml,rv_target_ml,la_target_ml,lv_target_ml,diaphragm_swept_ml,rib_swept_ml,lung_target_ml,body_com_x_m,body_com_y_m,body_com_z_m,represented_body_mass_kg,ventricular_wall_bound,ventricular_material_ml,ventricular_material_target_ml,ventricular_closure_mm,ventricular_material_status,functional_geometry_status
0,0,-0.000110551714897,0,0,6.33778313386e-07,-0.31223398447,0.0542525686324,-0.0350566618145,0.0582944639027,32.2639498336,138.358649565,47.7374887851,118.755349831,0,0,2499.99994412,-0.0250191260129,-0.756986141205,0.115114875138,72,1,164.012977621,164.012890309,-1.09461159445,0,0
0.0620000029448,31,-4.96208667755e-06,0,0,4.68807854759e-07,-0.344409584999,0.0746050179005,-0.0415468327701,0.074126496911,28.6943213723,145.909027196,46.7807112727,124.165206216,10.1212253867,-0.745808506508,2509.37533565,-0.0249562002718,-0.756189107895,0.109253332019,72,1,164.012948517,164.012890309,-1.40656286385,0,0
0.126000005985,63,-4.30643558502e-06,0,0,1.33086325604e-06,-0.391378343105,0.0951465070248,-0.0516734831035,0.0844648480415,24.0499975916,153.819695697,45.3135216958,127.785053337,35.5510492227,0.818786077161,2536.3699533,-0.0248575173318,-0.752568006516,0.106915600598,72,1,164.01267203,164.012890309,-1.67357409373,0,0
0.190000009025,95,-8.2328915596e-06,0,0,7.0979371003e-07,-0.387993037701,0.0829795002937,-0.0544301532209,0.0844648480415,24.3631038757,149.098588736,44.9195067631,127.785053337,66.4689869154,7.11895245331,2573.58793169,-0.0246807653457,-0.746625602245,0.105088926852,72,1,164.012773894,164.012890309,-1.5436487738,0,0
0.254000012064,127,-9.98377799988e-06,0,0,4.8567039812e-07,-0.340079128742,-0.0248399227858,-0.0296466983855,-0.0153879057616,29.1559026664,111.633562483,48.5449199914,95.6376970862,99.9984622467,16.3444838108,2616.34285562,-0.0244863610715,-0.742051005363,0.104506462812,72,1,164.012890309,164.012890309,0.477649417007,0,0
0.318000015104,159,-1.60187482834e-06,0,0,5.34753780812e-07,-0.292819142342,-0.0990090966225,-0.00763700250536,-0.112854987383,34.578024497,90.1444946066,51.9237219123,69.954789069,134.522211738,27.2260585916,2661.74809076,-0.0241251122206,-0.740640282631,0.105541020632,72,1,164.012832101,164.012890309,2.80841696076,0,0
0.382000018144,191,-8.12113285065e-07,0,0,7.07180220161e-07,-0.273696064949,-0.132219314575,0.00602869875729,-0.151955455542,36.9791305275,81.5726671135,54.0985020052,61.1068098806,168.881364516,39.0139393858,2707.89535716,-0.0239605158567,-0.74077641964,0.10566136986,72,1,164.012802998,164.012890309,3.9952727966,0,0
0.446000021184,223,1.13993883133e-06,0,0,9.64539026427e-07,-0.260383069515,-0.135385245085,0.0167039372027,-0.153908014297,38.723799662,80.7880787761,55.839002016,60.6856992817,202.159950277,51.2486694788,2753.40839289,-0.0235398039222,-0.740729689598,0.104379445314,72,1,164.012904861,164.012890309,4.0823686868,0,0
0.510000024224,255,1.16974115372e-06,0,0,4.35024702483e-07,-0.298607170582,-0.104095086455,0.00699572544545,-0.135217607021,33.875254303,88.7908390723,54.2546549696,64.7968845442,233.601094806,63.6282711639,2797.2292155,-0.0227065645158,-0.740909576416,0.103432580829,72,1,164.012890309,164.012890309,3.24928807095,0,0
0.574000027264,287,8.86619091034e-07,0,0,2.66172662577e-07,-0.356432616711,-0.0426428429782,-0.0322095267475,-0.00716889277101,27.4428566627,106.17046064,48.1612951262,98.0527402135,262.578803813,75.9311296861,2838.50985579,-0.0224750228226,-0.741189539433,0.102378718555,72,1,164.012846653,164.012890309,0.637452467345,0,0
0.638000030303,319,4.32133674622e-07,0,0,3.91998611349e-07,-0.352554023266,-0.0173616968095,-0.0335920788348,0.04394473508,27.8417737718,113.98748029,47.9551854369,113.989837701,288.601062493,87.9685976543,2876.56951696,-0.0224487129599,-0.741872310638,0.100941449404,72,1,164.012919413,164.012890309,-0.137832495966,0,0
0.702000033343,351,-9.08970832825e-07,0,0,5.51259859094e-07,-0.344672679901,0.00200607907027,-0.0326222516596,0.0688464194536,28.6664690066,120.248900203,48.099704145,122.343117255,311.326642986,99.5584268821,2910.88502854,-0.0228009000421,-0.742153525352,0.0999276265502,72,1,164.012846653,164.012890309,-0.544203969184,0,0
0.766000036383,383,-1.23009085655e-05,0,0,5.77395724122e-07,-0.336871862411,0.0189406424761,-0.0310947969556,0.0827011615038,29.5015051961,125.92166604,48.3279072796,127.162609715,330.586801283,110.502362077,2941.08921662,-0.0244419854134,-0.742663383484,0.0986626446247,72,1,164.012861205,164.012890309,-0.822318310384,0,0
0.830000039423,415,-1.89244747162e-06,0,0,6.41326380446e-07,-0.329643726349,0.0341704152524,-0.0296299979091,0.0912463217974,30.2920925606,131.183784106,48.5474265588,130.197309772,346.393469954,120.579934446,2966.97346494,-0.0245375744998,-0.742687165737,0.0985556691885,72,1,164.012992173,164.012890309,-1.03844481055,0,0
0.894000042463,447,-1.49011611938e-06,0,0,4.93693960379e-07,-0.333222389221,0.0501014105976,-0.0305775180459,0.0972830802202,29.8986342386,136.85329759,48.4053525724,132.370027131,358.924851753,129.551408463,2988.47607337,-0.0246023628861,-0.742703020573,0.0985333025455,72,1,164.012832101,164.012890309,-1.24184472952,0,0
0.958000045503,479,-7.22706317902e-07,0,0,5.02516456891e-07,-0.383377671242,0.0741044431925,-0.0430096648633,0.103565111756,24.795286663,145.719910506,46.5668417746,134.656555019,368.484616047,137.170791277,3005.65524958,-0.0246034450829,-0.742702722549,0.098532281816,72,1,164.012861205,164.012890309,-1.52390147559,0,0
1.02200004854,511,4.32133674622e-07,0,0,3.54896855015e-07,-0.391834020615,0.0814423263073,-0.0510432384908,0.104807376862,24.0081026277,148.509483552,45.4039254691,135.111811687,375.455274479,143.1969431,3018.65208894,-0.024605197832,-0.742702960968,0.0985331535339,72,1,164.012948517,164.012890309,-1.60507438704,0,0
1.08600005158,543,-8.19563865662e-08,0,0,1.24213897834e-06,-0.36946618557,0.00445762090385,-0.0417360924184,0.0435544885695,26.1354252871,121.058605146,46.7530044261,113.862050057,380.30554424,147.543483763,3027.84889936,-0.0246070027351,-0.742703139782,0.0985344201326,72,1,164.012686582,164.012890309,-0.405709288316,0,0
1.15000005462,575,-1.4454126358e-06,0,0,7.98517930889e-07,-0.304848790169,-0.0845308899879,-0.0130608007312,-0.0800470262766,33.129730582,94.0803947742,51.0769932589,78.0064438004,383.449107176,150.274834596,3033.72368217,-0.0246083755046,-0.742703378201,0.0985357910395,72,1,164.012759342,164.012890309,2.1039985586,0,0
1.21400005766,607,-2.1830201149e-06,0,0,9.1581966899e-07,-0.280381917953,-0.129929482937,0.000179581431439,-0.140415012836,36.1257043551,82.1436333354,53.1603800482,63.6355907773,385.126651963,151.285814354,3036.41241044,-0.0246095340699,-0.742703437805,0.0985377803445,72,1,164.012875757,164.012890309,3.75469983555,0,0
1.2780000607,639,-1.84774398804e-06,0,0,2.66172662577e-07,-0.264870166779,-0.14140060544,0.0111326240003,-0.151965409517,38.1289755751,79.3127110228,54.9260657863,61.1046561971,385.479739634,150.42789164,3035.9076336,-0.0246107596904,-0.742703378201,0.0985405370593,72,1,164.012933965,164.012890309,4.14620526135,0,0
1.34200006374,671,-2.09361314774e-06,0,0,1.04351454411e-06,-0.255571126938,-0.140154153109,0.0190121084452,-0.151965409517,39.369409933,79.6167732915,56.2201712455,61.1046561971,384.576240322,147.567843669,3032.14392625,-0.0246116165072,-0.742703199387,0.098543047905,72,1,164.01274479,164.012890309,4.12572687492,0,0
1.40600006678,703,-2.27987766266e-06,0,0,1.08529866338e-06,-0.352891981602,-0.0610687844455,-0.0316934399307,-0.0439621470869,27.8068328043,100.721794297,48.2383838971,87.5505502336,382.411759347,142.62527111,3025.03700368,-0.0246125217527,-0.742703080177,0.0985456183553,72,1,164.012759342,164.012890309,1.29591010045,0,0
1.47000006982,735,-2.22027301788e-06,0,0,8.36842332319e-07,-0.356303989887,-0.0289744772017,-0.0355273522437,0.0257160626352,27.456015232,110.347209556,47.6676650578,108.122250822,378.937023925,135.571171995,3014.50816914,-0.024613045156,-0.742702722549,0.0985485464334,72,1,164.012875757,164.012890309,0.154423731146,0,0
1.53400007286,767,-2.15321779251e-06,0,0,6.24929725745e-07,-0.348812699318,-0.00763507373631,-0.0352963022888,0.0574004240334,28.230899261,117.102070362,47.7019311802,118.454634503,374.051858671,126.433486002,3000.48524514,-0.024613622576,-0.742702722549,0.0985514819622,72,1,164.012904861,164.012890309,-0.353866576916,0,0
1.5980000759,799,-2.22027301788e-06,0,0,7.04344358837e-07,-0.340698778629,0.0104857310653,-0.0339856408536,0.0741190314293,29.0895040962,123.066129163,47.896621254,124.162615975,367.58382339,115.309761895,2982.89349303,-0.0246144160628,-0.742702662945,0.0985541716218,72,1,164.012919413,164.012890309,-0.676049268804,0,0
1.66200007894,831,-2.06381082535e-06,0,0,6.02671491379e-07,-0.333094477654,0.0266624763608,-0.0325481705368,0.0840096026659,29.9126313621,128.570536617,48.1107563246,127.624196466,359.227880836,102.396174043,2961.62394807,-0.0246152058244,-0.74270260334,0.0985570922494,72,1,164.012919413,164.012890309,-0.91756117763,0,0
1.72600008198,863,-2.1830201149e-06,0,0,5.95949131821e-07,-0.326723814011,0.0414075963199,-0.0314285717905,0.0904149413109,30.6161018671,133.738270961,48.2779796585,129.899955937,348.439119989,88.0399384187,2936.47916988,-0.024615874514,-0.742702364922,0.0985597744584,72,1,164.012904861,164.012890309,-1.11519766506,0,0
1.79000008502,895,-1.74343585968e-06,0,0,1.16458852517e-06,-0.363386690617,0.0636609345675,-0.0397542975843,0.0963737517595,26.7389641522,141.813754453,47.0436752948,132.041212055,334.344193107,72.7861333871,2907.13016875,-0.0246164388955,-0.742702245712,0.0985629856586,72,1,164.012730238,164.012890309,-1.38495233841,0,0
1.85400008806,927,-2.16066837311e-06,0,0,9.15287273529e-07,-0.393580079079,0.0804626494646,-0.0507969297469,0.0999675095081,23.8481115957,148.13488815,45.4392902611,133.343914058,315.480312565,57.5063277211,2872.98671901,-0.0246173422784,-0.742702126503,0.0985652804375,72,1,164.012773894,164.012890309,-1.57757522538,0,0
1.9180000911,959,-2.14576721191e-06,0,0,6.95136009199e-07,-0.38612228632,0.0456497110426,-0.0527129359543,0.0939676910639,24.5375467784,135.251888423,45.1646810689,131.173801492,289.202085696,43.7070448243,2832.90911466,-0.0246181134135,-0.742702066898,0.0985680222511,72,1,164.012933965,164.012890309,-1.17847812362,0,0
1.98200009414,991,-1.97440385818e-06,0,0,7.76879801379e-07,-0.32440251112,-0.0568567477167,-0.0236874260008,-0.040062289685,30.8756061713,101.949080999,49.4448177051,88.6263296707,251.982040936,33.3780408255,2785.36020778,-0.024618672207,-0.742701947689,0.0985711067915,72,1,164.012875757,164.012890309,1.19000347331,0,0
2.04600009718,1023,-2.13831663132e-06,0,0,5.32345325155e-07,-0.287687182426,-0.117987275124,-0.00730638485402,-0.124267563224,35.2103925252,85.169202066,51.9756358699,67.289598519,202.636947506,27.7018643828,2730.33883423,-0.0246191564947,-0.74270170927,0.0985737219453,72,1,164.012802998,164.012890309,3.29058570787,0,0
2.11000010022,1055,-2.10851430893e-06,0,0,8.06734874459e-07,-0.269688904285,-0.142489045858,0.00466902926564,-0.152733355761,37.4978953914,79.0478952695,53.8794520253,60.9388080193,152.170148795,24.6512245212,2676.8213138,-0.0246195346117,-0.742701470852,0.0985766202211,72,1,164.012948517,164.012890309,4.17796801776,0,0
2.17400010326,1087,-1.99675559998e-06,0,0,7.36939227863e-07,-0.256865561008,-0.14274507761,0.0137426499277,-0.152733355761,39.1949506593,78.9857003838,55.3525060241,60.9388080193,110.451161163,21.0773105209,2631.52830303,-0.0246197637171,-0.742701292038,0.0985796153545,72,1,164.012832101,164.012890309,4.18217899278,0,0
2.2380001063,1119,-2.01165676117e-06,0,0,1.50192374804e-06,-0.32938849926,-0.0870218127966,-0.0205450057983,-0.0991486608982,30.3203069052,93.3944902499,49.9237939948,73.2475309633,78.8831312093,16.946976757,2595.83001025,-0.0246200934052,-0.74270093441,0.0985824689269,72,1,164.013006724,164.012890309,2.41464190185,0,0
2.30200010934,1151,-2.02655792236e-06,0,0,1.26048723814e-06,-0.357859373093,-0.0395331345499,-0.0366135127842,0.00238253967836,27.2972574749,107.110543468,47.5068009109,100.909972389,55.8888968953,12.9911604745,2568.88009608,-0.0246200617403,-0.742700517178,0.0985849052668,72,1,164.012977621,164.012890309,0.50239241682,0,0
2.36600011238,1183,-2.05636024475e-06,0,0,5.44709905625e-07,-0.351924002171,-0.0156096722931,-0.0373463518918,0.0443113185465,27.9070045508,114.54406922,47.398469178,114.109963761,39.4239650632,9.65095296124,2549.07505587,-0.0246200095862,-0.742699205875,0.0985846146941,72,1,164.012963069,164.012890309,-0.162446158356,0,0
2.43000011542,1215,-1.84029340744e-06,0,0,5.46048454453e-07,-0.343727648258,0.00363874994218,-0.0362869240344,0.0653190165758,28.7666280201,120.787713968,47.5551314594,121.135839436,27.7502531389,7.01902172295,2534.7690098,-0.0246203634888,-0.742697656155,0.0985841527581,72,1,164.012846653,164.012890309,-0.541642948519,0,0
2.49400011846,1247,-2.13086605072e-06,0,0,5.32345325155e-07,-0.335844993591,0.0206212922931,-0.0348484776914,0.0772486031055,29.6128273476,126.494851429,47.768393415,125.251070131,19.5156462723,5.03327919432,2524.5489087,-0.0246208440512,-0.742696225643,0.0985833629966,72,1,164.012977621,164.012890309,-0.811900943518,0,0
2.5580001215,1279,-2.04145908356e-06,0,0,8.87242151748e-07,-0.32857465744,0.0359170921147,-0.0335128568113,0.0847180336714,30.4104178213,131.797103677,47.9669797642,127.874576719,13.7196193464,3.57750400326,2517.29693264,-0.0246210768819,-0.742694914341,0.0985831022263,72,1,164.01274479,164.012890309,-1.02606485598,0,0
2.62200012454,1311,-2.13831663132e-06,0,0,2.24031168727e-07,-0.342313051224,0.0540638975799,-0.0366496108472,0.0904422998428,28.9170711767,138.289979077,47.501460358,129.909734824,9.64428363659,2.52901349995,2512.17326149,-0.0246212445199,-0.742693424225,0.0985827669501,72,1,164.012875757,164.012890309,-1.25519302674,0,0
2.68600012758,1343,-2.15321779251e-06,0,0,5.63621483707e-07,-0.392518222332,0.0778921991587,-0.0498207770288,0.0964012593031,23.9453056565,147.155209561,45.5796216556,132.051151013,6.7797459451,1.78235768544,2508.56205821,-0.024621559307,-0.742692232132,0.0985824987292,72,1,164.012802998,164.012890309,-1.5370931942,0,0
2.75000013062,1375,-2.14576721191e-06,0,0,7.31751242711e-07,-0.390750646591,0.0777404755354,-0.055694911629,0.0964453965425,24.1078032559,147.097525769,44.7394995717,132.067099912,4.7672101573,1.25354688407,2506.02071173,-0.024621790275,-0.74269092083,0.0985822975636,72,1,164.012963069,164.012890309,-1.53565162327,0,0
2.81400013366,1407,-2.13831663132e-06,0,0,1.21487471461e-06,-0.354279816151,-0.0208059847355,-0.0386062152684,0.00894626416266,27.6637128991,112.898946099,47.2126157547,102.905294625,3.35304775945,0.880783943558,2504.23373654,-0.0246220175177,-0.742689549923,0.098581969738,72,1,164.01305038,164.012890309,0.193370127818,0,0
2.8780001367,1439,-2.1681189537e-06,0,0,8.89593422926e-07,-0.297009706497,-0.0996665656567,-0.0141348615289,-0.100608438253,34.0681181115,89.9686638149,50.9104174853,72.8920276742,2.3596887786,0.618269893948,2502.97784805,-0.0246222019196,-0.742688238621,0.0985817685723,72,1,164.01274479,164.012890309,2.63157836162,0,0
2.94200013974,1471,-2.15321779251e-06,0,0,9.43677719079e-07,-0.275426805019,-0.13707986474,-0.00129212578759,-0.148857265711,36.7567627109,80.3704097052,52.9260578332,61.7789919488,1.6615227878,0.433921343301,2502.09541991,-0.0246224105358,-0.742686986923,0.098581649363,72,1,164.012875757,164.012890309,4.01959661394,0,0
3.00600014278,1503,-2.10851430893e-06,0,0,1.04268963241e-06,-0.260892748833,-0.143319755793,0.00907110236585,-0.154281586409,38.6558822356,78.8462202763,54.5907969354,60.6053508818,1.17084675821,0.304411457819,2501.47515908,-0.0246225073934,-0.742685556412,0.0985815748572,72,1,164.012832101,164.012890309,4.21972200274,0,0
3.07000014582,1535,-1.66147947311e-06,0,0,2.60841886757e-07,-0.275797486305,-0.126583337784,0.0163958743215,-0.154281586409,36.7092652596,82.9832715681,55.7882594876,60.6053508818,0.825795609671,0.213557527218,2501.03930011,-0.0246226284653,-0.742684304714,0.0985818207264,72,1,164.012904861,164.012890309,3.94437555224,0,0
3.13400014886,1567,-2.00420618057e-06,0,0,4.75195776062e-07,-0.356461763382,-0.0524267815053,-0.0362500883639,-0.0279431380332,27.439882615,103.251491964,47.5605847896,92.0255915844,0.582966436014,0.149873457644,2500.73289499,-0.0246226266026,-0.742682874203,0.0985815599561,72,1,164.012904861,164.012890309,0.990373664536,0,0
3.1980001519,1599,-2.33948230743e-06,0,0,9.50472781369e-07,-0.354761660099,-0.0240660123527,-0.038530882448,0.0292999222875,27.6141599898,111.875531729,47.223715228,109.259555757,0.412085057633,0.105171586995,2500.51729381,-0.0246228631586,-0.742681443691,0.0985810533166,72,1,164.012832101,164.012890309,0.0616063916823,0,0
3.26200015494,1631,-1.82539224625e-06,0,0,8.50353330861e-07,-0.346802890301,-0.00343805644661,-0.0379114188254,0.0563547872007,28.441696486,118.464631669,47.315050324,118.103569548,0.291761864446,0.0737761709502,2500.36548823,-0.0246230233461,-0.742680191994,0.0985813438892,72,1,164.012832101,164.012890309,-0.397857336793,0,0
3.32600015798,1663,-2.07126140594e-06,0,0,6.08588493378e-07,-0.338694989681,0.0143871083856,-0.0365288518369,0.0710405707359,29.3046650768,124.377969769,47.519326472,123.098114273,0.206893815857,0.0518015035311,2500.25861897,-0.0246232990175,-0.742678940296,0.098581045866,72,1,164.012802998,164.012890309,-0.703750236426,0,0
3.39000016102,1695,-1.83284282684e-06,0,0,6.08610378094e-07,-0.331159710884,0.0303553752601,-0.0351255945861,0.0799237340689,30.1249256154,129.851236125,47.7272587887,126.186496345,0.147130535311,0.0362941605658,2500.18341467,-0.0246234778315,-0.742677807808,0.098581045866,72,1,164.012832101,164.012890309,-0.938280194532,0,0
3.45400016406,1727,-1.96695327759e-06,0,0,4.07497793731e-07,-0.328499734402,0.0456719733775,-0.0348342172801,0.0858967155218,30.4187196889,135.259862873,47.7705107187,128.291881992,0.10484571078,0.0255138488114,2500.13032928,-0.0246235709637,-0.742676377296,0.0985808968544,72,1,164.012832101,164.012890309,-1.14125979599,0,0
3.5180001671,1759,-1.84029340744e-06,0,0,4.25625955813e-07,-0.374519348145,0.0695961266756,-0.0455252937973,0.0919376909733,25.642084438,144.024481415,46.2005773443,130.444925162,0.0747844453031,0.0181089667706,2500.09284355,-0.0246232356876,-0.742674827576,0.0985810309649,72,1,164.012933965,164.012890309,-1.43062823918,0,0
3.58200017014,1791,-1.87754631042e-06,0,0,6.33761544577e-07,-0.391921520233,0.0812232643366,-0.054987963289,0.0941928476095,24.0000626945,148.42566452,44.8400569439,131.254812004,0.0536972386556,0.0126443104875,2500.06630085,-0.0246233269572,-0.742673635483,0.0985810309649,72,1,164.012846653,164.012890309,-1.56391318887,0,0
3.64600017318,1823,-2.1830201149e-06,0,0,5.70500674257e-07,-0.378057956696,0.0214012861252,-0.051484528929,0.0629957914352,25.3010766755,126.761500724,45.340613724,120.345051982,0.0387837566507,0.00871592487073,2500.04744157,-0.0246236193925,-0.742672204971,0.0985805392265,72,1,164.012875757,164.012890309,-0.738235074095,0,0
3.71000017622,1855,-1.85519456863e-06,0,0,1.373496616e-06,-0.310919821262,-0.0746091902256,-0.0211871936917,-0.0673285573721,32.4167194776,96.8488457147,49.8256595165,81.2867292552,0.0280260117336,0.00616329698389,2500.03393739,-0.024623606354,-0.742670953274,0.0985807925463,72,1,164.012832101,164.012890309,1.78457854781,0,0
3.77400017926,1887,-1.72853469849e-06,0,0,6.40966106857e-07,-0.282342731953,-0.126739442348,-0.0070692775771,-0.137601256371,35.8782708645,82.9439595691,52.0128887729,64.2625527689,0.0202892049828,0.00447603420994,2500.02462417,-0.0246232561767,-0.742669224739,0.0985808968544,72,1,164.012832101,164.012890309,3.65454843268,0,0
3.8380001823,1919,-2.10851430893e-06,0,0,8.2410019786e-07,-0.265705049038,-0.14362218976,0.00447733327746,-0.15572014451,38.0190685974,78.7728931755,53.8486165169,60.2966065344,0.0148758143581,0.00322492543781,2500.01810491,-0.0246232561767,-0.742668092251,0.0985807478428,72,1,164.012904861,164.012890309,4.25090827048,0,0
3.90200018534,1951,-2.1904706955e-06,0,0,9.45074248193e-07,-0.25366717577,-0.14362218976,0.0129522625357,-0.15572014451,39.6270806959,78.7728931755,55.2231358597,60.2966065344,0.0108151541056,0.00250065945728,2500.01321547,-0.0246234890074,-0.742666780949,0.0985804870725,72,1,164.012890309,164.012890309,4.25090827048,0,0
3.96600018837,1983,-1.9446015358e-06,0,0,5.49400908767e-07,-0.346127569675,-0.0711462497711,-0.0327891074121,-0.0703403800726,28.5127989628,97.8288881015,48.0748203699,80.5017843959,0.00825487678213,0.00173513259316,2500.00972301,-0.024623747915,-0.74266576767,0.0985806807876,72,1,164.012904861,164.012890309,1.77280209027,0,0
4.03000019141,2015,-2.06381082535e-06,0,0,5.49401192984e-07,-0.35699313879,-0.0335638560355,-0.0389304496348,0.0107024032623,27.3855857813,108.931861178,47.1648636449,103.443569969,0.00618903683858,0.0013898183715,2500.00762753,-0.0246239919215,-0.742664575577,0.0985804349184,72,1,164.012861205,164.012890309,0.345584296156,0,0
4.09400019445,2047,-2.15321779251e-06,0,0,1.41761927352e-06,-0.349949419498,-0.0109928306192,-0.039047319442,0.0463307835162,28.1122283923,116.020077257,47.1476596431,114.773232781,0.00444040271219,0.00131607347242,2500.00576489,-0.0246243588626,-0.742663323879,0.0985802561045,72,1,164.012802998,164.012890309,-0.234728417126,0,0
4.15800019749,2079,-2.13831663132e-06,0,0,9.15669090773e-07,-0.341708600521,0.00777973700315,-0.0378240384161,0.0647332519293,28.9815416181,122.162047774,47.3279433209,120.936128951,0.00312718984041,0.00124667853818,2500.00413507,-0.0246242340654,-0.742661833763,0.098580300808,72,1,164.013006724,164.012890309,-0.587349582929,0,0
4.22200020053,2111,-2.04890966415e-06,0,0,9.15669147616e-07,-0.333918392658,0.0244524106383,-0.0363823063672,0.0754394829273,29.8225731967,127.808394609,47.5410124636,124.621088617,0.00249417708709,0.0009453680061,2500.00343658,-0.0246243346483,-0.74266076088,0.0985805988312,72,1,164.012846653,164.012890309,-0.846168084536,0,0
4.28600020357,2143,-1.79558992386e-06,0,0,7.56065219321e-07,-0.32675164938,0.0394938923419,-0.0350920818746,0.0822652280331,30.6130023091,133.059395012,47.7322319057,127.009072457,0.00213266759808,0.000701797175928,2500.00273809,-0.0246241297573,-0.742659628391,0.0985813289881,72,1,164.012846653,164.012890309,-1.05411128607,0,0
4.35000020661,2175,-1.98930501938e-06,0,0,6.52002881907e-07,-0.353014886379,0.0600088648498,-0.0408899001777,0.0880639404058,27.7941398963,140.465417644,46.876968554,129.061547341,0.00185779436279,0.00058331367514,2500.00250526,-0.0246239323169,-0.742658853531,0.0985819101334,72,1,164.012846653,164.012890309,-1.30979029927,0,0
4.41400020965,2207,-2.00420618057e-06,0,0,2.66172662577e-07,-0.395605742931,0.0813107043505,-0.052687201649,0.0927452743053,23.6635896727,148.459119373,45.1683627034,130.734566483,0.00167870417567,0.000504104313848,2500.0020396,-0.0246238298714,-0.742658019066,0.0985824614763,72,1,164.012933965,164.012890309,-1.55922584236,0,0
4.47800021269,2239,-1.91479921341e-06,0,0,2.83524627775e-07,-0.38882958889,0.0624741725624,-0.0572809241712,0.0927452743053,24.2854312091,141.374606756,44.5144505647,130.734566483,0.00156646451366,0.000447631820499,2500.0020396,-0.0246238596737,-0.742657423019,0.098583035171,72,1,164.012919413,164.012890309,-1.35701417457,0,0
4.54200021573,2271,-1.89244747162e-06,0,0,3.78032837034e-07,-0.337125837803,-0.0421665497124,-0.032699059695,-0.0233429484069,29.4740166282,106.314058939,48.0882481497,93.3382980293,0.00149165002572,0.000412160944263,2500.00180677,-0.0246238205582,-0.742656767368,0.0985836312175,72,1,164.012875757,164.012890309,0.797628308646,0,0
4.60600021877,2303,-1.89989805222e-06,0,0,1.00723650576e-06,-0.290816068649,-0.111176967621,-0.0128343869001,-0.118341952562,34.8238099832,86.9308132678,51.1121543241,68.6647981638,0.00144337575225,0.000388640397642,2500.00180677,-0.0246238354594,-0.742655992508,0.098584190011,72,1,164.012832101,164.012890309,3.08655900881,0,0
4.67000022181,2335,-2.07871198654e-06,0,0,7.56065787755e-07,-0.271353721619,-0.141440212727,-0.000334214360919,-0.155425965786,37.2817048628,79.303063103,53.0784964212,60.3596563451,0.00141107381335,0.000373833103362,2500.00180677,-0.0246237833053,-0.742655038834,0.0985845923424,72,1,164.012846653,164.012890309,4.20957338065,0,0
4.73400022485,2367,-1.90734863281e-06,0,0,6.61557578496e-07,-0.257772326469,-0.143815785646,0.0094083789736,-0.156847417355,39.0730820072,78.7259850767,54.6455557924,60.0554049015,0.00139009326272,0.000364011376597,2500.00180677,-0.0246237255633,-0.742654561996,0.0985853299499,72,1,164.012832101,164.012890309,4.27470682189,0,0
4.79800022789,2399,-1.89244747162e-06,0,0,6.61557578496e-07,-0.305572211742,-0.105005189776,-0.00396716315299,-0.1344011724,33.0441362166,88.5501867742,52.5019095221,64.9805806461,0.00137660738364,0.000357390173011,2500.00180677,-0.0246235392988,-0.742653667927,0.0985859334469,72,1,164.012904861,164.012890309,3.25030786917,0,0
4.86200023093,2431,-1.80304050446e-06,0,0,1.26755571728e-06,-0.357588648796,-0.0448917336762,-0.0384658761322,-0.0137939509004,27.3248369922,105.494320451,47.2332940262,96.1029218161,0.0013677522448,0.000353125417796,2500.00180677,-0.0246235821396,-0.74265307188,0.0985865965486,72,1,164.012846653,164.012890309,0.735265901312,0,0
4.92600023397,2463,-2.04145908356e-06,0,0,7.82567212809e-07,-0.353040337563,-0.0191600508988,-0.0397669710219,0.0342575274408,27.7915114566,113.418194815,47.0418126497,110.845910967,0.00136195232869,0.000350358880796,2500.00180677,-0.0246236547828,-0.74265229702,0.0985868945718,72,1,164.01281755,164.012890309,-0.040733597416,0,0
4.99000023701,2495,-1.86264514923e-06,0,0,5.32345325155e-07,-0.344862937927,0.000765425502323,-0.0388632677495,0.0577472560108,28.6463400698,119.840609841,47.1747553092,118.571231724,0.00135817634916,0.000348542084083,2500.00157394,-0.0246239658445,-0.742651939392,0.0985874906182,72,1,164.012977621,164.012890309,-0.458166818134,0,0
5.05400024005,2527,-1.9371509552e-06,0,0,1.03686397779e-06,-0.336839437485,0.0181996561587,-0.0374350734055,0.0708345919847,29.5050103887,125.669539557,47.3853651783,123.027100926,3.33027810484,-0.215219358779,2503.1149853,-0.0246239677072,-0.742650926113,0.0985879525542,72,1,164.01281755,164.012890309,-0.747229903936,0,0
5.11800024309,2559,-1.87754631042e-06,0,0,7.77133095653e-07,-0.329421579838,0.0338625200093,-0.0360641814768,0.0789122134447,30.3166525555,131.075881654,47.5881133752,125.832244521,24.6224353759,-0.495678420975,2524.12678674,-0.0246239565313,-0.742650389671,0.0985886231065,72,1,164.012875757,164.012890309,-0.972979469225,0,0
5.18200024613,2591,-2.00420618057e-06,0,0,4.53863805205e-07,-0.334333658218,0.0504885204136,-0.0373347736895,0.0846853256226,29.7772676277,136.993185151,47.400179028,127.863007947,53.5943872819,3.99955979447,2557.59386346,-0.0246241372079,-0.742649555206,0.0985889211297,72,1,164.012832101,164.012890309,-1.18913606275,0,0
5.24600024917,2623,-1.89989805222e-06,0,0,7.98517930889e-07,-0.384770333767,0.0748777240515,-0.0496907345951,0.090758010745,24.6642321144,146.012127516,45.5983390566,130.022599478,85.9975407366,12.014760614,2598.01233187,-0.0246241074055,-0.742649018764,0.0985897183418,72,1,164.012759342,164.012890309,-1.48259045091,0,0
5.31000025221,2655,-2.1755695343e-06,0,0,9.83886025097e-07,-0.391081809998,0.0815961062908,-0.0572199337184,0.0917467772961,24.0772878897,148.568346049,44.5230907644,130.376516609,119.933312817,22.0564979827,2641.98984951,-0.0246241819113,-0.742648184299,0.0985899493098,72,1,164.01281755,164.012890309,-1.5583523782,0,0
5.37400025525,2687,-1.72108411789e-06,0,0,4.28926426821e-07,-0.366200566292,-0.00258705904707,-0.0466646514833,0.0297186747193,26.4582486125,118.742282211,46.0353257949,109.392960439,154.126289999,33.2289419021,2687.35503778,-0.024624383077,-0.742647528648,0.0985908061266,72,1,164.012890309,164.012890309,-0.214851796045,0,0
5.43800025829,2719,-1.96695327759e-06,0,0,1.45632270687e-06,-0.30201458931,-0.0896177738905,-0.0187404192984,-0.089925378561,33.4666801791,92.6835418795,50.2002476424,75.5204600864,187.59816885,44.995922508,2732.59403184,-0.0246243849397,-0.742646932602,0.0985912680626,72,1,164.012715686,164.012890309,2.32033268549,0,0
5.50200026133,2751,-2.01165676117e-06,0,0,7.86019143106e-07,-0.277928829193,-0.133450895548,-0.00540710799396,-0.147457629442,36.4370825992,81.2667858554,52.2745358467,62.0842620265,219.552384806,57.0179181523,2776.57015249,-0.0246244948357,-0.742646157742,0.0985917001963,72,1,164.012832101,164.012890309,3.93537525088,0,0
5.56600026437,2783,-2.21282243729e-06,0,0,3.69850482684e-07,-0.26248639822,-0.143961042166,0.00557704735547,-0.157690733671,38.4441082133,78.6907985457,54.0256733075,59.8753867962,249.328353675,69.0590459271,2818.38723458,-0.0246245767921,-0.742645442486,0.0985920727253,72,1,164.012890309,164.012890309,4.29256865755,0,0
5.63000026741,2815,-1.98185443878e-06,0,0,3.94687020844e-07,-0.256784558296,-0.140458136797,0.0134480297565,-0.157690733671,39.2058464058,79.542536696,55.3042591491,59.8753867962,276.393024251,80.9313205536,2857.32420161,-0.0246247183532,-0.742644846439,0.098592787981,72,1,164.012846653,164.012890309,4.23470139503,0,0
5.69400027045,2847,-1.95950269699e-06,0,0,8.87531882654e-07,-0.353527128696,-0.0598671622574,-0.0366529785097,-0.0477278418839,27.7412636933,101.070821984,47.5009619549,86.5200709086,300.352927297,92.4623527681,2892.81527512,-0.0246247854084,-0.74264395237,0.0985933169723,72,1,164.012890309,164.012890309,1.32353208028,0,0
5.75800027349,2879,-2.07126140594e-06,0,0,7.0979371003e-07,-0.355780422688,-0.0281454883516,-0.0400311164558,0.018937766552,27.5096208497,110.604269139,47.0030026918,105.992854515,320.973776979,103.472644696,2924.44648221,-0.0246249176562,-0.742643356323,0.098593711853,72,1,164.013006724,164.012890309,0.201489441679,0,0
5.82200027653,2911,-2.00420618057e-06,0,0,8.61162106958e-07,-0.348096966743,-0.00666822679341,-0.0396882928908,0.0495246909559,28.3058270725,117.414958368,47.0533777843,115.827475383,338.192010531,113.763686386,2951.95565559,-0.0246249251068,-0.742642819881,0.0985943377018,72,1,164.012861205,164.012890309,-0.311082520057,0,0
5.88600027957,2943,-1.87754631042e-06,0,0,1.20622610211e-06,-0.339893460274,0.0116201620549,-0.0383562780917,0.0657753497362,29.1758296953,123.446559883,47.2494466521,121.291574033,352.114089765,123.115300084,2975.2291739,-0.0246250312775,-0.742642104626,0.098595045507,72,1,164.012773894,164.012890309,-0.639444100671,0,0
5.95000028261,2975,-1.79558992386e-06,0,0,5.03681974351e-07,-0.33222413063,0.0279444567859,-0.0369277633727,0.0754428654909,30.0079882436,129.014108097,47.4603257317,124.622267322,362.986407708,131.29641593,2994.28286962,-0.0246251616627,-0.742641210556,0.0985955744982,72,1,164.012861205,164.012890309,-0.886498950422,0,0
5.99800028489,2999,-1.42306089401e-06,0,0,5.32345325155e-07,-0.32688331604,0.0391409359872,-0.0359732843935,0.0803644657135,30.5983376165,132.934452267,47.6015775348,126.341052237,369.340443285,136.52445341,3005.86479716,-0.0246255882084,-0.742640435696,0.0985958129168,72,1,164.012977621,164.012890309,-1.04048964567,0,0
