step,time_s,environment,arm,target_angle_deg,status_code,object_index,failing_index,completed_microsteps,fgmres_iterations,status_diagnostic_x,status_diagnostic_y,status_diagnostic_z,status_diagnostic_w,min_J,max_J,max_node_displacement_m,reaction_x_N,reaction_y_N,reaction_z_N,reaction_moment_y_Nm,phase,max_free_displacement_m,max_free_speed_m_s,kinetic_energy_J,max_material_state_change,certificate_residual,certificate_correction,certificate_volume,certificate_pressure,certificate_raw_accepted_flag,step_accepted,right_grip_constrained,measured_right_grip_angle_deg,current_fixed_nodes,free_force_imbalance_l2_N,free_force_imbalance_max_N
0,2.4999999368446879e-05,0,indented,0,0,4294967295,4294967295,1,10,0.99999809265136719,0,0,0,0.9999980766205232,1.0000015090814705,1.9340365805938083e-09,0.0032778535132820252,0.01699788248384948,3.5261165919564519e-05,1.3953828860393954e-08,loading,1.9340365805938083e-09,9.0280349882970777e-05,9.2424893346619671e-14,0.0012735513737425208,4.3772811295639258e-06,0,0,0,1,1,1,-4.8827249338482003e-14,24,0.17509125023524949,0.032028790785593043
0,2.4999999368446879e-05,1,stationary_tool_reference,0,0,4294967295,4294967295,1,10,0.99999910593032837,0,0,0,0.99999909204917792,1.0000011339218706,1.8771406608397488e-09,0.0033590130240099825,-0.0044724074068653863,-4.9181373924511718e-06,-2.7923760861608588e-07,loading,1.8771406608397488e-09,6.9292001808263662e-05,3.7799286534801816e-14,0.00091346754925325513,2.1122577891219407e-06,0,0,0,1,1,1,-4.8827249338482003e-14,24,0.084490316766859086,0.024461596408543836
1,4.9999998736893758e-05,0,indented,0,0,4294967295,4294967295,1,5,0.99999833106994629,0,0,0,0.99999850871979168,1.0000014598467317,1.8771406608397488e-09,0.0031979963750927709,-0.016973245706140005,9.9400979848951465e-05,3.0756184079655168e-07,loading,1.8771406608397488e-09,8.6095231719745803e-05,7.3112106010961635e-14,0.00091346754925325513,4.3612039917206857e-06,0,0,0,1,1,1,-4.8827249338482003e-14,24,0.17444818091527578,0.042315256997109897
1,4.9999998736893758e-05,1,stationary_tool_reference,0,0,4294967295,4294967295,1,6,0.99999910593032837,0,0,0,0.99999909983373991,1.0000007498774528,1.8771406608397488e-09,0.0034258012474310817,-0.0069249431934679251,6.1697569719854073e-06,-3.9610117017809902e-07,loading,1.8771406608397488e-09,3.5461700318673784e-05,1.7276186761035764e-14,0.00091346754925325513,2.2333936158247525e-06,0,0,0,1,1,1,-4.8827249338482003e-14,24,0.089335750140153852,0.024481344094020138
2,7.4999998105340637e-05,0,indented,0,0,4294967295,4294967295,1,5,0.99999886751174927,0,0,0,0.99999890954204296,1.0000015090814705,1.8771406608397488e-09,0.0030978928098193137,0.020043682419782272,0.00010092800772554256,3.2610987612315465e-07,loading,1.8771406608397488e-09,8.6600174838870166e-05,6.1006546934191639e-14,0.0012735513737425208,4.313587851356715e-06,0,0,0,1,1,1,-4.8827249338482003e-14,24,0.17254352891964092,0.042313370175123863
2,7.4999998105340637e-05,1,stationary_tool_reference,0,0,4294967295,4294967295,1,6,0.99999910593032837,0,0,0,0.99999909978551604,1.0000007498774528,1.8771406608397488e-09,0.0033935373835447535,-0.0044783935954910703,1.3699857959181827e-05,-3.4186675110004237e-07,loading,1.8771406608397488e-09,3.5462803896683976e-05,1.6576240961492858e-14,0.00091346754925325513,2.1326777641661465e-06,0,0,0,1,1,1,-4.8827249338482003e-14,24,0.08530711096463274,0.024481086031767706
3,9.9999997473787516e-05,0,indented,0,0,4294967295,4294967295,1,5,0.99999934434890747,0,0,0,0.99999929212310423,1.0000014159490791,1.8771406608397488e-09,0.0031979962968762266,-0.016686489134372096,0.00010114719833609342,3.0826014555532256e-07,loading,1.8771406608397488e-09,8.334183355026794e-05,6.7635001378524354e-14,0.00091346754925325513,4.4250268729228992e-06,0,0,0,1,1,1,-4.8827249338482003e-14,24,0.1770010964048141,0.041642191520256513
3,9.9999997473787516e-05,1,stationary_tool_reference,0,0,4294967295,4294967295,1,6,0.99999910593032837,0,0,0,0.99999909954772304,1.0000007498774528,1.8771406608397488e-09,0.003260804143792484,-0.0068218060550861992,5.3191783536021831e-05,-9.7419413803436886e-08,loading,1.8771406608397488e-09,3.5573698819294742e-05,1.6896110124597641e-14,0.00091346754925325513,2.1667174223694019e-06,0,0,0,1,1,1,-4.8827249338482003e-14,24,0.086668701438773962,0.024480913154022673
4,0.0001249999968422344,0,indented,0,0,4294967295,4294967295,1,5,0.99999886751174927,0,0,0,0.99999890890549448,1.0000014159490791,1.8771406608397488e-09,0.0030978927061369177,0.020182720540105947,0.00010266974624073555,3.2680643002458928e-07,loading,1.8771406608397488e-09,8.5502982388808846e-05,5.8812095415373257e-14,0.00076335790799930692,4.1809626054600812e-06,0,0,0,1,1,1,-4.8827249338482003e-14,24,0.16723850540849702,0.042321450215059529
4,0.0001249999968422344,1,stationary_tool_reference,0,0,4294967295,4294967295,1,6,0.99999910593032837,0,0,0,0.99999910209300724,1.0000007498774528,1.8771406608397488e-09,0.0030301425285870209,-0.0043762016648543067,9.6948089066017928e-05,3.0657925688865343e-07,loading,1.8771406608397488e-09,3.5584660886159834e-05,1.657614584359495e-14,0.00091346754925325513,2.1432842913782224e-06,0,0,0,1,1,1,-4.8827249338482003e-14,24,0.085731373738706665,0.024480787696188576
5,0.00014999999621068127,0,indented,0,0,4294967295,4294967295,1,5,0.99999934434890747,0,0,0,0.99999929212310423,1.0000014159490791,1.8771406608397488e-09,0.003197996325980057,-0.016582895726060087,0.00010265519537711043,3.0886373048087919e-07,loading,1.8771406608397488e-09,8.3329510420528748e-05,6.6849224919311161e-14,0.00091346754925325513,4.2896272134385072e-06,0,0,0,1,1,1,-4.8827249338482003e-14,24,0.17158509307262293,0.039502373428234872
5,0.00014999999621068127,1,stationary_tool_reference,0,0,4294967295,4294967295,1,6,0.99999910593032837,0,0,0,0.99999910228640243,1.0000007498774528,1.8771406608397488e-09,0.0030624063656432554,-0.0067231368302600458,9.2330688715946962e-05,2.5350976017216429e-07,loading,1.8771406608397488e-09,3.5697946839768069e-05,1.6758245358980365e-14,0.00091346754925325513,2.1902569642406888e-06,0,0,0,1,1,1,-4.8827249338482003e-14,24,0.087610285785754249,0.024471194770662539
6,0.00017499999557912815,0,indented,0,0,4294967295,4294967295,1,5,0.99999886751174927,0,0,0,0.99999890770822841,1.0000014159490791,1.8771406608397488e-09,0.0030978927279647905,0.020265600647690007,0.00010390285302719349,3.2729972907327412e-07,loading,1.8771406608397488e-09,9.1682329321240573e-05,6.3364418175508583e-14,0.00076335790799930692,4.3384929995227139e-06,0,0,0,1,1,1,-4.8827249338482003e-14,24,0.17353972531406017,0.042321391602581124
6,0.00017499999557912815,1,stationary_tool_reference,0,0,4294967295,4294967295,1,6,0.99999910593032837,0,0,0,0.99999909939855081,1.0000007498774528,1.8771406608397488e-09,0.003030142461284413,-0.0060052515036659315,9.9555103957982283e-05,3.076218357218746e-07,loading,1.8771406608397488e-09,3.5679927342987666e-05,1.6399475794283274e-14,0.00091346754925325513,2.1242794900899753e-06,0,0,0,1,1,1,-4.8827249338482003e-14,24,0.084971186454234543,0.024471117598674298
7,0.00019999999494757503,0,indented,0,0,4294967295,4294967295,1,5,0.99999934434890747,0,0,0,0.99999929212310423,1.0000014159490791,1.8771406608397488e-09,0.0031979963587218663,-0.016501241332662175,0.00010325682433176553,3.0910443778157041e-07,loading,1.8771406608397488e-09,8.334910933628905e-05,6.5848734066050559e-14,0.00091346754925325513,4.4981120481679682e-06,0,0,0,1,1,1,-4.8827249338482003e-14,24,0.17992448785647883,0.039502374613840228
7,0.00019999999494757503,1,stationary_tool_reference,0,0,4294967295,4294967295,1,6,0.99999910593032837,0,0,0,0.99999910205262288,1.0000007506591286,1.8771406608397488e-09,0.003030142461284413,-0.0056152881443267688,0.00010034698851768553,3.079387223533559e-07,loading,1.8771406608397488e-09,3.5784959438960769e-05,1.6467995428794246e-14,0.00091346754925325513,2.2028455077816034e-06,0,0,0,1,1,1,-4.8827249338482003e-14,24,0.08811382048856041,0.024471037303334952
8,0.00022499999431602191,0,indented,0,0,4294967295,4294967295,1,5,0.99999886751174927,0,0,0,0.99999890672425129,1.0000014159490791,1.8771406608397488e-09,0.0030978927406977164,0.020353852978587383,0.00010432407123062148,3.2746808299816584e-07,loading,1.8771406608397488e-09,8.3806920501133071e-05,5.6509109720181318e-14,0.00076335790799930692,4.2575857150950469e-06,0,0,0,1,1,1,-4.8827249338482003e-14,24,0.17030343557677727,0.042321374453973125
8,0.00022499999431602191,1,stationary_tool_reference,0,0,4294967295,4294967295,1,6,0.99999916553497314,0,0,0,0.99999914016704761,1.0000007525592185,1.8771406608397488e-09,0.0030624063838331494,-0.0062649286192026921,9.4935091453862697e-05,2.5455181068173231e-07,loading,1.8771406608397488e-09,3.5739608048172825e-05,1.6656143858835201e-14,0.00091346754925325513,2.1019161522417562e-06,0,0,0,1,1,1,-4.8827249338482003e-14,24,0.084076647500315668,0.024470982651570793
9,0.00024999999368446879,0,indented,0,0,4294967295,4294967295,1,5,0.99999934434890747,0,0,0,0.99999929212310423,1.0000014159490791,1.8771406608397488e-09,0.0031979963423509616,-0.01640671777749958,0.00010351473667924438,3.0920751246230728e-07,loading,1.8771406608397488e-09,8.332058866961053e-05,6.4585770363625936e-14,0.00091346754925325513,4.3610402826743666e-06,0,0,0,1,1,1,-4.8827249338482003e-14,24,0.17444162667096116,0.039502353023867502
9,0.00024999999368446879,1,stationary_tool_reference,0,0,4294967295,4294967295,1,6,0.99999946355819702,0,0,0,0.99999956898300146,1.00000075380384,1.8771406608397488e-09,0.0030301424849312752,-0.0039288654443225823,0.00010156909448255647,3.084273886488515e-07,loading,1.8771406608397488e-09,3.571316105901024e-05,1.6121346444027771e-14,0.00091346754925325513,2.1304897472873563e-06,0,0,0,1,1,1,-4.8827249338482003e-14,24,0.085219593142686137,0.02447093602452536
10,0.00027499999305291567,0,indented,0,0,4294967295,4294967295,1,5,0.99999886751174927,0,0,0,0.99999890562837623,1.0000014159490791,1.8771406608397488e-09,0.0030978927316027693,0.020436878075997811,0.00010374859721196117,3.2723805100977167e-07,loading,1.8771406608397488e-09,8.2831527456702657e-05,5.7980003743941691e-14,0.00076335790799930692,4.3274744712107349e-06,0,0,0,1,1,1,-4.8827249338482003e-14,24,0.17309898775088092,0.042321348967597622
10,0.00027499999305291567,1,stationary_tool_reference,0,0,4294967295,4294967295,1,6,0.99999946355819702,0,0,0,0.99999956898300146,1.0000007549541012,1.8771406608397488e-09,0.0030624063583672978,-0.0063519334289594553,9.5955390122526296e-05,2.5495964822039188e-07,loading,1.8771406608397488e-09,3.5789915315692421e-05,1.6775450325827853e-14,0.00091346754925325513,2.1978603399475105e-06,0,0,0,1,1,1,-4.8827249338482003e-14,24,0.087914418710806339,0.024470892688775177
11,0.00029999999242136255,0,indented,0,0,4294967295,4294967295,1,5,0.99999934434890747,0,0,0,0.99999929212310423,1.0000014159490791,1.8771406608397488e-09,0.0031979963187040994,-0.014859723141853465,0.00010440166062153367,3.0956211547709191e-07,loading,1.8771406608397488e-09,8.3410881307323143e-05,6.6881293556489533e-14,0.00091346754925325513,4.4834828258899506e-06,0,0,0,1,1,1,-4.8827249338482003e-14,24,0.17933932325143312,0.039502360163876801
11,0.00029999999242136255,1,stationary_tool_reference,0,0,4294967295,4294967295,1,6,0.99999946355819702,0,0,0,0.99999956898300146,1.0000007561777344,1.8771406608397488e-09,0.0030301423994387733,-0.003953973253373988,0.00010240541539019432,3.0876209241796411e-07,loading,1.8771406608397488e-09,3.581184943276554e-05,1.6545566353668463e-14,0.00091346754925325513,2.0765289718838176e-06,0,0,0,1,1,1,-4.8827249338482003e-14,24,0.083061165685852867,0.024470864482873118
12,0.00032499999178980943,0,indented,0,0,4294967295,4294967295,1,5,0.99999886751174927,0,0,0.024999933317303658,0.99999890512412326,1.0000014159490791,1.8771406608397488e-09,0.0030978927807154832,0.019031646606890718,0.00010404346210179938,3.2735568412499538e-07,loading,1.8771406608397488e-09,8.3872633590212481e-05,5.650584442029719e-14,0.00076335790799930692,4.319391337048728e-06,0,0,0,1,1,1,-4.8827249338482003e-14,24,0.17277565287436242,0.04232132186683002
12,0.00032499999178980943,1,stationary_tool_reference,0,0,4294967295,4294967295,1,6,0.99999946355819702,0,0,0,0.99999956898300146,1.0000007573135654,1.8771406608397488e-09,0.0030624064347648527,-0.0063342602006741799,9.6566672340259174e-05,2.5520435602084006e-07,loading,1.8771406608397488e-09,3.5790802492560062e-05,1.6181481237693464e-14,0.00091346754925325513,2.1446767277666368e-06,0,0,0,1,1,1,-4.8827249338482003e-14,24,0.085787070732982834,0.02447084379802892
13,0.00034999999115825631,0,indented,0,0,4294967295,4294967295,1,5,0.99999934434890747,0,0,0.024996647611260414,0.99999929212310423,1.0000014159490791,1.8771406608397488e-09,0.0031979962332115974,-0.014787757940212032,0.00010403659285884714,3.0941625628111059e-07,loading,1.8771406608397488e-09,8.3618264026662578e-05,6.4740348435949424e-14,0.00091346754925325513,4.4011503632646054e-06,0,0,0,1,1,1,-4.8827249338482003e-14,24,0.17604601204391182,0.039502353566024571
13,0.00034999999115825631,1,stationary_tool_reference,0,0,4294967295,4294967295,1,6,0.99999946355819702,0,0,0,0.99999956898300146,1.0000007581365076,1.8771406608397488e-09,0.0030301424540084554,-0.0039223477579071186,0.00010267547634157381,3.0887023340073889e-07,loading,1.8771406608397488e-09,3.5807468645078932e-05,1.6467777160774413e-14,0.00091346754925325513,2.1681039470422547e-06,0,0,0,1,1,1,-4.8827249338482003e-14,24,0.086724163406349114,0.024470822344530473
14,0.00037499999052670319,0,indented,0,0,4294967295,4294967295,1,10,0.99993276596069336,0,0,0.024089910089969635,0.99993277169032457,1.0000014598467317,2.2819015484733436e-08,0.00344301182781237,0.020496927325439174,-7.7184959593523672e-05,-2.9530823148093091e-07,loading,2.2819015484733436e-08,0.00091624861731874521,5.1519793916792871e-13,0.00091346754925325513,4.9410618885303847e-06,0,0,0,1,1,1,-4.8827249338482003e-14,24,0.19764249345943169,0.042322296630950704
14,0.00037499999052670319,1,stationary_tool_reference,0,0,4294967295,4294967295,1,6,0.99999946355819702,0,0,0,0.99999956898300146,1.0000007586858575,1.8771406608397488e-09,0.0030624063892901177,-0.0062998036373755895,9.5766440239231088e-05,2.548841132920638e-07,loading,1.8771406608397488e-09,3.5877871489173539e-05,1.6829722750193852e-14,0.00091346754925325513,2.1104892766743433e-06,0,0,0,1,1,1,-4.8827249338482003e-14,24,0.084419578905430087,0.024470805372725331
15,0.00039999998989515007,0,indented,0,0,4294967295,4294967295,1,10,0.99976843595504761,0,0,0.022289052605628967,0.99976841404863803,1.0000078197659703,9.7788870334625244e-08,0.0040493079432053491,-0.007235207966004964,-0.00056942330786569073,-1.1518717833969281e-06,loading,9.7788870334625244e-08,0.0029965906939281085,7.3577765393032576e-12,0.0024695566389709711,5.6678190958336927e-06,0,0,0,1,1,1,-4.8827249338482003e-14,24,0.22671278037968007,0.059620966581250628
15,0.00039999998989515007,1,stationary_tool_reference,0,0,4294967295,4294967295,1,6,0.99999946355819702,0,0,0,0.99999956898300146,1.000000759255419,1.8771406608397488e-09,0.0030301424485514872,-0.0038861261200509034,0.00010230597760596538,3.0872234196431201e-07,loading,1.8771406608397488e-09,3.5788871458805146e-05,1.6147363068646159e-14,0.00091346754925325513,2.1459443360072328e-06,0,0,0,1,1,1,-4.8827249338482003e-14,24,0.085837774387594407,0.024470800863748355
16,0.00042499998926359694,0,indented,0,0,4294967295,4294967295,1,10,0.99947929382324219,0,0,0.020908119156956673,0.99947927065402287,1.0000078229029483,2.0395964384078979e-07,0.0043337164825061336,-0.0059780908050015569,-0.0010053738506030641,-1.9971770679258049e-06,loading,2.0395964384078979e-07,0.0042535726224680647,8.9551960709037489e-12,0.0044218022376298904,7.5691191341320518e-06,0,0,0,1,1,1,-4.8827249338482003e-14,24,0.30276479572227366,0.2227504677975515
16,0.00042499998926359694,1,stationary_tool_reference,0,0,4294967295,4294967295,1,6,0.99999946355819702,0,0,0,0.99999956898300146,1.0000007601109684,1.8771406608397488e-09,0.0030624063401774038,-0.0062420199610642157,9.652299081608362e-05,2.5518683373229534e-07,loading,1.8771406608397488e-09,3.5858987275981516e-05,1.6347745634339263e-14,0.00091346754925325513,2.1593752990156645e-06,0,0,0,1,1,1,-4.8827249338482003e-14,24,0.086375017033043122,0.024470780865240196
