step,time_s,environment,arm,target_angle_deg,status_code,object_index,failing_index,completed_microsteps,fgmres_iterations,status_diagnostic_x,status_diagnostic_y,status_diagnostic_z,status_diagnostic_w,min_J,max_J,max_node_displacement_m,reaction_x_N,reaction_y_N,reaction_z_N,reaction_moment_y_Nm,phase,max_free_displacement_m,max_free_speed_m_s,kinetic_energy_J,max_material_state_change,certificate_residual,certificate_correction,certificate_volume,certificate_pressure,certificate_raw_accepted_flag,step_accepted,right_grip_constrained,measured_right_grip_angle_deg,current_fixed_nodes
0,2.4999999368446879e-05,0,bent,0.0078125,0,4294967295,4294967295,1,10,0.99976128339767456,0,0,0,0.99976128097772321,1.0000754054238039,2.8684735364903924e-07,0.39372786045714747,0.014588018879294395,-0.47012411151081324,-0.0076422696911370106,loading,2.5735245318401448e-07,0.010272625245254324,9.9150334140664703e-10,0,1.6419760868302546e-05,0,0,0,1,1,1,0.0077935060486869004,24
0,2.4999999368446879e-05,1,held_reference,0,0,4294967295,4294967295,1,10,0.99999910593032837,0,0,0,0.99999909208154647,1.00000113391817,1.8771406608397488e-09,0.003359013054478055,-0.0044767931776732439,-4.9123470944323344e-06,-2.7923535018931067e-07,loading,1.8771406608397488e-09,6.9258542197585921e-05,3.7750991443753793e-14,0,2.1121941244928166e-06,0,0,0,1,1,1,-4.8827249338482003e-14,24
1,4.9999998736893758e-05,0,bent,0.015625,0,4294967295,4294967295,1,10,0.99954086542129517,0,0,0,0.99954076403878822,1.000158797619517,5.7741999626159668e-07,0.7527235746383667,-0.020066329831024632,-0.94826445728540421,-0.013886235661488961,loading,5.2217388196273941e-07,0.010595179332803913,1.1471093776575464e-09,0,2.1854873921256512e-05,0,0,0,1,1,1,0.015630924730845389,24
1,4.9999998736893758e-05,1,held_reference,0,0,4294967295,4294967295,1,6,0.99999910593032837,0,0,0,0.99999909984057334,1.0000007498774528,1.8771406608397488e-09,0.0034258011969541258,-0.0069268677672198464,6.1827915089907037e-06,-3.9609586100004905e-07,loading,1.8771406608397488e-09,3.5464865382333079e-05,1.7298032623621815e-14,0,2.2334222649078583e-06,0,0,0,1,1,1,-4.8827249338482003e-14,24
2,7.4999998105340637e-05,0,bent,0.0234375,0,4294967295,4294967295,1,10,0.99939483404159546,0,0,0,0.99939482459622797,1.0002249600688624,8.6426734924316406e-07,0.67514263093471527,-0.017127509694546461,-1.3478276804089546,-0.019344922794483566,loading,7.889679362991492e-07,0.010691787670086833,1.3624487921132055e-09,0,2.5338718842249364e-05,0,0,0,1,1,1,0.023438764748504568,24
2,7.4999998105340637e-05,1,held_reference,0,0,4294967295,4294967295,1,6,0.99999910593032837,0,0,0,0.99999909978760326,1.0000007498774528,1.8771406608397488e-09,0.0033935373842268746,-0.0044801261828979477,1.3713402950088494e-05,-3.4186157198496496e-07,loading,1.8771406608397488e-09,3.5454599029286145e-05,1.6627759573061132e-14,0,2.1326109163055662e-06,0,0,0,1,1,1,-4.8827249338482003e-14,24
3,9.9999997473787516e-05,0,bent,0.03125,0,4294967295,4294967295,1,10,0.99927747249603271,0,0,0,0.99927750306844965,1.0002897490599771,1.1511147964118812e-06,0.50383396539837122,-0.0071560824289917946,-1.733025660738349,-0.02437868060847255,loading,1.0576947524436495e-06,0.010749311618016826,1.4840147915782244e-09,0,2.8520775231299922e-05,0,0,0,1,1,1,0.031270909488903105,24
3,9.9999997473787516e-05,1,held_reference,0,0,4294967295,4294967295,1,6,0.99999910593032837,0,0,0,0.99999909954826982,1.0000007498774528,1.8771406608397488e-09,0.0032608041692583356,-0.0068284815970400814,5.4889169263105941e-05,-9.6740630488057539e-08,loading,1.8771406608397488e-09,3.5570552803184372e-05,1.6982730176393272e-14,0,2.1667599412467098e-06,0,0,0,1,1,1,-4.8827249338482003e-14,24
4,0.0001249999968422344,0,bent,0.0390625,0,4294967295,4294967295,1,10,0.99916154146194458,0,0,0,0.99916159333393761,1.0003483026997513,1.4379621306048214e-06,0.46787080075591803,-0.020122630288824439,-2.122802359983325,-0.029317790294513701,loading,1.3283390681928782e-06,0.010805709937778697,1.5571775437368879e-09,0,3.25631262967363e-05,0,0,0,1,1,1,0.039078751697390605,24
4,0.0001249999968422344,1,held_reference,0,0,4294967295,4294967295,1,6,0.99999910593032837,0,0,0,0.99999910209157228,1.0000007498774528,1.8771406608397488e-09,0.003030142479474307,-0.0043805777586385375,9.7856033107746043e-05,3.0694251697968841e-07,loading,1.8771406608397488e-09,3.5573833018159626e-05,1.6571439902061674e-14,0,2.1643841137120035e-06,0,0,0,1,1,1,-4.8827249338482003e-14,24
5,0.00014999999621068127,0,bent,0.046875,0,4294967295,4294967295,1,10,0.9990735650062561,0,0,0,0.99907367427130611,1.0004194470857215,1.7248094710471102e-06,0.39506444334983826,-0.030913798371329904,-2.5008489601314068,-0.034130742123077651,loading,1.5990450771643883e-06,0.010811501162471329,1.6521034354318896e-09,0,3.5294040571898222e-05,0,0,0,1,1,1,0.046886591819195071,24
5,0.00014999999621068127,1,held_reference,0,0,4294967295,4294967295,1,6,0.99999910593032837,0,0,0,0.99999910227909994,1.0000007498774528,1.8771406608397488e-09,0.0030624063292634673,-0.0067087448405800387,9.2761364442139893e-05,2.5368208965664931e-07,loading,1.8771406608397488e-09,3.5691943943800567e-05,1.6583842570814462e-14,0,2.1643609215971082e-06,0,0,0,1,1,1,-4.8827249338482003e-14,24
6,0.00017499999557912815,0,bent,0.0546875,0,4294967295,4294967295,1,10,0.99898070096969604,0,0,0,0.99898077697237886,1.0004812913078507,2.0116569767533515e-06,0.34104686975479126,-0.031045512296259403,-2.8543155454099178,-0.038757722049175186,loading,1.8679328028128032e-06,0.010792317247211436,1.7257424487666841e-09,0,3.6986239138059318e-05,0,0,0,1,1,1,0.05469443796135931,24
6,0.00017499999557912815,1,held_reference,0,0,4294967295,4294967295,1,6,0.99999910593032837,0,0,0,0.99999909941409115,1.0000007498774528,1.8771406608397488e-09,0.0030301423612399958,-0.0060026349383406341,9.9740932938630067e-05,3.0769636538752793e-07,loading,1.8771406608397488e-09,3.5678203464997373e-05,1.6662179625164764e-14,0,2.1303110315784579e-06,0,0,0,1,1,1,-4.8827249338482003e-14,24
7,0.00019999999494757503,0,bent,0.0625,0,4294967295,4294967295,1,10,0.99890100955963135,0,0,0,0.99890115726413986,1.0005352286458991,2.2985045386800932e-06,0.087944358587265015,-0.044462824240326881,-3.1971524506807327,-0.043077180188986021,loading,2.1405802574884409e-06,0.010931795598576368,1.8320769567200668e-09,0,3.9260226913029328e-05,0,0,0,1,1,1,0.062526584795095416,24
7,0.00019999999494757503,1,held_reference,0,0,4294967295,4294967295,1,6,0.99999910593032837,0,0,0,0.99999910205471287,1.0000007506598032,1.8771406608397488e-09,0.0030301424267236143,-0.0056137398933060467,0.00010038446299631687,3.0795389328341118e-07,loading,1.8771406608397488e-09,3.5765869410107608e-05,1.6488167818730861e-14,0,2.2009996882843552e-06,0,0,0,1,1,1,-4.8827249338482003e-14,24
8,0.00022499999431602191,0,bent,0.0703125,0,4294967295,4294967295,1,10,0.99878907203674316,0,0,0,0.99878903742362346,1.000595413608699,2.5853518445597368e-06,0.10578811168670654,-0.025990072637796402,-3.5639909841120243,-0.047571774787440603,loading,2.411382113964445e-06,0.010864829399310175,1.85804732907203e-09,0,4.2082199797732756e-05,0,0,0,1,1,1,0.070334428788846659,24
8,0.00022499999431602191,1,held_reference,0,0,4294967295,4294967295,1,6,0.99999916553497314,0,0,0,0.99999914028970216,1.0000007525620189,1.8771406608397488e-09,0.0030624063947470859,-0.0062615458809887059,9.4887760724304826e-05,2.5453285474577558e-07,loading,1.8771406608397488e-09,3.572672960893014e-05,1.6642155969457119e-14,0,2.103290853483486e-06,0,0,0,1,1,1,-4.8827249338482003e-14,24
9,0.00024999999368446879,0,bent,0.078125,0,4294967295,4294967295,1,10,0.99865812063217163,0,0,0,0.99865812421811306,1.0006527427467411,2.8721994240846133e-06,-0.060409247875213623,-0.035360962152481079,-3.9220919273793697,-0.051740831600927024,loading,2.6840844486507244e-06,0.01092973144774978,1.9481254997097165e-09,0,4.3124498915858567e-05,0,0,0,1,1,1,0.078115787605167103,24
9,0.00024999999368446879,1,held_reference,0,0,4294967295,4294967295,1,6,0.99999946355819702,0,0,0,0.99999956898300146,1.0000007538087086,1.8771406608397488e-09,0.0030301425176730845,-0.0039276892421185039,0.00010148082790806257,3.0839225633462778e-07,loading,1.8771406608397488e-09,3.5700647813650169e-05,1.6122041066105935e-14,0,2.1310370357241482e-06,0,0,0,1,1,1,-4.8827249338482003e-14,24
10,0.00027499999305291567,0,bent,0.0859375,0,4294967295,4294967295,1,10,0.99852269887924194,0,0,0,0.99852260934295467,1.0007083038815974,3.1590470311094563e-06,-0.11482563614845276,-0.030541802756488323,-4.2730876132845879,-0.055873445156071073,loading,2.9568125409551418e-06,0.010892494815129401,2.0192153426066255e-09,0,4.4683416490443051e-05,0,0,0,1,1,1,0.085923637169976586,24
10,0.00027499999305291567,1,held_reference,0,0,4294967295,4294967295,1,6,0.99999946355819702,0,0,0,0.99999956898300146,1.0000007549605376,1.8771406608397488e-09,0.0030624063620052766,-0.0063511943080811761,9.4880660896023983e-05,2.5452997009051594e-07,loading,1.8771406608397488e-09,3.5779121637121007e-05,1.6824655661614296e-14,0,2.1973660295770969e-06,0,0,0,1,1,1,-4.8827249338482003e-14,24
11,0.00029999999242136255,0,bent,0.09375,0,4294967295,4294967295,1,10,0.99837994575500488,0,0,0,0.99837993888668009,1.0007656482598934,3.4458946587667023e-06,-0.20292520523071289,-0.041356803849339485,-4.6167624294757843,-0.060034187706315759,loading,3.2277743617217605e-06,0.010857169914547306,2.0577522675404879e-09,0,4.6900309826014563e-05,0,0,0,1,1,1,0.093741456815195023,24
11,0.00029999999242136255,1,held_reference,0,0,4294967295,4294967295,1,6,0.99999946355819702,0,0,0,0.99999956898300146,1.0000007561850786,1.8771406608397488e-09,0.0030301424976642011,-0.0039539145727758296,0.00010165826836328051,3.0846315829148793e-07,loading,1.8771406608397488e-09,3.5791895923304752e-05,1.664266666795756e-14,0,2.0788277197425487e-06,0,0,0,1,1,1,-4.8827249338482003e-14,24
12,0.00032499999178980943,0,bent,0.1015625,0,4294967295,4294967295,1,10,0.99824368953704834,0,0,0,0.99824381517788852,1.0008212441845128,3.7327423022997766e-06,-0.41978853940963745,-0.055457980837672949,-4.9406713061034679,-0.063958561694269417,loading,3.5005884805799949e-06,0.010935260378961725,2.2165055075333585e-09,0,4.8086170863825828e-05,0,0,0,1,1,1,0.10154930840588204,24
12,0.00032499999178980943,1,held_reference,0,0,4294967295,4294967295,1,6,0.99999946355819702,0,0,0,0.99999956898300146,1.0000007573211593,1.8771406608397488e-09,0.0030624064238509163,-0.0063358768748003058,9.6032907578091908e-05,2.5499086204945305e-07,loading,1.8771406608397488e-09,3.5769179823306313e-05,1.6324588105215463e-14,0,2.1447071958391462e-06,0,0,0,1,1,1,-4.8827249338482003e-14,24
13,0.00034999999115825631,0,bent,0.109375,0,4294967295,4294967295,1,10,0.99811035394668579,0,0,0,0.99811033251998604,1.0008722866311037,4.0195899583098673e-06,-0.46402633190155029,-0.057848881930112839,-5.2938392870128155,-0.067945001271771124,loading,3.7733959264084427e-06,0.010894597410035846,2.2081851970462143e-09,0,4.9472655518911779e-05,0,0,0,1,1,1,0.1093571611678788,24
13,0.00034999999115825631,1,held_reference,0,0,4294967295,4294967295,1,6,0.99999946355819702,0,0,0,0.99999956898300146,1.0000007581446622,1.8771406608397488e-09,0.0030301425231300527,-0.0039292396395467222,0.00010243810990573365,3.087751545663196e-07,loading,1.8771406608397488e-09,3.5801899651524994e-05,1.6474442381696376e-14,0,2.1681235011783428e-06,0,0,0,1,1,1,-4.8827249338482003e-14,24
14,0.00037499999052670319,0,bent,0.1171875,0,4294967295,4294967295,1,10,0.99797403812408447,0,0,0,0.99797404628870567,1.0009266131439634,4.3064376243037275e-06,-0.57402747869491577,-0.045407594181597233,-5.6244108378887177,-0.07158299248534411,loading,4.0462344234321676e-06,0.010905572338991977,2.2892015150081636e-09,0,5.1074304792564362e-05,0,0,0,1,1,1,0.11716501450738653,24
14,0.00037499999052670319,1,held_reference,0,0,4294967295,4294967295,1,6,0.99999946355819702,0,0,0,0.99999956898300146,1.0000007586939621,1.8771406608397488e-09,0.0030624065002484713,-0.0063017234497237951,9.657192481427046e-05,2.5520643881100103e-07,loading,1.8771406608397488e-09,3.5866084337655185e-05,1.6833634464330135e-14,0,2.1104758616274921e-06,0,0,0,1,1,1,-4.8827249338482003e-14,24
15,0.00039999998989515007,0,bent,0.125,0,4294967295,4294967295,1,10,0.99782824516296387,0,0,0,0.99782820883053147,1.001006836861601,4.5932857940963141e-06,-0.54926210641860962,-0.055336473509669304,-5.9761556088924408,-0.07591935401180723,loading,4.3190612274845943e-06,0.010949803939866805,2.2851665363987044e-09,0,5.2662329835584387e-05,0,0,0,1,1,1,0.12499717957477265,24
15,0.00039999998989515007,1,held_reference,0,0,4294967295,4294967295,1,6,0.99999946355819702,0,0,0,0.99999956898300146,1.0000007592633293,1.8771406608397488e-09,0.0030301425085781375,-0.0038881469590705819,0.00010281762692443408,3.0892698412753793e-07,loading,1.8771406608397488e-09,3.5778082119941125e-05,1.616669687207753e-14,0,2.1459600247908384e-06,0,0,0,1,1,1,-4.8827249338482003e-14,24
16,0.00042499998926359694,0,bent,0.1328125,0,4294967295,4294967295,1,10,0.9976927638053894,0,0,0,0.99769280260824955,1.0011007506830105,4.8801334901837429e-06,-0.72894996404647827,-0.065930101089179516,-6.2948076166212559,-0.079612289539197134,loading,4.5919141424275033e-06,0.010919356531428974,2.3577833595947375e-09,0,5.3493207815336064e-05,0,0,0,1,1,1,0.1328050346085087,24
16,0.00042499998926359694,1,held_reference,0,0,4294967295,4294967295,1,6,0.99999946355819702,0,0,0,0.99999956898300146,1.0000007601182348,1.8771406608397488e-09,0.0030624064165749587,-0.0062423470808425918,9.6847385350429249e-05,2.5531667596078433e-07,loading,1.8771406608397488e-09,3.584678199850988e-05,1.6344144025516048e-14,0,2.1592638859146973e-06,0,0,0,1,1,1,-4.8827249338482003e-14,24
17,0.00044999998863204382,0,bent,0.140625,0,4294967295,4294967295,1,10,0.9975578784942627,0,0,0,0.99755790077629314,1.0012134567342132,5.1669811901423485e-06,-0.78771519660949707,-0.070458357222378254,-6.6290911361575127,-0.083503956380621053,loading,4.864798513215312e-06,0.010938169307751008,2.4164919681150656e-09,0,5.4329753766069189e-05,0,0,0,1,1,1,0.14061289828462992,24
17,0.00044999998863204382,1,held_reference,0,0,4294967295,4294967295,1,6,0.99999946355819702,0,0,0,0.99999956898300146,1.0000007601328564,1.8771406608397488e-09,0.0030301425158540951,-0.0038248312557698227,0.00010303598304517436,3.0901420481495696e-07,loading,1.8771406608397488e-09,3.5902596913326719e-05,1.6957918171304623e-14,0,2.115096322086174e-06,0,0,0,1,1,1,-4.8827249338482003e-14,24
18,0.0004749999880004907,0,bent,0.1484375,0,4294967295,4294967295,1,10,0.99741888046264648,0,0,0,0.99741885133001529,1.0013313054675146,5.4538294698711711e-06,-0.8428884744644165,-0.048012793064117432,-6.9666379801928997,-0.086976159193527566,loading,5.1395633704071787e-06,0.010981760797552751,2.4958517877373679e-09,0,5.5893251555971801e-05,0,0,0,1,1,1,0.14842076443657862,24
18,0.0004749999880004907,1,held_reference,0,0,4294967295,4294967295,1,6,0.99999946355819702,0,0,0,0.99999956898300146,1.0000007608826291,1.8771406608397488e-09,0.0030624063147115521,-0.0061839996924391016,9.702033932512677e-05,2.553859404069951e-07,loading,1.8771406608397488e-09,3.5801335261967099e-05,1.6161920745234435e-14,0,2.0919403596053598e-06,0,0,0,1,1,1,-4.8827249338482003e-14,24
19,0.00049999998736893758,0,bent,0.15625,0,4294967295,4294967295,1,10,0.99726051092147827,0,0,0,0.99726056347882286,1.001481617812358,5.7406778080758212e-06,-1.2038975954055786,-0.070676486939191818,-7.2332191895693541,-0.089884996522606883,loading,5.4184239508385045e-06,0.012354934652346283,3.3965113362190485e-09,0,5.4881173127796501e-05,0,0,0,1,1,1,0.15627036189077387,24
19,0.00049999998736893758,1,held_reference,0,0,4294967295,4294967295,1,7,0.99999946355819702,0,0,0,0.99999956898300146,1.0000007612079636,1.8771406608397488e-09,0.003030142589523166,-0.0037243245460558683,0.00010319277049575248,3.0907711157942656e-07,loading,1.8771406608397488e-09,3.5108765944660992e-05,1.7754886650174766e-14,0,2.1221155748207821e-06,0,0,0,1,1,1,-4.8827249338482003e-14,24
20,0.00052499998673738446,0,bent,0.1640625,0,4294967295,4294967295,1,10,0.99714386463165283,0,0,0,0.99714385246891857,1.0015972597348941,6.0275258805360416e-06,-1.0269079208374023,-0.08308856375515461,-7.5928861573338509,-0.094093865608379734,loading,5.6912614085272287e-06,0.010888091275533592,2.221939021468689e-09,0,5.6297274568350986e-05,0,0,0,1,1,1,0.16405174419851812,24
20,0.00052499998673738446,1,held_reference,0,0,4294967295,4294967295,1,6,0.99999946355819702,0,0,0,0.99999956898300146,1.0000007614149093,1.8771406608397488e-09,0.0030624063838331494,-0.0061196959504741244,9.7149613480951302e-05,2.5543751445729821e-07,loading,1.8771406608397488e-09,3.5814916905273468e-05,1.6338146609443898e-14,0,2.1088835637783632e-06,0,0,0,1,1,1,-4.8827249338482003e-14,24
21,0.00054999998610583134,0,bent,0.171875,0,4294967295,4294967295,1,10,0.99694985151290894,0,0,0,0.99694995013139798,1.0017524880252522,6.3143741589258414e-06,-1.2148032188415527,-0.081401374191045761,-7.8623545318841934,-0.097234234755527879,loading,5.964493202097601e-06,0.012206068000935745,3.4274756909533466e-09,0,5.5670989240752533e-05,0,0,0,1,1,1,0.17185961456253038,24
21,0.00054999998610583134,1,held_reference,0,0,4294967295,4294967295,1,6,0.99999946355819702,0,0,0,0.99999956898300146,1.0000007618005622,1.8771406608397488e-09,0.0030301424776553176,-0.0037292835186235607,0.00010327425792411304,3.0910958097956597e-07,loading,1.8771406608397488e-09,3.5747221077500431e-05,1.6045797185178081e-14,0,2.0703876089100959e-06,0,0,0,1,1,1,-4.8827249338482003e-14,24
22,0.00057499998547427822,0,bent,0.1796875,0,4294967295,4294967295,1,10,0.99674028158187866,0,0,0,0.99674052696136894,1.0018735088743309,6.6049476440378748e-06,-1.1082448959350586,-0.073031861335039139,-8.2168356850743294,-0.10091425249565102,loading,6.2393069901438091e-06,0.011002407294702012,2.3425643404101179e-09,0,5.7728622778085992e-05,0,0,0,1,1,1,0.17969382504310322,24
22,0.00057499998547427822,1,held_reference,0,0,4294967295,4294967295,1,7,0.99999946355819702,0,0,0,0.99999956898300146,1.0000007625574294,1.8771406608397488e-09,0.0030624063947470859,-0.0062988952631712891,9.7278112718868215e-05,2.5548899357818249e-07,loading,1.8771406608397488e-09,3.5175762039667744e-05,1.7840931087434988e-14,0,2.1636017208948033e-06,0,0,0,1,1,1,-4.8827249338482003e-14,24
23,0.0005999999848427251,0,bent,0.1875,0,4294967295,4294967295,1,10,0.99645721912384033,0,0,0,0.99645724798049717,1.0020323320702926,6.8917961136655261e-06,-1.4623256921768188,-0.080364001914858818,-8.4707665368914604,-0.10384048751950212,loading,6.5144554737728758e-06,0.012760491359785648,3.5610987906158035e-09,0,5.7138757256325334e-05,0,0,0,1,1,1,0.18751492618503987,24
23,0.0005999999848427251,1,held_reference,0,0,4294967295,4294967295,1,7,0.99999946355819702,0,0,0,0.99999956898300146,1.0000007624371701,1.8771406608397488e-09,0.0030301423439595965,-0.0036428080129553564,0.00010338366567452795,3.0915338191971358e-07,loading,1.8771406608397488e-09,3.3565590793203511e-05,1.863175824712485e-14,0,2.1630808078043628e-06,0,0,0,1,1,1,-4.8827249338482003e-14,24
24,0.00062499998421117198,0,bent,0.1953125,0,4294967295,4294967295,1,10,0.99625211954116821,0,0,0,0.9962522710661178,1.0021539135850439,7.1786446148794392e-06,-1.2401070594787598,-0.08139512874186039,-8.8363641127943993,-0.10779461173350564,loading,6.7873421190695442e-06,0.010940588002696844,2.3651683015657237e-09,0,5.8791458286577836e-05,0,0,0,1,1,1,0.19532281137089266,24
24,0.00062499998421117198,1,held_reference,0,0,4294967295,4294967295,1,6,0.99999946355819702,0,0,0,0.99999956898300146,1.000000763225007,1.8771406608397488e-09,0.0030624064020230435,-0.0060011844398104586,9.7310179654641615e-05,2.5550157027464589e-07,loading,1.8771406608397488e-09,3.6126647602659852e-05,1.675221160376689e-14,0,2.1065347937110346e-06,0,0,0,1,1,1,-4.8827249338482003e-14,24
25,0.00064999998357961886,0,bent,0.203125,0,4294967295,4294967295,1,10,0.99597173929214478,0,0,0,0.99597163676325662,1.0023084822885824,7.4654931440386726e-06,-1.4789935350418091,-0.09486282616853714,-9.0866804271936417,-0.11077890755209861,loading,7.0624808283578156e-06,0.012692212680029485,3.4880400159029554e-09,0,5.910484105697833e-05,0,0,0,1,1,1,0.20313068721173855,24
25,0.00064999998357961886,1,held_reference,0,0,4294967295,4294967295,1,6,0.99999946355819702,0,0,0,0.99999956898300146,1.0000007636134076,1.8771406608397488e-09,0.0030301424785648123,-0.0036047109169885516,0.00010342264980067739,3.0916893832818431e-07,loading,1.8771406608397488e-09,3.5727480072371395e-05,1.6062452828344659e-14,0,2.154460617020959e-06,0,0,0,1,1,1,-4.8827249338482003e-14,24
26,0.00067499998294806574,0,bent,0.2109375,0,4294967295,4294967295,1,10,0.99570244550704956,0,0,0,0.99570260135091004,1.0024596706191073,7.7523416980411689e-06,-1.5751488208770752,-0.074229098856449127,-9.3705509509891272,-0.11377011801435556,loading,7.3394175160390965e-06,0.012759350920509532,3.3316999659837243e-09,0,5.833142131450586e-05,0,0,0,1,1,1,0.21094966114591238,24
26,0.00067499998294806574,1,held_reference,0,0,4294967295,4294967295,1,6,0.99999946355819702,0,0,0,0.99999956898300146,1.0000007638034834,1.8771406608397488e-09,0.003062406449316768,-0.0059751093649538234,9.7364775115238444e-05,2.5552356187836253e-07,loading,1.8771406608397488e-09,3.5805149369941566e-05,1.64138634185757e-14,0,2.1591249605990015e-06,0,0,0,1,1,1,-4.8827249338482003e-14,24
27,0.00069999998231651261,0,bent,0.21875,0,4294967295,4294967295,1,10,0.99548745155334473,0,0,0,0.99548731866412288,1.0025839256500237,8.0391911508474534e-06,-1.3619740009307861,-0.095174194313585758,-9.7189025059342384,-0.11774384180281669,loading,7.6104855176417021e-06,0.010846778586068046,2.440560654611854e-09,0,5.9833182604052126e-05,0,0,0,1,1,1,0.21877078255929591,24
27,0.00069999998231651261,1,held_reference,0,0,4294967295,4294967295,1,7,0.99999946355819702,0,0,0,0.99999956898300146,1.0000007639049524,1.8771406608397488e-09,0.0030301424221761408,-0.0034711280604824424,0.00010347503396701541,3.091900120316492e-07,loading,1.8771406608397488e-09,3.5267274264415642e-05,1.8501967261456549e-14,0,2.1194055079831742e-06,0,0,0,1,1,1,-4.8827249338482003e-14,24
28,0.00072499998168495949,0,bent,0.2265625,0,4294967295,4294967295,1,10,0.99520611763000488,0,0,0,0.99520621961613875,1.0027432419063662,8.3260397688109941e-06,-1.774977445602417,-0.092538081109523773,-9.9890312813222408,-0.12077389200066176,loading,7.8874841033301403e-06,0.01272754749080344,3.4544562755370682e-09,0,6.0167447372805327e-05,0,0,0,1,1,1,0.22657868843323525,24
28,0.00072499998168495949,1,held_reference,0,0,4294967295,4294967295,1,6,0.99999946355819702,0,0,0,0.99999956898300146,1.0000007645064548,1.8771406608397488e-09,0.0030624064056610223,-0.0058505519918981008,9.7449862266785203e-05,2.5555769455968379e-07,loading,1.8771406608397488e-09,3.5789395717629962e-05,1.595378243915906e-14,0,2.1496500721696066e-06,0,0,0,1,1,1,-4.8827249338482003e-14,24
29,0.00074999998105340637,0,bent,0.234375,0,4294967295,4294967295,1,10,0.99499690532684326,0,0,0,0.99499706432642909,1.002867434044058,8.6128893473306374e-06,-1.4355727434158325,-0.086715852841734886,-10.322751395404339,-0.12474211046043571,loading,8.160438261114294e-06,0.010892771020937133,2.4590935227987747e-09,0,6.155106530059129e-05,0,0,0,1,1,1,0.23438659767447653,24
29,0.00074999998105340637,1,held_reference,0,0,4294967295,4294967295,1,6,0.99999946355819702,0,0,0,0.99999956898300146,1.0000007643097677,1.8771406608397488e-09,0.0030301425713332719,-0.0034668473817873746,0.00010363499720256186,3.0925405105608652e-07,loading,1.8771406608397488e-09,3.5921173855426993e-05,1.6701560279218265e-14,0,2.1527916942432057e-06,0,0,0,1,1,1,-4.8827249338482003e-14,24
30,0.00077499998042185325,0,bent,0.2421875,0,4294967295,4294967295,1,10,0.99470752477645874,0,0,0,0.99470765933954974,1.0030572322754483,8.8997380148956413e-06,-1.664070725440979,-0.10056066326797009,-10.571144185960293,-0.12772361271867724,loading,8.4338371922892252e-06,0.013408971812738838,3.7312317956944173e-09,0,6.1344224377535284e-05,0,0,0,1,1,1,0.24220557919317376,24
30,0.00077499998042185325,1,held_reference,0,0,4294967295,4294967295,1,6,0.99999946355819702,0,0,0,0.99999956898300146,1.0000007647752678,1.8771406608397488e-09,0.0030624062965216581,-0.0058447589108254761,9.7605962423585879e-05,2.5562010205248932e-07,loading,1.8771406608397488e-09,3.0434987018951881e-05,1.6170013136851694e-14,0,2.1360003756853985e-06,0,0,0,1,1,1,-4.8827249338482003e-14,24
31,0.00079999997979030013,0,bent,0.25,0,4294967295,4294967295,1,10,0.99443840980529785,0,0,0,0.99443819825090118,1.0032420600935388,9.1865876979529841e-06,-1.7535231113433838,-0.10145212151110172,-10.867284663021564,-0.13091283738654172,loading,8.71081624064492e-06,0.012951610697221295,3.3465045079565198e-09,0,6.1352460761554539e-05,0,0,0,1,1,1,0.25000022428743224,24
31,0.00079999997979030013,1,held_reference,0,0,4294967295,4294967295,1,7,0.99999946355819702,0,0,0,0.99999956898300146,1.0000007647743963,1.8771406608397488e-09,0.0030301424631034024,-0.0033625059004407376,0.000103742885784186,3.0929705964808806e-07,loading,1.8771406608397488e-09,3.5673143370919001e-05,1.7851297099900033e-14,0,2.1463715711433906e-06,0,0,0,1,1,1,-4.8827249338482003e-14,24
32,0.00082499997915874701,0,bent,0.25,0,4294967295,4294967295,1,10,0.99377846717834473,0,0,0,0.99377830790844568,1.0037263155028242,9.1865876979529841e-06,-2.0827592611312866,-0.14461569674313068,-10.454520845785737,-0.12311988202403396,hold,8.7472014006997007e-06,0.033683703412745972,1.1524782480832282e-08,0,5.075916851637885e-05,0,0,0,1,1,1,0.25000022428743224,24
32,0.00082499997915874701,1,held_reference,0,0,4294967295,4294967295,1,6,0.99999946355819702,0,0,0,0.99999956898300146,1.0000007648774751,1.8771406608397488e-09,0.0030624064202129375,-0.0057713825663086027,9.7685105799882876e-05,2.5565176344389315e-07,hold,1.8771406608397488e-09,3.022523874077689e-05,1.6453586348855093e-14,0,2.1407311123766704e-06,0,0,0,1,1,1,-4.8827249338482003e-14,24
33,0.00084999997852719389,0,bent,0.25,0,4294967295,4294967295,1,10,0.99352765083312988,0,0,0,0.99352764509488345,1.003943583591451,9.1865876979529841e-06,-2.1669524908065796,-0.095536990091204643,-10.284834712743759,-0.11974030519891862,hold,8.7500907793134767e-06,0.012140745556852926,1.2919576867010933e-09,0,4.5245713408803567e-05,0,0,0,1,1,1,0.25000022428743224,24
33,0.00084999997852719389,1,held_reference,0,0,4294967295,4294967295,1,7,0.99999946355819702,0,0,0,0.99999956898300146,1.0000007648654901,1.8771406608397488e-09,0.0030301423876153422,-0.0033414432255085558,0.00010380834433476593,3.0932329401093673e-07,hold,1.8771406608397488e-09,3.5407988912520836e-05,1.7335212023370221e-14,0,2.1370967715483857e-06,0,0,0,1,1,1,-4.8827249338482003e-14,24
34,0.00087499997789564077,0,bent,0.25,0,4294967295,4294967295,1,10,0.99304860830307007,0,0,0,0.99304854168426115,1.0043445066310885,9.1865876979529841e-06,-1.462227463722229,-0.123749740421772,-10.202888059429824,-0.11864439126143039,hold,8.754794289244277e-06,0.02279970487936386,5.0388069618855036e-09,0,4.0003942558541894e-05,0,0,0,1,1,1,0.25000022428743224,24
34,0.00087499997789564077,1,held_reference,0,0,4294967295,4294967295,1,6,0.99999946355819702,0,0,0,0.99999956898300146,1.0000007652580098,1.8771406608397488e-09,0.0030624062892457005,-0.0057683179911691695,9.7731708251558302e-05,2.5567042077454927e-07,hold,1.8771406608397488e-09,3.0015092776965109e-05,1.6277370172764869e-14,0,2.1734902020398295e-06,0,0,0,1,1,1,-4.8827249338482003e-14,24
35,0.00089999997726408765,0,bent,0.25,0,4294967295,4294967295,1,10,0.99292027950286865,0,0,0,0.99292038164786056,1.0044947030685241,9.1865876979529841e-06,-1.8734719753265381,-0.09081011638045311,-10.041547983884811,-0.11569206605425009,hold,8.7611634615765444e-06,0.0077134829464839804,6.7450416075689344e-10,0,3.6885732697555795e-05,0,0,0,1,1,1,0.25000022428743224,24
35,0.00089999997726408765,1,held_reference,0,0,4294967295,4294967295,1,6,0.99999946355819702,0,0,0,0.99999956898300146,1.0000007648603275,1.8771406608397488e-09,0.0030301425158540951,-0.0033512722802697681,0.00010381958892935472,3.0932787646997877e-07,hold,1.8771406608397488e-09,3.6236849862679136e-05,1.598783050492033e-14,0,2.1473510969372001e-06,0,0,0,1,1,1,-4.8827249338482003e-14,24
36,0.00092499997663253453,0,bent,0.25,0,4294967295,4294967295,1,10,0.99255627393722534,0,0,0,0.99255638104466781,1.0048854465211428,9.1865876979529841e-06,-1.3097913265228271,-0.1658526798710227,-9.8688430455513299,-0.11396695576346741,hold,8.7699868113659644e-06,0.019762004483717795,4.7254356832478283e-09,0,3.3515509130666032e-05,0,0,0,1,1,1,0.25000022428743224,24
36,0.00092499997663253453,1,held_reference,0,0,4294967295,4294967295,1,6,0.99999946355819702,0,0,0,0.99999956898300146,1.0000007653299023,1.8771406608397488e-09,0.0030624063183495309,-0.0057248107477789745,9.7753701027158968e-05,2.5567914537532469e-07,hold,1.8771406608397488e-09,2.9940370187252269e-05,1.5948863471497323e-14,0,2.1048911094112555e-06,0,0,0,1,1,1,-4.8827249338482003e-14,24
37,0.00094999997600098141,0,bent,0.25,0,4294967295,4294967295,1,10,0.99249303340911865,0,0,0,0.9924932493307197,1.0049693062856253,9.1865876979529841e-06,-1.5834804773330688,-0.092228678986430168,-9.7600947754690424,-0.11205406928457601,hold,8.8117994912244146e-06,0.0051268057078216762,3.7690666652602868e-10,0,3.1030576792545617e-05,0,0,0,1,1,1,0.25000022428743224,24
37,0.00094999997600098141,1,held_reference,0,0,4294967295,4294967295,1,7,0.99999946355819702,0,0,0,0.99999956898300146,1.0000007653461838,1.8771406608397488e-09,0.0030301424658318865,-0.0032370276458095759,0.00010384968823018426,3.0934002262529207e-07,hold,1.8771406608397488e-09,3.5743346431455564e-05,1.7566699562650142e-14,0,2.1959208424959797e-06,0,0,0,1,1,1,-4.8827249338482003e-14,24
38,0.00097499997536942828,0,bent,0.25,0,4294967295,4294967295,1,10,0.99223065376281738,0,0,0,0.99223067084638328,1.0052728479624948,9.2154591470619921e-06,-1.0978866815567017,-0.18617004808038473,-9.5972778587602079,-0.11057508612260045,hold,9.2154591470619921e-06,0.016171467728139641,3.9456892588002749e-09,0,2.8701591872959398e-05,0,0,0,1,1,1,0.25000022428743224,24
38,0.00097499997536942828,1,held_reference,0,0,4294967295,4294967295,1,6,0.99999946355819702,0,0,0,0.99999956898300146,1.0000007653747942,1.8771406608397488e-09,0.0030624064074800117,-0.005645612531225197,9.776155636131989e-05,2.5568235564423943e-07,hold,1.8771406608397488e-09,2.9985130744707431e-05,1.6028024037038753e-14,0,2.1302555524016498e-06,0,0,0,1,1,1,-4.8827249338482003e-14,24
39,0.00099999997473787516,0,bent,0.25,0,4294967295,4294967295,1,10,0.99219661951065063,0,0,0,0.9921966046642432,1.005329630628387,9.3063743845807611e-06,-1.2895125150680542,-0.077311327680945396,-9.5085606640204787,-0.10944095382363417,hold,9.3063743845807611e-06,0.0036355995004902102,2.401658048397402e-10,0,2.6704283300205134e-05,0,0,0,1,1,1,0.25000022428743224,24
39,0.00099999997473787516,1,held_reference,0,0,4294967295,4294967295,1,6,0.99999946355819702,0,0,0,0.99999956898300146,1.0000007655067831,1.8771406608397488e-09,0.0030301424912977382,-0.003268613334512338,0.00010386048134591874,3.0934426908879655e-07,hold,1.8771406608397488e-09,3.0227282788229594e-05,1.589838687507542e-14,0,2.1468674731295323e-06,0,0,0,1,1,1,-4.8827249338482003e-14,24
40,0.001024999974106322,0,bent,0.25,0,4294967295,4294967295,1,10,0.99205571413040161,0,0,0,0.99205545841124088,1.0055314856724709,9.5926706216818968e-06,-1.0179328918457031,-0.18325844034552574,-9.3571316655725241,-0.10856836499784002,hold,9.5926706216818968e-06,0.011483863386124551,2.490609586909044e-09,0,2.5628871298977174e-05,0,0,0,1,1,1,0.25000022428743224,24
40,0.001024999974106322,1,held_reference,0,0,4294967295,4294967295,1,7,0.99999946355819702,0,0,0,0.99999956898300146,1.0000007660025814,1.8771406608397488e-09,0.0030624064092990011,-0.0058685237308964133,9.7831449380691993e-05,2.5571021595169439e-07,hold,1.8771406608397488e-09,3.5398979429910814e-05,1.6737835002079057e-14,0,2.1568541797023499e-06,0,0,0,1,1,1,-4.8827249338482003e-14,24
41,0.0010499999734747689,0,bent,0.25,0,4294967295,4294967295,1,10,0.99202525615692139,0,0,0,0.99202506145537828,1.0055702301832889,9.6664570962185725e-06,-1.0608940124511719,-0.09739417303353548,-9.3057775506749749,-0.10759986435132989,hold,9.6664570962185725e-06,0.0029715666863547102,1.8822225747652927e-10,0,2.4464678062940948e-05,0,0,0,1,1,1,0.25000022428743224,24
41,0.0010499999734747689,1,held_reference,0,0,4294967295,4294967295,1,7,0.99999946355819702,0,0,0,0.99999956898300146,1.0000007656065035,1.8771406608397488e-09,0.0030301424721983494,-0.0032370607805205509,0.0001039713651493912,3.0938831793719116e-07,hold,1.8771406608397488e-09,3.1298162512988436e-05,1.7293937727867214e-14,0,2.1269690932967933e-06,0,0,0,1,1,1,-4.8827249338482003e-14,24
42,0.0010749999728432158,0,bent,0.25,0,4294967295,4294967295,1,10,0.99194425344467163,0,0,0,0.99194433596476983,1.0056755534954724,9.826778210247376e-06,-0.99220407009124756,-0.14260160550475121,-9.2212651800364256,-0.10717232971708009,hold,9.826778210247376e-06,0.0064550497027195605,9.1873954758548775e-10,0,2.3294202037504874e-05,0,0,0,1,1,1,0.25000022428743224,24
42,0.0010749999728432158,1,held_reference,0,0,4294967295,4294967295,1,6,0.99999946355819702,0,0,0,0.99999956898300146,1.0000007660025092,1.8771406608397488e-09,0.0030624064529547468,-0.0056207200541393831,9.7968296074668615e-05,2.5576497239308019e-07,hold,1.8771406608397488e-09,3.6218575841564791e-05,1.5238293750896284e-14,0,2.1232499420875683e-06,0,0,0,1,1,1,-4.8827249338482003e-14,24
43,0.0010999999722116627,0,bent,0.25,0,4294967295,4294967295,1,10,0.99192392826080322,0,0,0,0.99192383134219253,1.005718671258985,9.9088251692312273e-06,-0.99969029426574707,-0.086221608333289623,-9.1516326293349266,-0.10644614432307445,hold,9.9088251692312273e-06,0.0032915336463133858,2.6737296950605057e-10,0,2.312521064595785e-05,0,0,0,1,1,1,0.25000022428743224,24
43,0.0010999999722116627,1,held_reference,0,0,4294967295,4294967295,1,7,0.99999946355819702,0,0,0,0.99999956898300146,1.0000007659193255,1.8771406608397488e-09,0.0030301425140351057,-0.0031372475204989314,0.00010409940190925226,3.0943958788702691e-07,hold,1.8771406608397488e-09,3.3211654783514746e-05,1.6361689521409027e-14,0,2.1228536297712708e-06,0,0,0,1,1,1,-4.8827249338482003e-14,24
44,0.0011249999715801096,0,bent,0.25,0,4294967295,4294967295,1,10,0.99187451601028442,0,0,0,0.99187446353460507,1.0057813138823977,1.0009010595336852e-05,-0.81273841857910156,-0.14345231873448938,-9.1113517414778471,-0.10632529798979302,hold,1.0009010595336852e-05,0.0040162777522796712,4.0485893034663079e-10,0,2.2202964828466065e-05,0,0,0,1,1,1,0.25000022428743224,24
44,0.0011249999715801096,1,held_reference,0,0,4294967295,4294967295,1,6,0.99999946355819702,0,0,0,0.99999956898300146,1.0000007658859855,1.8771406608397488e-09,0.003062406372919213,-0.0055636151519138366,9.8056092497245118e-05,2.5580024375813052e-07,hold,1.8771406608397488e-09,3.6242731872912185e-05,1.5272271414903175e-14,0,2.1438481780933216e-06,0,0,0,1,1,1,-4.8827249338482003e-14,24
45,0.0011499999709485564,0,bent,0.25,0,4294967295,4294967295,1,10,0.99185800552368164,0,0,0,0.99185806798321474,1.0058159420363513,1.0085841143413565e-05,-0.85254347324371338,-0.10130238812416792,-9.030121186748147,-0.10554590674810053,hold,1.0085841143413565e-05,0.0031544483121427819,2.6283340341546009e-10,0,2.1845737137482502e-05,0,0,0,1,1,1,0.25000022428743224,24
45,0.0011499999709485564,1,held_reference,0,0,4294967295,4294967295,1,6,0.99999946355819702,0,0,0,0.99999956898300146,1.0000007659811263,1.8771406608397488e-09,0.0030301423876153422,-0.0031835258851060644,0.00010415480718961589,3.0946197541470578e-07,hold,1.8771406608397488e-09,2.9944324629566403e-05,1.4751674197913379e-14,0,2.0726283764815889e-06,0,0,0,1,1,1,-4.8827249338482003e-14,24
46,0.0011749999703170033,0,bent,0.25,0,4294967295,4294967295,1,10,0.99181240797042847,0,0,0,0.99181253942661218,1.005862138652112,1.0177840335350417e-05,-0.77609241008758545,-0.13470573863014579,-8.9885109663009644,-0.10539053820141152,hold,1.0177840335350417e-05,0.0037232008376710353,3.7593850752970537e-10,0,2.1409006876638159e-05,0,0,0,1,1,1,0.25000022428743224,24
46,0.0011749999703170033,1,held_reference,0,0,4294967295,4294967295,1,8,0.99999946355819702,0,0,0,0.99999956898300146,1.0000007662270407,1.8771406608397488e-09,0.0030624064056610223,-0.0058555087452987209,9.8290085986718623e-05,2.5589378138101871e-07,hold,1.8771406608397488e-09,3.3041744916108341e-05,1.7759100750502897e-14,0,2.1642940737365279e-06,0,0,0,1,1,1,-4.8827249338482003e-14,24
47,0.0011999999696854502,0,bent,0.25,0,4294967295,4294967295,1,10,0.99180102348327637,0,0,0,0.99180100322243236,1.0059003168308971,1.024609746139144e-05,-0.82154083251953125,-0.10113255027681589,-8.940497849136591,-0.10504199072588677,hold,1.024609746139144e-05,0.0028675565820779222,2.2769793209724159e-10,0,2.0536010197247379e-05,0,0,0,1,1,1,0.25000022428743224,24
47,0.0011999999696854502,1,held_reference,0,0,4294967295,4294967295,1,6,0.99999946355819702,0,0,0,0.99999956898300146,1.0000007498774528,1.8771406608397488e-09,0.0030301424412755296,-0.0032635454263072461,0.00010433209209281813,3.0953290838806392e-07,hold,1.8771406608397488e-09,3.599643132863117e-05,1.5519127142187583e-14,0,2.1683256363758119e-06,0,0,0,1,1,1,-4.8827249338482003e-14,24
48,0.0012249999690538971,0,bent,0,0,4294967295,4294967295,1,17,0.99198168516159058,0,0,0,0.99198160214156439,1.0060065079647489,1.0202221943468183e-05,0,0,0,0,release,1.0202221943468183e-05,0.22036119152954925,2.8622838555855301e-07,0,8.8265813246835023e-05,0,0,0,1,1,0,0.13427082535044979,12
48,0.0012249999690538971,1,held_reference,0,0,4294967295,4294967295,1,6,0.99999946355819702,0,0,0,0.99999956898300146,1.0000007498774528,1.8771406608397488e-09,0,0,0,0,release,1.8771406608397488e-09,3.012544765856152e-05,1.4821989840595727e-14,0,2.0907709767925553e-06,0,0,0,1,1,0,-4.8827249424701793e-14,12
49,0.001249999968422344,0,bent,0,0,4294967295,4294967295,1,10,0.99209380149841309,0,0,0,0.99209374147761553,1.0059286458188523,9.9047801948734591e-06,0,0,0,0,release,9.9047801948734591e-06,0.016878265029397949,5.4806671565787595e-09,0,7.600890239700675e-05,0,0,0,1,1,0,0.12593758430302915,12
49,0.001249999968422344,1,held_reference,0,0,4294967295,4294967295,1,7,0.99999946355819702,0,0,0,0.99999956898300146,1.0000007498774528,1.8771406608397488e-09,0,0,0,0,release,1.8771406608397488e-09,3.5803519896288668e-05,1.6286975421392028e-14,0,2.1599996671284316e-06,0,0,0,1,1,0,-4.8827249510877204e-14,12
50,0.0012749999677907908,0,bent,0,0,4294967295,4294967295,1,10,0.99298477172851562,0,0,0,0.99298485468134412,1.0055279075539929,8.938645631119354e-06,0,0,0,0,release,8.938645631119354e-06,0.043292759776934059,4.0069032212576798e-08,0,6.3112267525866628e-05,0,0,0,1,1,0,0.10417737549486639,12
50,0.0012749999677907908,1,held_reference,0,0,4294967295,4294967295,1,6,0.99999946355819702,0,0,0,0.99999956898300146,1.0000007520329555,1.8771406608397488e-09,0,0,0,0,release,1.8771406608397488e-09,2.9914567282515527e-05,1.4703011414229571e-14,0,2.118044449161971e-06,0,0,0,1,1,0,-4.8827249534032089e-14,12
51,0.0012999999671592377,0,bent,0,0,4294967295,4294967295,1,10,0.99325555562973022,0,0,0,0.99325539073261393,1.0054316705668391,8.6451965767830999e-06,0,0,0,0,release,8.6451965767830999e-06,0.011742295016927858,1.4887945452181013e-09,0,5.7857025240082294e-05,0,0,0,1,1,0,0.099901896993092751,12
51,0.0012999999671592377,1,held_reference,0,0,4294967295,4294967295,1,6,0.99999946355819702,0,0,0,0.99999956898300146,1.0000007539509643,1.8771406608397488e-09,0,0,0,0,release,1.8771406608397488e-09,3.0182816048877368e-05,1.4296890921654381e-14,0,2.0796624085051008e-06,0,0,0,1,1,0,-4.8827249541188269e-14,12
52,0.0013249999665276846,0,bent,0,0,4294967295,4294967295,1,10,0.99558854103088379,0,0,0,0.99558827300908082,1.0041806803313247,6.4570004944696447e-06,0,0,0,0,release,6.4570004944696447e-06,0.087621060884007063,8.2082207755585341e-08,0,4.6743745770072564e-05,0,0,0,1,1,0,0.071257139060016211,12
52,0.0013249999665276846,1,held_reference,0,0,4294967295,4294967295,1,7,0.99999946355819702,0,0,0,0.99999956898300146,1.0000007561630961,1.8771406608397488e-09,0,0,0,0,release,1.8771406608397488e-09,3.5455370909392167e-05,1.6146374512937289e-14,0,2.167412048947881e-06,0,0,0,1,1,0,-4.882724954657735e-14,12
53,0.0013499999658961315,0,bent,0,0,4294967295,4294967295,1,10,0.99571323394775391,0,0,0,0.9957131313635017,1.0040682519907729,6.2848901678378089e-06,0,0,0,0,release,6.2848901678378089e-06,0.0069236006614482593,4.8483363604460724e-10,0,4.1064369725063443e-05,0,0,0,1,1,0,0.069737617936138391,12
53,0.0013499999658961315,1,held_reference,0,0,4294967295,4294967295,1,6,0.99999946355819702,0,0,0,0.99999956898300146,1.0000007574215901,1.8771406608397488e-09,0,0,0,0,release,1.8771406608397488e-09,3.0215186370213473e-05,1.4705779640401613e-14,0,2.0812999537156429e-06,0,0,0,1,1,0,-4.8827249554557461e-14,12
54,0.0013749999652645783,0,bent,0,0,4294967295,4294967295,1,10,0.99655503034591675,0,0,0,0.99655505960782276,1.0033677559638869,5.378290748927228e-06,0,0,0,0,release,5.378290748927228e-06,0.036314265429940554,1.3188159225209388e-08,0,3.6123874451732263e-05,0,0,0,1,1,0,0.060642127711720908,12
54,0.0013749999652645783,1,held_reference,0,0,4294967295,4294967295,1,7,0.99999946355819702,0,0,0,0.99999956898300146,1.0000007584404147,1.8771406608397488e-09,0,0,0,0,release,1.8771406608397488e-09,3.3282311446997889e-05,1.6159894066280956e-14,0,2.1779442249680869e-06,0,0,0,1,1,0,-4.8827249558590875e-14,12
55,0.0013999999646330252,0,bent,0,0,4294967295,4294967295,1,10,0.99667245149612427,0,0,0,0.99667243319958332,1.0032620751801298,5.2422327372735256e-06,0,0,0,0,release,5.2422327372735256e-06,0.0054284975016913421,3.5822742282715563e-10,0,3.3354805054841563e-05,0,0,0,1,1,0,0.05880386313384544,12
55,0.0013999999646330252,1,held_reference,0,0,4294967295,4294967295,1,6,0.99999946355819702,0,0,0,0.99999956898300146,1.0000007498774528,1.8771406608397488e-09,0,0,0,0,release,1.8771406608397488e-09,3.630112490767004e-05,1.4335868514053123e-14,0,2.1496034605661407e-06,0,0,0,1,1,0,-4.8827249564596202e-14,12
56,0.0014249999640014721,0,bent,0,0,4294967295,4294967295,1,10,0.99708235263824463,0,0,0,0.99708233456232676,1.0028824682781814,4.7765766743162796e-06,0,0,0,0,release,4.7765766743162796e-06,0.0186593404599159,4.1548864138202458e-09,0,3.0950726795708761e-05,0,0,0,1,1,0,0.052756187725301967,12
56,0.0014249999640014721,1,held_reference,0,0,4294967295,4294967295,1,7,0.99999946355819702,0,0,0,0.99999956898300146,1.0000007498774528,1.8771406608397488e-09,0,0,0,0,release,1.8771406608397488e-09,3.2882799624917226e-05,1.5849290794097334e-14,0,2.1201926756475586e-06,0,0,0,1,1,0,-4.8827249566228197e-14,12
57,0.001449999963369919,0,bent,0,0,4294967295,4294967295,1,10,0.99719470739364624,0,0,0,0.99719477895289388,1.0028035423076112,4.6449416796931867e-06,0,0,0,0,release,4.6449416796931867e-06,0.0052875933883927886,3.3882713781838433e-10,0,2.9428048947011121e-05,0,0,0,1,1,0,0.051465287930581693,12
57,0.001449999963369919,1,held_reference,0,0,4294967295,4294967295,1,7,0.99999946355819702,0,0,0,0.99999956898300146,1.0000007498774528,1.8771406608397488e-09,0,0,0,0,release,1.8771406608397488e-09,3.58091583966727e-05,1.6074856206970641e-14,0,2.1197890873736469e-06,0,0,0,1,1,0,-4.8827249571292028e-14,12
58,0.0014749999627383659,0,bent,0,0,4294967295,4294967295,1,10,0.9974287748336792,0,0,0,0.99742893990069836,1.0025873598796107,4.3744224551743802e-06,0,0,0,0,release,4.3744224551743802e-06,0.010850641338231676,1.4641728739758404e-09,0,2.7841573682962917e-05,0,0,0,1,1,0,0.048261175573688142,12
58,0.0014749999627383659,1,held_reference,0,0,4294967295,4294967295,1,7,0.99999946355819702,0,0,0,0.99999956898300146,1.0000007498774528,1.8771406608397488e-09,0,0,0,0,release,1.8771406608397488e-09,3.2730187712091679e-05,1.563163451485512e-14,0,2.1559515062108403e-06,0,0,0,1,1,0,-4.8827249566299845e-14,12
59,0.0014999999621068127,0,bent,0,0,4294967295,4294967295,1,10,0.99751907587051392,0,0,0,0.99751905624386294,1.0025080236459569,4.2558898533275533e-06,0,0,0,0,release,4.2558898533275533e-06,0.0047530031497733053,2.8951477080425713e-10,0,2.6489075025892816e-05,0,0,0,1,1,0,0.046861708318892935,12
59,0.0014999999621068127,1,held_reference,0,0,4294967295,4294967295,1,6,0.99999946355819702,0,0,0,0.99999956898300146,1.0000007498774528,1.8771406608397488e-09,0,0,0,0,release,1.8771406608397488e-09,3.6331190005687916e-05,1.4550269924230248e-14,0,2.1082610146549996e-06,0,0,0,1,1,0,-4.8827249572422415e-14,12
60,0.0015249999614752596,0,bent,0,0,4294967295,4294967295,1,10,0.99771749973297119,0,0,0,0.99771734968868364,1.0023057694184572,4.0164347791480294e-06,0,0,0,0,release,4.0164347791480294e-06,0.0095955473879972657,1.1870521962971426e-09,0,2.5727602405822836e-05,0,0,0,1,1,0,0.043916045288893729,12
60,0.0015249999614752596,1,held_reference,0,0,4294967295,4294967295,1,7,0.99999946355819702,0,0,0,0.99999956898300146,1.0000007513385385,1.8771406608397488e-09,0,0,0,0,release,1.8771406608397488e-09,3.1004667091088935e-05,1.5695694764430802e-14,0,2.1613334411085816e-06,0,0,0,1,1,0,-4.882724957001076e-14,12
61,0.0015499999608437065,0,bent,0,0,4294967295,4294967295,1,10,0.99780631065368652,0,0,0,0.9978063036241448,1.0022427236210512,3.9089151754356753e-06,0,0,0,0,release,3.9089151754356753e-06,0.0042835012060450633,2.4319561335463463e-10,0,2.4116994609357789e-05,0,0,0,1,1,0,0.042670239240919249,12
61,0.0015499999608437065,1,held_reference,0,0,4294967295,4294967295,1,7,0.99999946355819702,0,0,0,0.99999956898300146,1.0000007533843811,1.8771406608397488e-09,0,0,0,0,release,1.8771406608397488e-09,3.5831980834533279e-05,1.6158070929537717e-14,0,2.1027510683779838e-06,0,0,0,1,1,0,-4.8827249579119933e-14,12
62,0.0015749999602121534,0,bent,0,0,4294967295,4294967295,1,10,0.9979480504989624,0,0,0,0.99794828436000416,1.0020929260539559,3.7315650385287726e-06,0,0,0,0,release,3.7315650385287726e-06,0.0071045697550455459,6.8117581948202127e-10,0,2.324857450730633e-05,0,0,0,1,1,0,0.040455500046526267,12
62,0.0015749999602121534,1,held_reference,0,0,4294967295,4294967295,1,7,0.99999946355819702,0,0,0,0.99999956898300146,1.0000007498774528,1.8771406608397488e-09,0,0,0,0,release,1.8771406608397488e-09,3.1116061616461673e-05,1.5898355940738651e-14,0,2.1980313249514438e-06,0,0,0,1,1,0,-4.8827249627688035e-14,12
63,0.0015999999595806003,0,bent,0,0,4294967295,4294967295,1,10,0.99800318479537964,0,0,0,0.99800333372188066,1.0020321137771397,3.6347018399043492e-06,0,0,0,0,release,3.6347018399043492e-06,0.0038793955551068688,2.06908554020419e-10,0,2.3157883333624341e-05,0,0,0,1,1,0,0.039332894977281284,12
63,0.0015999999595806003,1,held_reference,0,0,4294967295,4294967295,1,7,0.99999946355819702,0,0,0,0.99999956898300146,1.0000007498774528,1.8771406608397488e-09,0,0,0,0,release,1.8771406608397488e-09,3.5884749793615675e-05,1.6332097704239231e-14,0,2.104738541675033e-06,0,0,0,1,1,0,-4.88272496868892e-14,12
64,0.0016249999589490471,0,bent,0,0,4294967295,4294967295,1,10,0.99808204174041748,0,0,0,0.99808215740677841,1.0019183018869786,3.4963483150293284e-06,0,0,0,0,release,3.4963483150293284e-06,0.0055409538140713498,4.2634141726663173e-10,0,2.2660993636236526e-05,0,0,0,1,1,0,0.037599441283562546,12
64,0.0016249999589490471,1,held_reference,0,0,4294967295,4294967295,1,7,0.99999946355819702,0,0,0,0.99999956898300146,1.0000007498774528,1.8771406608397488e-09,0,0,0,0,release,1.8771406608397488e-09,3.3002161519286681e-05,1.5590814593475298e-14,0,2.150647560483776e-06,0,0,0,1,1,0,-4.8827249690236885e-14,12
65,0.001649999958317494,0,bent,0,0,4294967295,4294967295,1,10,0.99812644720077515,0,0,0,0.99812645417381707,1.0018526058059281,3.4092172516114311e-06,0,0,0,0,release,3.4092172516114311e-06,0.0034814063464768882,1.712389104209791e-10,0,2.1077827113913372e-05,0,0,0,1,1,0,0.03657914330238566,12
65,0.001649999958317494,1,held_reference,0,0,4294967295,4294967295,1,7,0.99999934434890747,0,0,0,0.99999947585078208,1.0000007498774528,1.8771406608397488e-09,0,0,0,0,release,1.8771406608397488e-09,3.5849350979459548e-05,1.5912780995835227e-14,0,2.1112950889801141e-06,0,0,0,1,1,0,-4.8827249694386079e-14,12
66,0.0016749999576859409,0,bent,0,0,4294967295,4294967295,1,10,0.99819976091384888,0,0,0,0.99819956719251646,1.0017594250913964,3.2930292180410514e-06,0,0,0,0,release,3.2930292180410514e-06,0.004673370424824623,3.145814210777032e-10,0,2.04793868761044e-05,0,0,0,1,1,0,0.035137546741743041,12
66,0.0016749999576859409,1,held_reference,0,0,4294967295,4294967295,1,7,0.99999910593032837,0,0,0,0.99999927070196981,1.0000007498774528,1.8771406608397488e-09,0,0,0,0,release,1.8771406608397488e-09,3.165848574493718e-05,1.5992815923425973e-14,0,2.1471935269801179e-06,0,0,0,1,1,0,-4.8827249741880447e-14,12
67,0.0016999999570543878,0,bent,0,0,4294967295,4294967295,1,10,0.99824708700180054,0,0,0,0.99824713966810785,1.0017015813028085,3.2070762656354885e-06,0,0,0,0,release,3.2070762656354885e-06,0.0034653376655178728,1.7466113852929092e-10,0,1.9772467567236163e-05,0,0,0,1,1,0,0.034069399619950168,12
67,0.0016999999570543878,1,held_reference,0,0,4294967295,4294967295,1,7,0.99999910593032837,0,0,0,0.99999927070196981,1.0000007498774528,1.8771406608397488e-09,0,0,0,0,release,1.8771406608397488e-09,3.585380406303297e-05,1.5588526656105678e-14,0,2.1923501662968192e-06,0,0,0,1,1,0,-4.8827249703364528e-14,12
68,0.0017249999564228347,0,bent,0,0,4294967295,4294967295,1,10,0.99830245971679688,0,0,0,0.99830226790862076,1.0016207446433423,3.1060578266841675e-06,0,0,0,0,release,3.1060578266841675e-06,0.0040388970889392107,2.4222636978142488e-10,0,1.9399869415792637e-05,0,0,0,1,1,0,0.032829468212805406,12
68,0.0017249999564228347,1,held_reference,0,0,4294967295,4294967295,1,7,0.99999910593032837,0,0,0,0.99999927070196981,1.0000007498774528,1.8771406608397488e-09,0,0,0,0,release,1.8771406608397488e-09,3.3362017749809262e-05,1.6020405286938991e-14,0,2.1166329133848194e-06,0,0,0,1,1,0,-4.8827249750730779e-14,12
69,0.0017499999557912815,0,bent,0,0,4294967295,4294967295,1,10,0.99835175275802612,0,0,0,0.99835191915797661,1.001566212257528,3.0645263868540623e-06,0,0,0,0,release,3.0645263868540623e-06,0.003010908557040884,1.3597047655201641e-10,0,1.8999155145138502e-05,0,0,0,1,1,0,0.031910954358784736,12
69,0.0017499999557912815,1,held_reference,0,0,4294967295,4294967295,1,7,0.99999910593032837,0,0,0,0.99999927070196981,1.0000007498774528,1.8771406608397488e-09,0,0,0,0,release,1.8771406608397488e-09,3.5835941937582117e-05,1.5096442588984422e-14,0,2.1173780169192469e-06,0,0,0,1,1,0,-4.8827249711486741e-14,12
70,0.0017749999551597284,0,bent,0,0,4294967295,4294967295,1,10,0.99839943647384644,0,0,0,0.99839944057643848,1.0014928742083851,3.0185239427443825e-06,0,0,0,0,release,3.0185239427443825e-06,0.0036891664149583336,2.0999049915180861e-10,0,1.8381240806775168e-05,0,0,0,1,1,0,0.030750576132399045,12
70,0.0017749999551597284,1,held_reference,0,0,4294967295,4294967295,1,7,0.99999910593032837,0,0,0,0.99999927070196981,1.0000007498774528,1.8771406608397488e-09,0,0,0,0,release,1.8771406608397488e-09,3.2748102988059879e-05,1.5302024457766517e-14,0,2.132773943230859e-06,0,0,0,1,1,0,-4.8827249758164562e-14,12
71,0.0017999999545281753,0,bent,0,0,4294967295,4294967295,1,10,0.99844008684158325,0,0,0,0.99844006995408763,1.0014501551582733,2.9961196741066016e-06,0,0,0,0,release,2.9961196741066016e-06,0.002464663843982398,9.3381878877811087e-11,0,1.8305838239029981e-05,0,0,0,1,1,0,0.02999801024770541,12
71,0.0017999999545281753,1,held_reference,0,0,4294967295,4294967295,1,7,0.99999910593032837,0,0,0,0.99999927070196981,1.0000007498774528,1.8771406608397488e-09,0,0,0,0,release,1.8771406608397488e-09,3.5829492721898891e-05,1.4956065281610354e-14,0,2.0753668650286272e-06,0,0,0,1,1,0,-4.8827249718483912e-14,12
72,0.0018249999538966222,0,bent,0,0,4294967295,4294967295,1,10,0.99848979711532593,0,0,0,0.99848965026527625,1.0013811388315887,3.0196860025183781e-06,0,0,0,0,release,3.0196860025183781e-06,0.00338046337457453,1.7933732097488982e-10,0,1.7512407794129103e-05,0,0,0,1,1,0,0.028951601656284881,12
72,0.0018249999538966222,1,held_reference,0,0,4294967295,4294967295,1,8,0.99999910593032837,0,0,0,0.99999927070196981,1.0000007498774528,1.8771406608397488e-09,0,0,0,0,release,1.8771406608397488e-09,3.8299787644202431e-05,1.6047106000883479e-14,0,2.2750464268028736e-06,0,0,0,1,1,0,-4.8827249765286947e-14,12
73,0.0018499999532650691,0,bent,0,0,4294967295,4294967295,1,10,0.99852544069290161,0,0,0,0.99852523978439056,1.0013369431320593,3.0358521779427973e-06,0,0,0,0,release,3.0358521779427973e-06,0.0025383195254266204,1.0395205121713717e-10,0,1.7128597392002121e-05,0,0,0,1,1,0,0.028132964682892721,12
73,0.0018499999532650691,1,held_reference,0,0,4294967295,4294967295,1,7,0.99999910593032837,0,0,0,0.99999927070196981,1.0000007498774528,1.8771406608397488e-09,0,0,0,0,release,1.8771406608397488e-09,4.8755440382687548e-05,1.5595453370414033e-14,0,2.1364476197049953e-06,0,0,0,1,1,0,-4.8827249768710276e-14,12
74,0.0018749999526335159,0,bent,0,0,4294967295,4294967295,1,10,0.99857831001281738,0,0,0,0.99857831642230188,1.0012805339762016,3.0563025766255189e-06,0,0,0,0,release,3.0563025766255189e-06,0.0030397868806802944,1.4879921533532032e-10,0,1.6634568964946084e-05,0,0,0,1,1,0,0.027212874623104608,12
74,0.0018749999526335159,1,held_reference,0,0,4294967295,4294967295,1,7,0.99999910593032837,0,0,0,0.99999927070196981,1.0000007498774528,1.8771406608397488e-09,0,0,0,0,release,1.8771406608397488e-09,3.5858018189767022e-05,1.4354240682526397e-14,0,2.0910574676236138e-06,0,0,0,1,1,0,-4.8827249734253323e-14,12
75,0.0018999999520019628,0,bent,0,0,4294967295,4294967295,1,10,0.99860560894012451,0,0,0,0.99860545158902558,1.0012328763360783,3.0709836931791542e-06,0,0,0,0,release,3.0709836931791542e-06,0.00218748400580677,7.844138198355941e-11,0,1.6845071513671428e-05,0,0,0,1,1,0,0.026506570347007249,12
75,0.0018999999520019628,1,held_reference,0,0,4294967295,4294967295,1,7,0.99999910593032837,0,0,0,0.99999927070196981,1.0000007498774528,1.8771406608397488e-09,0,0,0,0,release,1.8771406608397488e-09,3.1600739751538511e-05,1.5076574957464565e-14,0,2.104128043356468e-06,0,0,0,1,1,0,-4.8827249728170146e-14,12
76,0.0019249999513704097,0,bent,0,0,4294967295,4294967295,1,10,0.99864506721496582,0,0,0,0.99864510565893572,1.0011896896813774,3.0876816724929326e-06,0,0,0,0,release,3.0876816724929326e-06,0.0025807583825966868,1.0923786592056295e-10,0,1.6037158275139518e-05,0,0,0,1,1,0,0.025707256952627069,12
76,0.0019249999513704097,1,held_reference,0,0,4294967295,4294967295,1,7,0.99999910593032837,0,0,0,0.99999927070196981,1.0000007498774528,1.8771406608397488e-09,0,0,0,0,release,1.8771406608397488e-09,3.5861265918651405e-05,1.4463689146439106e-14,0,2.1585453851002967e-06,0,0,0,1,1,0,-4.8827249727313247e-14,12
77,0.0019499999507388566,0,bent,0,0,4294967295,4294967295,1,10,0.99867695569992065,0,0,0,0.99867695415443747,1.0011445054325405,3.1012513906100038e-06,0,0,0,0,release,3.1012513906100038e-06,0.002036588193592368,6.9468986446243186e-11,0,1.6320489521604031e-05,0,0,0,1,1,0,0.025061698333234385,12
77,0.0019499999507388566,1,held_reference,0,0,4294967295,4294967295,1,7,0.99999910593032837,0,0,0,0.99999927070196981,1.0000007498774528,1.8771406608397488e-09,0,0,0,0,release,1.8771406608397488e-09,3.1983882030496603e-05,1.5096924257525244e-14,0,2.0781469629582716e-06,0,0,0,1,1,0,-4.8827249733946116e-14,12
78,0.0019749999501073034,0,bent,0,0,4294967295,4294967295,1,10,0.99871456623077393,0,0,0,0.99871463805015748,1.0011022712150013,3.1168853433012533e-06,0,0,0,0,release,3.1168853433012533e-06,0.0023810510054073876,9.6433077079404682e-11,0,1.5798535969224758e-05,0,0,0,1,1,0,0.024308090906518816,12
78,0.0019749999501073034,1,held_reference,0,0,4294967295,4294967295,1,8,0.99999910593032837,0,0,0,0.99999927070196981,1.0000007498774528,1.8771406608397488e-09,0,0,0,0,release,1.8771406608397488e-09,3.8372807641083295e-05,1.6193893079295605e-14,0,2.2529534362547565e-06,0,0,0,1,1,0,-4.8827249731845852e-14,12
79,0.0019999999494757503,0,bent,0,0,4294967295,4294967295,1,10,0.99875050783157349,0,0,0,0.99875070241278552,1.0010720521163932,3.130236772507358e-06,0,0,0,0,release,3.130236772507358e-06,0.0021167010383408391,7.5552795396140302e-11,0,1.5378138414234854e-05,0,0,0,1,1,0,0.023647766622616438,12
79,0.0019999999494757503,1,held_reference,0,0,4294967295,4294967295,1,7,0.99999910593032837,0,0,0,0.99999927070196981,1.0000007498774528,1.8771406608397488e-09,0,0,0,0,release,1.8771406608397488e-09,5.0016708133412663e-05,1.5136954677691747e-14,0,2.1463288248924073e-06,0,0,0,1,1,0,-4.8827249776435407e-14,12
80,0.0020249999488441972,0,bent,0,0,4294967295,4294967295,1,10,0.99877369403839111,0,0,0,0.99877361771486883,1.0010409784706387,3.1436935865966575e-06,0,0,0,0,release,3.1436935865966575e-06,0.0019691098846024483,6.8832344660030538e-11,0,1.5047489796415903e-05,0,0,0,1,1,0,0.023012286669269192,12
80,0.0020249999488441972,1,held_reference,0,0,4294967295,4294967295,1,7,0.99999910593032837,0,0,0,0.99999927070196981,1.0000007498774528,1.8771406608397488e-09,0,0,0,0,release,1.8771406608397488e-09,3.4461215465726974e-05,1.4687305691977623e-14,0,2.0761315226991428e-06,0,0,0,1,1,0,-4.8827249779795444e-14,12
81,0.0020499999482126441,0,bent,0,0,4294967295,4294967295,1,10,0.99880564212799072,0,0,0,0.99880555510034785,1.0010175366481118,3.1543090241657005e-06,0,0,0,0,release,3.1543090241657005e-06,0.0016896929072891707,5.0490654648065612e-11,0,1.5238284504448529e-05,0,0,0,1,1,0,0.02246955217431024,12
81,0.0020499999482126441,1,held_reference,0,0,4294967295,4294967295,1,8,0.99999910593032837,0,0,0,0.99999927070196981,1.0000007498774528,1.8771406608397488e-09,0,0,0,0,release,1.8771406608397488e-09,3.8036338450232541e-05,1.5988722837301527e-14,0,2.3040797714202199e-06,0,0,0,1,1,0,-4.8827249740954047e-14,12
82,0.002074999947581091,0,bent,0,0,4294967295,4294967295,1,10,0.99883520603179932,0,0,0,0.99883508197036819,1.0009932463524449,3.167943401985796e-06,0,0,0,0,release,3.167943401985796e-06,0.0020631089109994461,7.6638309111633174e-11,0,1.5315748896682635e-05,0,0,0,1,1,0,0.021813229224130926,12
82,0.002074999947581091,1,held_reference,0,0,4294967295,4294967295,1,7,0.99999910593032837,0,0,0,0.99999927070196981,1.0000007498774528,1.8771406608397488e-09,0,0,0,0,release,1.8771406608397488e-09,4.8857151445103843e-05,1.5418416973109171e-14,0,2.1138462216185872e-06,0,0,0,1,1,0,-4.8827249717133388e-14,12
83,0.0020999999469495378,0,bent,0,0,4294967295,4294967295,1,10,0.9988587498664856,0,0,0,0.99885867674633033,1.0009764064638391,3.1764017971328226e-06,0,0,0,0,release,3.1764017971328226e-06,0.0013849285216595173,3.5030121069753239e-11,0,1.4232231478672475e-05,0,0,0,1,1,0,0.021354535792150953,12
83,0.0020999999469495378,1,held_reference,0,0,4294967295,4294967295,1,7,0.99999910593032837,0,0,0,0.99999927070196981,1.0000007498774528,1.8771406608397488e-09,0,0,0,0,release,1.8771406608397488e-09,3.3276893707444636e-05,1.4847027504648041e-14,0,2.1228704554232536e-06,0,0,0,1,1,0,-4.8827249719029311e-14,12
84,0.0021249999463179847,0,bent,0,0,4294967295,4294967295,1,10,0.99888831377029419,0,0,0,0.99888823836881724,1.0009560094184997,3.1881223186050139e-06,0,0,0,0,release,3.1881223186050139e-06,0.0018291143353719728,6.1614513961307621e-11,0,1.4092214769334532e-05,0,0,0,1,1,0,0.020795942197050572,12
84,0.0021249999463179847,1,held_reference,0,0,4294967295,4294967295,1,7,0.99999910593032837,0,0,0,0.99999927070196981,1.0000007498774528,1.8771406608397488e-09,0,0,0,0,release,1.8771406608397488e-09,3.5856970122960687e-05,1.4413580966645599e-14,0,2.1085768366901902e-06,0,0,0,1,1,0,-4.8827249724323471e-14,12
85,0.0021499999456864316,0,bent,0,0,4294967295,4294967295,1,10,0.99891465902328491,0,0,0,0.99891457959815311,1.0009356493357104,3.1989805904611153e-06,0,0,0,0,release,3.1989805904611153e-06,0.0016327691114932338,4.9758282702896798e-11,0,1.4067768461245578e-05,0,0,0,1,1,0,0.020273534625117464,12
85,0.0021499999456864316,1,held_reference,0,0,4294967295,4294967295,1,8,0.99999910593032837,0,0,0,0.99999927070196981,1.0000007498774528,1.8771406608397488e-09,0,0,0,0,release,1.8771406608397488e-09,3.8634496987102849e-05,1.6479202999374343e-14,0,2.258344693473191e-06,0,0,0,1,1,0,-4.8827249725357093e-14,12
86,0.0021749999450548785,0,bent,0,0,4294967295,4294967295,1,10,0.99893772602081299,0,0,0,0.99893784418597975,1.0009187685049432,3.2076005870210125e-06,0,0,0,0,release,3.2076005870210125e-06,0.0014491012983547391,3.8830735700876377e-11,0,1.4969546100473963e-05,0,0,0,1,1,0,0.019793437639025135,12
86,0.0021749999450548785,1,held_reference,0,0,4294967295,4294967295,1,7,0.99999910593032837,0,0,0,0.99999927070196981,1.0000007498774528,1.8771406608397488e-09,0,0,0,0,release,1.8771406608397488e-09,4.902133722744267e-05,1.5533060492013325e-14,0,2.1587011360679753e-06,0,0,0,1,1,0,-4.8827249773424325e-14,12
87,0.0021999999444233254,0,bent,0,0,4294967295,4294967295,1,10,0.99895989894866943,0,0,0,0.99895991136115725,1.0009004244272843,3.2167302076134056e-06,0,0,0,0,release,3.2167302076134056e-06,0.001526186211754614,4.2924436744343483e-11,0,1.338702168141026e-05,0,0,0,1,1,0,0.019310733223044788,12
87,0.0021999999444233254,1,held_reference,0,0,4294967295,4294967295,1,7,0.99999910593032837,0,0,0,0.99999927070196981,1.0000007498774528,1.8771406608397488e-09,0,0,0,0,release,1.8771406608397488e-09,3.5513278190988295e-05,1.4228571897666525e-14,0,2.0350946670077974e-06,0,0,0,1,1,0,-4.8827249729823996e-14,12
88,0.0022249999437917722,0,bent,0,0,4294967295,4294967295,1,10,0.99897944927215576,0,0,0,0.99897948284939586,1.0008836258926297,3.2233057305935913e-06,0,0,0,0,release,3.2233057305935913e-06,0.0011028841974526462,2.4099575324913497e-11,0,1.3204688912082929e-05,0,0,0,1,1,0,0.018975699376572824,12
88,0.0022249999437917722,1,held_reference,0,0,4294967295,4294967295,1,9,0.99999910593032837,0,0,0,0.99999927070196981,1.0000007498774528,1.8771406608397488e-09,0,0,0,0,release,1.8771406608397488e-09,4.0616233132690628e-05,1.8462669479261528e-14,0,2.275791985084652e-06,0,0,0,1,1,0,-4.882724978691107e-14,12
89,0.0022499999431602191,0,bent,0,0,4294967295,4294967295,1,10,0.99900174140930176,0,0,0,0.99900163160944844,1.0008677079893098,3.2311430787671307e-06,0,0,0,0,release,3.2311430787671307e-06,0.001346933265593962,3.4597678663880153e-11,0,1.3175087588024326e-05,0,0,0,1,1,0,0.018535762122218389,12
89,0.0022499999431602191,1,held_reference,0,0,4294967295,4294967295,1,7,0.99999910593032837,0,0,0,0.99999927070196981,1.0000007498774528,1.8771406608397488e-09,0,0,0,0,release,1.8771406608397488e-09,5.4703857413939478e-05,1.5741520915232379e-14,0,2.1879488940612646e-06,0,0,0,1,1,0,-4.8827249775153092e-14,12
90,0.002274999942528666,0,bent,0,0,4294967295,4294967295,1,10,0.99902117252349854,0,0,0,0.99902117488870434,1.0008507267051887,3.2377752314927231e-06,0,0,0,0,release,3.2377752314927231e-06,0.0011130010542826343,2.4683155472961128e-11,0,1.2872347724623978e-05,0,0,0,1,1,0,0.018150247359169393,12
90,0.002274999942528666,1,held_reference,0,0,4294967295,4294967295,1,6,0.99999910593032837,0,0,0,0.99999927070196981,1.0000007498774528,1.8771406608397488e-09,0,0,0,0,release,1.8771406608397488e-09,3.5874957945593674e-05,1.2883114035716757e-14,0,2.0441555079742102e-06,0,0,0,1,1,0,-4.8827249730575957e-14,12
91,0.0022999999418971129,0,bent,0,0,4294967295,4294967295,1,10,0.99903464317321777,0,0,0,0.999034700209537,1.0008367239653131,3.2435100896363263e-06,0,0,0,0,release,3.2435100896363263e-06,0.0010617186499754026,2.2393794498212158e-11,0,1.3663776371686254e-05,0,0,0,1,1,0,0.017837689100320641,12
91,0.0022999999418971129,1,held_reference,0,0,4294967295,4294967295,1,8,0.99999910593032837,0,0,0,0.99999927070196981,1.0000007498774528,1.8771406608397488e-09,0,0,0,0,release,1.8771406608397488e-09,3.5801463955973553e-05,1.551773299432433e-14,0,2.175656845793128e-06,0,0,0,1,1,0,-4.8827249775570519e-14,12
92,0.0023249999412655598,0,bent,0,0,4294967295,4294967295,1,10,0.9990541934967041,0,0,0,0.99905412917972736,1.00082180677733,3.249622038375025e-06,0,0,0,0,release,3.249622038375025e-06,0.0011518792391952237,2.6315457586033108e-11,0,1.3131199921190273e-05,0,0,0,1,1,0,0.017436572062721051,12
92,0.0023249999412655598,1,held_reference,0,0,4294967295,4294967295,1,7,0.99999910593032837,0,0,0,0.99999927070196981,1.0000007498774528,1.8771406608397488e-09,0,0,0,0,release,1.8771406608397488e-09,3.6211599985262647e-05,1.4478449718974086e-14,0,2.1413338799902704e-06,0,0,0,1,1,0,-4.8827249752418644e-14,12
93,0.0023499999406340066,0,bent,0,0,4294967295,4294967295,1,10,0.99907350540161133,0,0,0,0.99907337665028229,1.0008117579843234,3.2558708226206332e-06,0,0,0,0,release,3.2558708226206332e-06,0.0011181827293021108,2.5120671025992618e-11,0,1.2085309208487161e-05,0,0,0,1,1,0,0.017070895828659453,12
93,0.0023499999406340066,1,held_reference,0,0,4294967295,4294967295,1,6,0.99999910593032837,0,0,0,0.99999927070196981,1.0000007498774528,1.8771406608397488e-09,0,0,0,0,release,1.8771406608397488e-09,3.6515784251826768e-05,1.2335586829760433e-14,0,2.017208544202731e-06,0,0,0,1,1,0,-4.8827249714576678e-14,12
94,0.0023749999400024535,0,bent,0,0,4294967295,4294967295,1,10,0.99908608198165894,0,0,0,0.99908584829447944,1.0007907335462538,3.261221206714534e-06,0,0,0,0,release,3.261221206714534e-06,0.00097998974849514836,2.0156948570885809e-11,0,1.2380324733385351e-05,0,0,0,1,1,0,0.016736933314194419,12
94,0.0023749999400024535,1,held_reference,0,0,4294967295,4294967295,1,8,0.99999910593032837,0,0,0,0.99999927070196981,1.0000007498774528,1.8771406608397488e-09,0,0,0,0,release,1.8771406608397488e-09,3.8075868303918855e-05,1.5201855958018509e-14,0,2.2957317469263216e-06,0,0,0,1,1,0,-4.8827249765212252e-14,12
95,0.0023999999393709004,0,bent,0,0,4294967295,4294967295,1,10,0.99910718202590942,0,0,0,0.99910724729383671,1.0007818269911459,3.2665915651661108e-06,0,0,0,0,release,3.2665915651661108e-06,0.0010317740240525786,2.1693697718042528e-11,0,1.2646783943637274e-05,0,0,0,1,1,0,0.016416149117287469,12
95,0.0023999999393709004,1,held_reference,0,0,4294967295,4294967295,1,7,0.99999910593032837,0,0,0,0.99999927070196981,1.0000007498774528,1.8771406608397488e-09,0,0,0,0,release,1.8771406608397488e-09,5.0252866538198678e-05,1.4711534913788404e-14,0,2.1125972580193775e-06,0,0,0,1,1,0,-4.8827249768728766e-14,12
96,0.0024249999387393473,0,bent,0,0,4294967295,4294967295,1,10,0.99912583827972412,0,0,0,0.99912594573493019,1.000767641617158,3.2719844164805713e-06,0,0,0,0,release,3.2719844164805713e-06,0.001038385529940491,2.2404897654841414e-11,0,1.2594905456353445e-05,0,0,0,1,1,0,0.016066342476775217,12
96,0.0024249999387393473,1,held_reference,0,0,4294967295,4294967295,1,7,0.99999910593032837,0,0,0,0.99999927070196981,1.0000007498774528,1.8771406608397488e-09,0,0,0,0,release,1.8771406608397488e-09,3.6245669457025178e-05,1.3510870223561783e-14,0,2.0849456632276997e-06,0,0,0,1,1,0,-4.8827249771199788e-14,12
97,0.0024499999381077942,0,bent,0,0,4294967295,4294967295,1,10,0.99913883209228516,0,0,0,0.99913891636586283,1.0007594712087562,3.2773974837271062e-06,0,0,0,0,release,3.2773974837271062e-06,0.00097114191429006685,1.9573740794942267e-11,0,1.2534247616713401e-05,0,0,0,1,1,0,0.015745534334216243,12
97,0.0024499999381077942,1,held_reference,0,0,4294967295,4294967295,1,8,0.99999910593032837,0,0,0,0.99999927070196981,1.0000006974318596,1.8771406608397488e-09,0,0,0,0,release,1.8771406608397488e-09,3.5893256893376834e-05,1.5429218407366328e-14,0,2.1759440187452128e-06,0,0,0,1,1,0,-4.8827249775409667e-14,12
98,0.002474999937476241,0,bent,0,0,4294967295,4294967295,1,10,0.99915504455566406,0,0,0,0.99915511754364605,1.0007449247748945,3.2819088320982513e-06,0,0,0,0,release,3.2819088320982513e-06,0.00090450836952769484,1.7108928259364285e-11,0,1.2193891052447725e-05,0,0,0,1,1,0,0.015445119861839588,12
98,0.002474999937476241,1,held_reference,0,0,4294967295,4294967295,1,7,0.99999910593032837,0,0,0,0.99999927070196981,1.0000007498774528,1.8771406608397488e-09,0,0,0,0,release,1.8771406608397488e-09,3.6273353452408526e-05,1.3881430862236242e-14,0,2.0914903871016577e-06,0,0,0,1,1,0,-4.8827249779632743e-14,12
99,0.0024999999368446879,0,bent,0,0,4294967295,4294967295,1,10,0.99916881322860718,0,0,0,0.99916897785579117,1.0007306817152861,3.2859794551946741e-06,0,0,0,0,release,3.2859794551946741e-06,0.00097384572011529789,2.0212054865842925e-11,0,1.24967473311699e-05,0,0,0,1,1,0,0.015131500809458773,12
99,0.0024999999368446879,1,held_reference,0,0,4294967295,4294967295,1,7,0.99999910593032837,0,0,0,0.99999927070196981,1.0000007498774528,1.8771406608397488e-09,0,0,0,0,release,1.8771406608397488e-09,3.6269507463395051e-05,1.3439689793457481e-14,0,2.113548589477432e-06,0,0,0,1,1,0,-4.8827249759209292e-14,12
100,0.0025249999362131348,0,bent,0,0,4294967295,4294967295,1,10,0.99918258190155029,0,0,0,0.99918270174099943,1.0007193334071172,3.2900688400616696e-06,0,0,0,0,release,3.2900688400616696e-06,0.00079545253126802012,1.4438722710474313e-11,0,1.2008577868982684e-05,0,0,0,1,1,0,0.014851402447602005,12
100,0.0025249999362131348,1,held_reference,0,0,4294967295,4294967295,1,7,0.99999910593032837,0,0,0,0.99999927070196981,1.0000007004466249,1.8771406608397488e-09,0,0,0,0,release,1.8771406608397488e-09,3.6258181388775545e-05,1.3677773986777915e-14,0,2.0789780137420166e-06,0,0,0,1,1,0,-4.8827249765210769e-14,12
101,0.0025499999355815817,0,bent,0,0,4294967295,4294967295,1,10,0.9991992712020874,0,0,0,0.9991993564848527,1.0007105303623809,3.2941985773885573e-06,0,0,0,0,release,3.2941985773885573e-06,0.00080403236142106451,1.5061288322886622e-11,0,1.1816982805612497e-05,0,0,0,1,1,0,0.014585629327009198,12
101,0.0025499999355815817,1,held_reference,0,0,4294967295,4294967295,1,8,0.99999910593032837,0,0,0,0.99999927070196981,1.0000007498774528,1.8771406608397488e-09,0,0,0,0,release,1.8771406608397488e-09,3.605309083086229e-05,1.5002443323625688e-14,0,2.14135934584192e-06,0,0,0,1,1,0,-4.8827249769695241e-14,12
102,0.0025749999349500285,0,bent,0,0,4294967295,4294967295,1,10,0.99921363592147827,0,0,0,0.99921368629726137,1.0006998926161439,3.2964705840247072e-06,0,0,0,0,release,3.2964705840247072e-06,0.00061726768120558295,8.7772542950668718e-12,0,1.1761356290662661e-05,0,0,0,1,1,0,0.01438402504102301,12
102,0.0025749999349500285,1,held_reference,0,0,4294967295,4294967295,1,7,0.99999910593032837,0,0,0,0.99999927070196981,1.0000006954873333,1.8771406608397488e-09,0,0,0,0,release,1.8771406608397488e-09,3.6306291657538955e-05,1.3680440636330596e-14,0,2.1087746517878259e-06,0,0,0,1,1,0,-4.8827249773562124e-14,12
103,0.0025999999343184754,0,bent,0,0,4294967295,4294967295,1,10,0.99922096729278564,0,0,0,0.99922086232401042,1.0006934515424002,3.3001546136247886e-06,0,0,0,0,release,3.3001546136247886e-06,0.00066072094746046268,1.0140007390676844e-11,0,1.1300408914394211e-05,0,0,0,1,1,0,0.014159414749325491,12
103,0.0025999999343184754,1,held_reference,0,0,4294967295,4294967295,1,7,0.99999910593032837,0,0,0,0.99999927070196981,1.0000006567451234,1.8771406608397488e-09,0,0,0,0,release,1.8771406608397488e-09,3.6207417812536095e-05,1.3499686837555827e-14,0,2.104662598867435e-06,0,0,0,1,1,0,-4.882724973384506e-14,12
104,0.0026249999336869223,0,bent,0,0,4294967295,4294967295,1,10,0.99923104047775269,0,0,0,0.99923085033180814,1.0006815309634336,3.3029195753661314e-06,0,0,0,0,release,3.3029195753661314e-06,0.00057781934233983392,8.0481499304256357e-12,0,1.1611607078521047e-05,0,0,0,1,1,0,0.013971042449158587,12
104,0.0026249999336869223,1,held_reference,0,0,4294967295,4294967295,1,7,0.99999910593032837,0,0,0,0.99999927070196981,1.0000006567451234,1.8771406608397488e-09,0,0,0,0,release,1.8771406608397488e-09,3.6147475961757797e-05,1.3335558134111091e-14,0,2.0712834611913422e-06,0,0,0,1,1,0,-4.8827249733865879e-14,12
105,0.0026499999330553692,0,bent,0,0,4294967295,4294967295,1,10,0.99924397468566895,0,0,0,0.99924376258566727,1.0006692312580336,3.3047680253810836e-06,0,0,0,0,release,3.3047680253810836e-06,0.00065162185736150082,1.0614947703621328e-11,0,1.1839246326417197e-05,0,0,0,1,1,0,0.013718955450768252,12
105,0.0026499999330553692,1,held_reference,0,0,4294967295,4294967295,1,8,0.99999910593032837,0,0,0,0.99999927070196981,1.0000006956191529,1.8771406608397488e-09,0,0,0,0,release,1.8771406608397488e-09,3.5885656282415164e-05,1.4856232352044006e-14,0,2.12950158129388e-06,0,0,0,1,1,0,-4.8827249776929531e-14,12
106,0.0026749999324238161,0,bent,0,0,4294967295,4294967295,1,10,0.99925661087036133,0,0,0,0.999256565027139,1.0006636698753297,3.3075476854732536e-06,0,0,0,0,release,3.3075476854732536e-06,0.00059751425259096556,8.6084871620727485e-12,0,1.0957739505101927e-05,0,0,0,1,1,0,0.013510746517207805,12
106,0.0026749999324238161,1,held_reference,0,0,4294967295,4294967295,1,7,0.99999910593032837,0,0,0,0.99999927070196981,1.0000006567451234,1.8771406608397488e-09,0,0,0,0,release,1.8771406608397488e-09,3.6268116195417856e-05,1.3708041727477481e-14,0,2.1213204490777571e-06,0,0,0,1,1,0,-4.8827249778742901e-14,12
107,0.0026999999317922629,0,bent,0,0,4294967295,4294967295,1,10,0.99926620721817017,0,0,0,0.99926610706149255,1.0006590828387971,3.3103324823355281e-06,0,0,0,0,release,3.3103324823355281e-06,0.00058731887308813811,8.0807731302338746e-12,0,1.171005169453565e-05,0,0,0,1,1,0,0.01330759580321603,12
107,0.0026999999317922629,1,held_reference,0,0,4294967295,4294967295,1,7,0.99999910593032837,0,0,0,0.99999927070196981,1.0000006567451234,1.8771406608397488e-09,0,0,0,0,release,1.8771406608397488e-09,3.6272445939831483e-05,1.2995660026507079e-14,0,2.0797349407075671e-06,0,0,0,1,1,0,-4.8827249779294031e-14,12
108,0.0027249999311607098,0,bent,0,0,4294967295,4294967295,1,10,0.99927383661270142,0,0,0,0.99927391758418704,1.0006468083140809,3.3122177426763249e-06,0,0,0,0,release,3.3122177426763249e-06,0.00068608093562373359,1.1113457789402036e-11,0,1.2368930583761539e-05,0,0,0,1,1,0,0.013083520618804072,12
108,0.0027249999311607098,1,held_reference,0,0,4294967295,4294967295,1,8,0.99999910593032837,0,0,0,0.99999927070196981,1.0000006567451234,1.8771406608397488e-09,0,0,0,0,release,1.8771406608397488e-09,3.6414785648782577e-05,1.5070018011251525e-14,0,2.1271878267725697e-06,0,0,0,1,1,0,-4.8827249779580558e-14,12
109,0.0027499999305291567,0,bent,0,0,4294967295,4294967295,1,10,0.99928700923919678,0,0,0,0.9992870329797543,1.0006361617119282,3.31501652406993e-06,0,0,0,0,release,3.31501652406993e-06,0.00059745405405166666,8.6566121055193964e-12,0,1.1775384336942807e-05,0,0,0,1,1,0,0.01290332349385033,12
109,0.0027499999305291567,1,held_reference,0,0,4294967295,4294967295,1,7,0.99999910593032837,0,0,0,0.99999927070196981,1.0000006567451234,1.8771406608397488e-09,0,0,0,0,release,1.8771406608397488e-09,3.6267133551552565e-05,1.3839714855534961e-14,0,2.1389219000411686e-06,0,0,0,1,1,0,-4.8827249760148389e-14,12
110,0.0027749999298976036,0,bent,0,0,4294967295,4294967295,1,10,0.99929803609848022,0,0,0,0.99929803005080919,1.0006298535006575,3.3169299232615885e-06,0,0,0,0,release,3.3169299232615885e-06,0.0006527308105561539,1.0232635989116518e-11,0,1.1612964954110794e-05,0,0,0,1,1,0,0.012659942819960985,12
110,0.0027749999298976036,1,held_reference,0,0,4294967295,4294967295,1,7,0.99999910593032837,0,0,0,0.99999927070196981,1.0000006567451234,1.8771406608397488e-09,0,0,0,0,release,1.8771406608397488e-09,3.6278062052816919e-05,1.3331676139173729e-14,0,2.0410445813467959e-06,0,0,0,1,1,0,-4.8827249764676546e-14,12
111,0.0027999999292660505,0,bent,0,0,4294967295,4294967295,1,10,0.99930399656295776,0,0,0,0.99930397955976025,1.0006184047364621,3.3188181242328358e-06,0,0,0,0,release,3.3188181242328358e-06,0.00055113975543212514,6.8776099902749254e-12,0,1.1392839951440692e-05,0,0,0,1,1,0,0.012477108765595565,12
111,0.0027999999292660505,1,held_reference,0,0,4294967295,4294967295,1,8,0.99999910593032837,0,0,0,0.99999927070196981,1.0000006567451234,1.8771406608397488e-09,0,0,0,0,release,1.8771406608397488e-09,3.6083447207163797e-05,1.474506883130264e-14,0,2.1625587578455452e-06,0,0,0,1,1,0,-4.8827249767827206e-14,12
