time_s,step,min_skin_bed_gap_m,vertices_below_1mm,nonfinite_skin_vertices,max_functional_volume_relative_error,q_ra,q_rv,q_la,q_lv,ra_target_ml,rv_target_ml,la_target_ml,lv_target_ml,diaphragm_swept_ml,rib_swept_ml,lung_target_ml,body_com_x_m,body_com_y_m,body_com_z_m,represented_body_mass_kg,ventricular_wall_bound,ventricular_material_ml,ventricular_material_target_ml,ventricular_closure_mm,ventricular_material_status,functional_geometry_status,geometry_mode,common_coordinate_RA,common_coordinate_RV,common_coordinate_LA,common_coordinate_LV,common_coordinate_RA_material,common_coordinate_ventricular_material,common_coordinate_LA_material,common_coordinate_solver_status,common_coordinate_solver_iterations,common_coordinate_domain_box,common_coordinate_normalized_residual,ventricular_closure_mm_applicable,mesh_zero_area_triangles,mesh_nonfinite_area_triangles,mesh_triangles_checked
0,0,-0.000106431543827,0,0,2.03069726012e-06,nan,nan,nan,nan,32.2639498336,138.358649565,47.7374887851,118.755349831,0,0,2499.99994412,-0.0250191260129,-0.756986141205,0.113670229912,72,0,164.013079484,164.012890309,nan,0,0,common_seven_coordinate_v1,-3.89657216147e-05,0.000101759876998,-0.000365718035027,0.000144327306771,6.08834961895e-05,-0.000109183325549,0.000994517467916,0,1,0,1.78813934326e-06,0,0,0,4910971
0.0620000029448,31,-4.94718551636e-06,0,0,6.90972410666e-06,nan,nan,nan,nan,28.6943213723,145.909027196,46.7807112727,124.165206216,10.1404775705,-0.757185489419,2509.38325189,-0.025273680687,-0.756769478321,0.108353450894,72,0,164.012832101,164.012890309,nan,0,0,common_seven_coordinate_v1,-0.0483600944281,0.0301770884544,-0.0106702120975,0.028008537367,0.0274285450578,-0.012308685109,0.0122040277347,0,2,0,6.19888305664e-06,0,0,0,4910971
0.126000005985,63,-3.50177288055e-06,0,0,1.01534863006e-06,nan,nan,nan,nan,24.0499975916,153.819695697,45.3135180578,127.785053337,35.5878291884,0.800221357622,2536.38811409,-0.0252671260387,-0.753795206547,0.105489976704,72,0,164.012933965,164.012890309,nan,0,0,common_seven_coordinate_v1,-0.11791074276,0.0583130866289,-0.0256935283542,0.0480516515672,0.0638931021094,-0.0230268742889,0.0245389975607,0,3,1,4.76837158203e-07,0,0,0,4910971
0.190000009025,95,-9.64105129242e-06,0,0,1.71828230577e-06,nan,nan,nan,nan,24.3631111516,149.098588736,44.9195067631,127.785053337,66.5175248287,7.09787082087,2573.61540571,-0.0251704435796,-0.749162435532,0.104081422091,72,0,164.01281755,164.012890309,nan,0,0,common_seven_coordinate_v1,-0.113693699241,0.0428794659674,-0.0289867874235,0.0439876578748,0.0609213784337,-0.0199306830764,0.0238066315651,0,3,1,4.76837158203e-07,0,0,0,4910971
0.254000012064,127,-5.24520874023e-06,0,0,1.49256709392e-06,nan,nan,nan,nan,29.1559117613,111.633533379,48.5449199914,95.6376970862,100.053315691,16.3235617947,2616.37684889,-0.0251156948507,-0.74498707056,0.103165686131,72,0,164.012846653,164.012890309,nan,0,0,common_seven_coordinate_v1,-0.049019664526,-0.127560928464,0.00744545273483,-0.13128991425,0.0130392294377,0.0508599095047,-0.0278416238725,0,3,3,4.76837158203e-07,0,0,0,4910971
0.318000015104,159,-3.6284327507e-06,0,0,3.44438558386e-06,nan,nan,nan,nan,34.578028135,90.1444800547,51.9237219123,69.954789069,134.577887366,27.2075485555,2661.78557649,-0.0249328650534,-0.742619931698,0.103157393634,72,0,164.012846653,164.012890309,nan,0,0,common_seven_coordinate_v1,0.019509319216,-0.258537083864,0.045342747122,-0.298711627722,-0.033464062959,0.125088647008,-0.0727266594768,0,3,4,1.49011611938e-06,0,0,0,4910971
0.382000018144,191,-2.30222940445e-06,0,0,1.86939105333e-05,nan,nan,nan,nan,36.9791305275,81.5726671135,54.0985020052,61.1068171565,168.93146676,38.999656681,2707.93098025,-0.0247802585363,-0.741735696793,0.103339761496,72,0,164.012089954,164.012890309,nan,0,0,common_seven_coordinate_v1,0.0481146238744,-0.316860824823,0.0678114667535,-0.369448184967,-0.0521989800036,0.160458296537,-0.0935825034976,0,3,5,9.53674316406e-06,0,0,0,4910971
0.446000021184,223,-1.6838312149e-06,0,0,2.00225913431e-05,nan,nan,nan,nan,38.723796024,80.7880787761,55.839002016,60.6856992817,202.196926693,51.2405931659,2753.43749672,-0.0247302092612,-0.741641521454,0.103321045637,72,0,164.012119058,164.012890309,nan,0,0,common_seven_coordinate_v1,0.0699003860354,-0.321340084076,0.0822658836842,-0.373379647732,-0.0633222088218,0.164027571678,-0.100182786584,0,3,6,9.71555709839e-06,0,0,0,4910971
0.510000024224,255,-1.75088644028e-06,0,0,9.20767342905e-06,nan,nan,nan,nan,33.875254303,88.7908390723,54.2546549696,64.7968845442,233.615064644,63.6291661067,2797.24411666,-0.0247033946216,-0.741630673409,0.103280693293,72,0,164.012642927,164.012890309,nan,0,0,common_seven_coordinate_v1,0.0105787385255,-0.274050295353,0.0647425055504,-0.334642082453,-0.0312265641987,0.140365719795,-0.0846484526992,0,3,5,5.18560409546e-06,0,0,0,4910971
0.574000027264,287,-2.08616256714e-06,0,0,1.26294139591e-06,nan,nan,nan,nan,27.4428566627,106.170475192,48.1613024021,98.0527402135,262.558693066,75.9451431804,2838.5038022,-0.0246914513409,-0.741634130478,0.103275053203,72,0,164.012919413,164.012890309,nan,0,0,common_seven_coordinate_v1,-0.074688307941,-0.147902652621,0.00296018901281,-0.126096487045,0.0262620616704,0.0520836748183,-0.0267761852592,0,3,8,5.96046447754e-07,0,0,0,4910971
0.638000030303,319,-1.85519456863e-06,0,0,2.52588279182e-06,nan,nan,nan,nan,27.8417755908,113.98748029,47.9551854369,113.989837701,288.533832645,87.9996005096,2876.53319538,-0.024690631777,-0.741641044617,0.103277973831,72,0,164.01267203,164.012890309,nan,0,0,common_seven_coordinate_v1,-0.0658198073506,-0.097412891686,-0.00060508219758,-0.0452394075692,0.0285230260342,0.0242326650769,-0.011670623906,0,3,3,2.38418579102e-07,0,0,0,4910971
0.702000033343,351,-2.04145908356e-06,0,0,8.83409211383e-06,nan,nan,nan,nan,28.6664708256,120.248900203,48.099704145,122.343117255,311.199837597,99.609431345,2910.80912575,-0.0246898885816,-0.74164712429,0.103279843926,72,0,164.012686582,164.012890309,nan,0,0,common_seven_coordinate_v1,-0.0518804676831,-0.0640312433243,0.000332095485646,-0.00392903387547,0.0251839719713,0.0100777819753,-0.00431692227721,0,2,3,7.5101852417e-06,0,0,0,4910971
0.766000036383,383,-2.11596488953e-06,0,0,2.46630042966e-06,nan,nan,nan,nan,29.5015051961,125.92166604,48.3279072796,127.162609715,330.388604198,110.57532538,2940.9637209,-0.0246890429407,-0.74165225029,0.103280752897,72,0,164.012759342,164.012890309,nan,0,0,common_seven_coordinate_v1,-0.0385296195745,-0.0376707501709,0.00236287107691,0.0210075676441,0.020840106532,0.0010186182335,6.70506124152e-05,0,2,3,2.26497650146e-06,0,0,0,4910971
0.830000039423,415,-1.9371509552e-06,0,0,2.01182706405e-06,nan,nan,nan,nan,30.2920925606,131.183784106,48.5474265588,130.197309772,346.11611045,120.676464576,2966.7923227,-0.0246897172183,-0.74165725708,0.103282116354,72,0,164.012846653,164.012890309,nan,0,0,common_seven_coordinate_v1,-0.0263097770512,-0.0153063898906,0.00444979174063,0.0379780121148,0.0164200831205,-0.00561644043773,0.00312925549224,0,2,0,2.14576721191e-06,0,0,0,4910971
0.894000042463,447,-1.97440385818e-06,0,0,4.39734458269e-06,nan,nan,nan,nan,29.8986342386,136.85329759,48.4053525724,132.370027131,358.565390343,129.671345348,2988.23672347,-0.0246920064092,-0.741661548615,0.103282757103,72,0,164.01267203,164.012890309,nan,0,0,common_seven_coordinate_v1,-0.0308826994151,0.00677378615364,0.00301554612815,0.0514300093055,0.0202129408717,-0.0119873071089,0.00746573088691,0,2,13,5.72204589844e-06,0,0,0,4910971
0.958000045503,479,-2.07126140594e-06,0,0,2.64069558398e-06,nan,nan,nan,nan,24.795286663,145.719910506,46.5668417746,134.656555019,368.046632502,137.310402351,3005.35699353,-0.0246895626187,-0.741665899754,0.103283859789,72,0,164.012933965,164.012890309,nan,0,0,common_seven_coordinate_v1,-0.105852343142,0.0378150455654,-0.0148948114365,0.0667618364096,0.0590162798762,-0.0225004907697,0.0207330081612,0,3,14,4.17232513428e-07,0,0,0,4910971
1.02200004854,511,-2.13831663132e-06,0,0,1.72219279193e-06,nan,nan,nan,nan,24.0081026277,148.509483552,45.4039254691,135.111811687,374.951894628,143.351935549,3018.3037743,-0.0246869269758,-0.741669654846,0.103284619749,72,0,164.012919413,164.012890309,nan,0,0,common_seven_coordinate_v1,-0.118387214839,0.047291573137,-0.0251441281289,0.0708356425166,0.0655087530613,-0.0255895387381,0.0263416096568,0,3,14,5.96046447754e-07,0,0,0,4910971
1.02400004864,512,-2.13086605072e-06,0,0,2.98513418784e-06,nan,nan,nan,nan,24.0157169173,148.509483552,45.3838802059,135.111811687,375.13114512,143.512850627,3018.64393987,-0.0246868655086,-0.74166983366,0.1032846421,72,0,164.012788446,164.012890309,nan,0,0,common_seven_coordinate_v1,-0.118272975087,0.0472935959697,-0.0253123268485,0.0708402693272,0.0654508918524,-0.025597596541,0.0264052953571,0,3,14,3.57627868652e-07,0,0,0,4910971
