time_s,lung_volume_ml,airflow_ml_s,alveolar_pa,pleural_pa,diaphragm_mm,rib_mm,PaO2_mmhg,PaCO2_mmhg,SaO2,oxygen_balance_error_stpd_ml,co2_balance_error_stpd_ml,breaths,tidal_ml,lv_mmhg,rv_mmhg,aorta_mmhg,pulmonary_artery_mmhg,lv_ml,rv_ml,blood_ml,blood_error_ml,aortic_ejected_ml,pulmonary_ejected_ml,complete_filling_ejection_cycles,last_lv_stroke_ml,right_atrium_ml,left_atrium_ml,blood_continuity_residual_accum_ml,blood_physical_delta_accum_ml,blood_residual_minus_physical_ml,blood_endpoint_minus_physical_ml,inspired_volume_accum_ml,last_inspiration_step,last_inspiration_time_s,last_inspiration_volume_accum_ml,last_complete_breath_inspired_ml,respiratory_net_volume_ml,respiratory_volume_balance_ml,gas_max_donor_fraction,respiratory_gas_substeps,step,min_contact_gap_m,peak_penetration_m,normal_impulse_ns,root_assistance_n,root_assistance_nm,diaphragm_excitation,intercostal_excitation,diaphragm_activation,intercostal_activation,pre_projection_contact_residual_m_s,pre_projection_limit_residual_generalized_s,pre_projection_equality_residual_generalized_s,post_projection_contact_residual_m_s,post_projection_limit_residual_generalized_s,post_projection_equality_residual_generalized_s,equality_position_projection_max_generalized,equality_velocity_projection_max_generalized_s,contact_sweeps
0.01600000076,2500.35943463,55.9179970878,-7.45512104034,-497.963867188,0.0189323872328,9.40355748753e-05,99.9998703003,40,0.972220122814,0.000116415321827,0.000232830643654,0,0,6.87360475068,0.875436286436,83.9718545555,13.4781404763,120.365220937,140.047166497,5149.99963343,0.000931322574615,0,0,0,0,31.8435377267,47.5145025121,-1.93267624127e-05,-5.63886715099e-05,3.70619090972e-05,-0.000409272615798,0.359432533514,0,0,0,0,0.111836001793,-7.7292838796e-05,0.00655022496358,1,8,-0.000116382354463,0.000116382354463,0.810639739037,0,0,0.00402081478387,0.00251300935633,0.00303462333977,0.00189804472029,2.74740159512e-08,1.535786609e-08,3.05469399109e-07,2.84053385258e-08,1.535786609e-08,1.14161764486e-08,4.65661287308e-10,2.68220901489e-07,64
0.0320000015199,2502.2008922,158.409602591,-21.1195468903,-512.53125,0.124309957027,-0.00203522876836,99.9998245239,40,0.972220122814,0.000116415321827,0.000232830643654,0,0,7.01906240117,0.968647712069,82.9146632738,13.1435573448,121.774704894,141.845215694,5149.99963343,0.000931322574615,0,0,0,0,31.1366457026,47.3683830933,-8.49382786328e-05,-7.63975549489e-05,-8.54072368384e-06,-0.000389263732359,2.20087213165,0,0,0,0,0.316819210866,6.32951469015e-05,0.00768147548661,1,16,-3.31452683895e-05,3.31452683895e-05,0.908610105515,0,0,0.00803908798844,0.00502443034202,0.00699944421649,0.00437938515097,5.27879819856e-08,1.45470426816e-08,2.68013764071e-07,5.16884028912e-08,1.45470426816e-08,2.64697348484e-08,9.31322574615e-10,2.38418579102e-07,64
0.0480000022799,2505.49986959,241.075525992,-32.1407661438,-525.170043945,0.319219648838,-0.00775563623756,99.9998703003,40.0000038147,0.972220122814,0.000116415321827,0.000232830643654,0,0,7.15418793513,1.07647078035,81.9731528756,12.830314161,123.084071674,143.925120938,5150.00056475,0.000931322574615,0,0,0,0,29.96638068,47.1047096653,-0.000149015022544,-5.82076609135e-05,-9.08073616301e-05,0.000523868948221,5.49993501409,0,0,0,0,0.482151051528,4.12114786741e-05,0.00908409431577,1,24,1.73103967427e-06,0,1.17596614361,0,0,0.0120522873476,0.00753267994151,0.010997611098,0.0068816957064,6.35381809388e-08,1.16271241524e-08,9.61998125604e-07,1.47431705955e-07,1.16271241524e-08,1.35767379561e-08,1.86264514923e-09,7.7486038208e-07,64
0.0640000030398,2510.00723802,312.005577143,-41.597328186,-536.836730957,0.577665925026,-0.0131261302158,99.9998245239,39.9999885559,0.972220122814,0.000116415321827,0.000232830643654,0,0,7.28122091632,1.19429222804,81.0829381924,12.5380135535,124.315018184,146.197897266,5149.99963343,0.000931322574615,0,0,0,0,28.5044607153,46.7287791253,-0.000259291255134,-0.000285581336357,2.62900812231e-05,-0.000180079950951,10.0073043541,0,0,0,0,0.62401119294,-2.50679477176e-05,0.0100670550019,1,32,-7.95960113464e-06,7.95960113464e-06,1.24806761742,0,0,0.0160578750074,0.0100361723453,0.014990478754,0.00938067119569,1.19587639347e-07,1.31591750829e-08,7.87863996266e-07,1.23312929645e-07,1.31591750829e-08,1.41059786074e-08,1.86264514923e-09,5.96046447754e-07,64
0.0800000037998,2515.57398587,374.73635166,-49.9607467651,-547.9296875,0.87993067503,-0.0144874025136,99.999961853,40.0000038147,0.972220242023,0.000116415321827,0.000232830643654,0,0,7.4005930513,1.31328381573,80.2189317155,12.2659871323,125.471735373,148.493243614,5150.00056475,0.000931322574615,0,0,0,0,27.0021737379,46.2788229925,-0.000511150233251,-0.000536601874046,2.54516407949e-05,0.00100226316135,15.5740618766,0,0,0,0,0.749472746975,9.09494701773e-06,0.0103979967535,1,40,-4.1707157834e-06,4.1707157834e-06,5.83039855957,0,0,0.020053319633,0.0125333247706,0.0189740359783,0.0118737984449,1.45253579831e-07,5.7395975972e-08,1.11250574264e-06,1.49521468984e-07,5.7395975972e-08,2.87817556455e-08,3.72529029846e-09,9.53674316406e-07,64
0.0960000045598,2522.07601443,429.911568062,-57.3168373108,-558.473937988,1.2141879797,-0.0102263437584,99.9998703003,40,0.972220122814,0.000116415321827,0.000232830643654,0,0,7.51204522458,1.42603431337,79.371230288,12.0133311978,126.551705762,150.668201968,5150.00009909,0.000931322574615,0,0,0,0,25.6486891885,45.7991809526,-0.000439641212324,-0.000449290382676,9.64917035162e-06,0.000449290382676,22.0760065304,0,0,0,0,0.859823160226,2.0406787371e-05,0.010153141804,1,48,-2.36251253227e-06,2.36251253227e-06,1.43296468258,0,0,0.0240360926837,0.0150225581601,0.0229457244277,0.0143594713882,1.79201080641e-07,3.79543685369e-08,1.09717200303e-06,1.79203368589e-07,3.79543685369e-08,2.83465908524e-08,3.72529029846e-09,7.7486038208e-07,64
0.11200000532,2529.3964427,478.011439554,-63.7296295166,-568.476196289,1.57337415218,-8.70100338943e-05,99.999961853,40.0000038147,0.972220242023,0.000116415321827,0.000232830643654,0,0,7.62191569453,1.53047571823,78.5356880619,11.7789342085,127.548497403,152.644570335,5149.99963343,0.000931322574615,0,0,0,0,24.5347582677,45.3330940218,-0.000447087700195,-0.000411091605201,-3.59960949936e-05,-5.45696821064e-05,29.3964965294,0,0,0,0,0.956022972787,0.000212480699702,0.00951168779284,1,56,-2.43409749601e-06,2.43409749601e-06,1.40999746323,0,0,0.0280036795884,0.0175023004413,0.0269030611962,0.0168361309916,6.10593758665e-07,3.00669817932e-08,9.41974008128e-07,6.10592906014e-07,3.00669817932e-08,2.66014410499e-08,3.72529029846e-09,5.96046447754e-07,64
0.12800000608,2537.42723726,519.640452694,-69.2797088623,-577.963989258,1.95282614231,0.015579608269,100.000053406,40.0000038147,0.972220301628,0.000116415321827,0.000232830643654,0,0,10.1017307847,2.29766329567,77.7106716022,11.5623502661,127.785053337,153.882661834,5149.99963343,0.00139698386192,0,0,0,0,24.0560966631,45.3071443189,-0.000353172713297,-0.000345607986674,-7.56472662289e-06,-0.000120053300634,37.4273317902,0,0,0,0,1.03928095996,-0.000157797330758,0.00297888345085,1,64,-3.51967173629e-06,3.51967173629e-06,1.45385980606,0,0,0.0319535769522,0.0199709869921,0.0308435745537,0.0193022228777,2.81594111584e-07,1.49532262128e-08,1.16118894766e-06,2.82525434159e-07,1.49532262128e-08,2.90644379675e-08,3.72529029846e-09,7.7486038208e-07,64
0.14400000684,2546.07154056,555.546197575,-74.0667495728,-586.989624023,2.34911155701,0.036228723824,99.999961853,40.0000038147,0.972220242023,0.000116415321827,0.000232830643654,0,0,16.8914855731,4.24386615882,76.8953751787,11.3651203295,127.785053337,153.912580572,5150.00009909,0.00139698386192,0,0,0,0,24.2427595367,45.1525702374,-0.000196692551135,-0.000220097717829,2.34051666936e-05,0.000220097717829,46.0716753423,0,0,0,0,1.11109250156,-0.000257500687439,0.00295726233162,1,72,-4.14619171352e-06,4.14619171352e-06,1.43722748756,0,0,0.0358832962811,0.0224270615727,0.0347648076713,0.0217562019825,3.28727765009e-07,5.14070030988e-08,1.56171472554e-06,3.28727765009e-07,5.14070030988e-08,2.71743374469e-08,7.45058059692e-09,8.34465026855e-07,64
0.1600000076,2555.24460226,586.447946262,-78.1866455078,-595.607421875,2.75952196121,0.06128872931,99.9998703003,40,0.972220122814,0.000116415321827,0.000232830643654,0,0,27.7938411666,7.36609406435,76.0894764994,11.186474377,127.785053337,153.912580572,5149.99963343,0.00139698386192,0,0,0,0,24.2549340328,44.9876497441,-0.000190731097582,-0.000156433088705,-3.42980088774e-05,-0.000309228198603,55.2446416577,0,0,0,0,1.17289596346,-0.000128011379275,0.00293659837916,1,80,-9.22100389289e-06,9.22100389289e-06,1.44072294235,0,0,0.0397903472185,0.0248689670116,0.03866430372,0.0241965260357,4.42523742095e-07,3.98217494535e-08,1.6498235027e-06,4.42523742095e-07,3.98217494535e-08,2.45719604663e-08,7.45058059692e-09,8.94069671631e-07,64
0.17600000836,2564.87145089,612.9196845,-81.7159194946,-603.856994629,3.18182301521,0.0902099013329,100.000144958,40.0000114441,0.972220361233,0.000116415321827,0.000232830643654,0,0,42.4527197492,11.5414635416,75.2926752467,11.0702477945,127.785053337,153.755507199,5149.99963343,0.00139698386192,0,0.157072364004,0,0,24.2740807153,44.900305511,1.49291690121e-06,-1.45519152284e-05,1.60448321296e-05,-0.000451109372079,64.8714725457,0,0,0,0,1.22583946904,1.3869794202e-05,0.00291601312347,1,88,-4.76526793136e-06,4.76526793136e-06,1.4473811388,0,0,0.0436722710729,0.0272951703519,0.0425396300852,0.0266216695309,3.52039933205e-07,9.50672998101e-08,2.64609184342e-06,7.20610842109e-07,9.50672998101e-08,2.54521523857e-08,7.45058059692e-09,1.90734863281e-06,64
0.19200000912,2574.88642819,635.534292087,-84.7309494019,-611.782714844,3.61406731606,0.122503682971,100.000053406,40.0000038147,0.972220301628,0.000116415321827,0.000232830643654,0,0,60.3892740267,15.5825969928,74.5049787453,12.5369862475,127.785053337,148.083403474,5149.99963343,0.00139698386192,0,5.82918937653,0,0,24.3894082814,44.9362814834,-0.000169920036375,-0.000150976120494,-1.89439158804e-05,-0.000314685166813,74.886467587,0,0,0,0,1.27106864056,-4.6156856115e-05,0.00680893752724,1,96,-1.08994272523e-05,1.08994272523e-05,1.42877447605,0,0,0.0475266128778,0.0297041330487,0.046388361603,0.0290301050991,6.21672938905e-07,2.98023223877e-08,2.07841480915e-06,6.05845798418e-07,2.98023223877e-08,2.60965862253e-08,7.45058059692e-09,2.02655792236e-06,64
0.208000009879,2585.23202501,654.724717606,-87.2894668579,-619.414001465,4.05457878113,0.157731831074,100.000053406,40.0000152588,0.972220301628,0.000116415321827,0.000232830643654,0,0,79.6664864605,18.8188142061,76.6121976346,15.0026378824,125.992592075,138.543677167,5150.00009909,0.00139698386192,1.79244898391,15.368905224,0,0,24.8497472057,45.3068678326,6.57794235748e-05,8.0035533756e-05,-1.42561101812e-05,-8.0035533756e-05,85.2320138165,0,0,0,0,1.30944954435,-1.00044417195e-05,0.012438855134,1,104,-1.00777560874e-05,1.00777560874e-05,1.48588144779,0,0,0.0513509325683,0.0320943333209,0.0502080917358,0.0314203202724,3.78472032025e-06,7.35531386908e-07,2.65705898528e-06,3.78472032025e-06,7.35531386908e-07,2.77968297269e-08,7.45058059692e-09,1.90734863281e-06,64
0.224000010639,2595.85678577,670.888053719,-89.4443969727,-626.778564453,4.50185585022,0.19550769031,100.000053406,40.0000114441,0.972220301628,0.000116415321827,0.000232830643654,0,0,92.1186000177,21.2529050225,87.1598799463,17.4982095761,115.690432722,128.344705445,5149.99916777,0.00139698386192,12.0946033348,25.5678787653,0,0,25.8473173744,46.1383897346,8.66978017156e-05,1.09139364213e-05,7.57838652943e-05,-0.000942236511037,95.8568450642,0,0,0,0,1.34177616928,2.68300937023e-05,0.0231621395797,1,112,-1.97209719772e-05,1.97209719772e-05,1.45953893661,0,0,0.0551428161561,0.0344642624259,0.0539964288473,0.0337908193469,7.30989938802e-07,1.57859176397e-07,2.27671716857e-06,7.29125531507e-07,1.57859176397e-07,2.86428303298e-08,7.45058059692e-09,1.54972076416e-06,64
0.240000011399,2606.71577416,684.342929162,-91.2382354736,-633.896972656,4.95455265045,0.235495135188,100.000236511,40.0000267029,0.972220420837,0.000116415321827,0.000232830643654,0,0,100.423224652,22.9817914612,95.6867762457,19.6265092975,104.501377791,118.891235616,5150.00009909,0.00139698386192,23.283642804,35.0213558704,0,0,27.4145950243,47.3454783787,7.61249258074e-05,7.82165443525e-05,-2.09161854503e-06,-7.82165443525e-05,106.715675315,0,0,0,0,1.36868595746,0.000125396582007,0.0297894570976,1,120,-1.41752216223e-05,1.41752216223e-05,1.56005859375,0,0,0.0588998682797,0.0368124209344,0.0577510036528,0.0361401066184,2.49710865319e-07,1.1998672278e-07,3.5298783132e-06,2.48779542744e-07,1.1998672278e-07,2.52103689036e-08,1.49011611938e-08,3.51667404175e-06,64
0.256000012159,2617.76754633,695.403199643,-92.7128143311,-640.790588379,5.41145658493,0.277392268181,100.000404358,40.000038147,0.972220540047,0.000116415321827,0.000232830643654,0,0,105.92497026,24.1341486365,101.832256341,21.2729310806,94.4683561102,110.679793579,5150.00056475,0.00139698386192,33.316675399,43.232797907,0,0,29.4194451271,48.7152501591,0.000206978476025,0.000163709046319,4.32694297059e-05,0.000301952240989,117.767697475,0,0,0,0,1.39080646022,-0.000109025677375,0.0297934114933,1,128,-9.66676816461e-06,9.66676816461e-06,1.48310482502,0,0,0.062619715929,0.0391373261809,0.0614694617689,0.0384667143226,2.53901816905e-07,6.18460234136e-08,2.86804743155e-06,5.17786247656e-07,6.18460234136e-08,2.82720691303e-08,1.49011611938e-08,1.60932540894e-06,64
0.272000012919,2628.97601351,704.221893102,-93.8885498047,-647.462219238,5.87141609192,0.320944935083,100.000404358,40.0000305176,0.972220540047,0.000116415321827,0.000232830643654,0,0,109.456200095,24.8317461886,106.080520139,22.4516264777,86.0379877849,103.780410427,5149.99963343,0.00139698386192,41.7470510001,50.1321846968,0,0,31.4419958158,49.9463785673,0.000233581196052,0.000227373675443,6.20752060865e-06,-0.000693034962751,128.97613226,0,0,0,0,1.40844383623,-5.12727638124e-05,0.0269275531173,1,136,-7.43466580388e-06,7.43466580388e-06,1.44598770142,0,0,0.0663000196218,0.0414375141263,0.0651494860649,0.0407691709697,1.77009496838e-07,1.70737749272e-07,3.08163475893e-06,4.38740244135e-07,1.70737749272e-07,2.16944897602e-08,1.49011611938e-08,2.20537185669e-06,64
0.288000013679,2640.30811377,711.100175977,-94.8055725098,-653.93572998,6.33339166641,0.365928381681,100.000320435,40.0000267029,0.972220480442,0.000116415321827,0.000232830643654,0,0,111.628228992,25.1764906767,108.915672322,23.2258233357,79.1903803474,98.0905097094,5150.00009909,0.00139698386192,48.5946584377,55.8220781386,0,0,32.8790956701,50.7837939949,0.000242448769394,0.000296495272778,-5.40465033838e-05,-0.000296495272778,140.308095638,0,0,0,0,1.42220039834,-7.08268999006e-05,0.0232042465359,1,144,-5.02456387039e-05,5.02456387039e-05,1.1636890173,0,0,0.0699384510517,0.0437115319073,0.0687887743115,0.0430460460484,2.73721525446e-07,1.59129925237e-07,2.89207628157e-06,2.83005647361e-07,1.59129925237e-07,1.02895114651e-08,1.49011611938e-08,1.40070915222e-06,64
0.304000014439,2651.73334628,716.155278496,-95.4795303345,-660.211853027,6.79639673233,0.412146270275,100.000236511,40.0000305176,0.972220420837,0.000116415321827,0.000232830643654,0,0,112.851781588,25.2495191329,110.710245916,23.6684677066,73.7424270483,93.4560812311,5150.00009909,0.00139698386192,54.0426080988,60.4565066169,0,0,33.8745849149,51.4123785251,0.000293153099018,0.000314685166813,-2.15320677954e-05,-0.000314685166813,151.733378743,0,0,0,0,1.43231056882,6.35509422864e-05,0.0195450298488,1,152,-3.33224852511e-05,3.33224852511e-05,1.40165448189,0,0,0.0735326930881,0.0459579341114,0.0723850280046,0.045295894146,6.48976879347e-07,9.92331337102e-08,1.74991657786e-06,6.50837193916e-07,9.92331337102e-08,1.43965337429e-08,1.49011611938e-08,8.94069671631e-07,64
0.320000015199,2663.22446987,719.575560652,-95.9355316162,-666.302307129,7.25953722,0.459421247244,100.000144958,40.0000190735,0.972220361233,0.000116415321827,0.000232830643654,0,0,113.385233584,25.1129881491,111.723048788,23.8458382247,69.4798800396,89.7221034393,5150.00056475,0.00139698386192,58.3051587455,64.1904771328,0,0,34.6702399838,51.9956411154,0.000275190578658,0.000323780113831,-4.85895351732e-05,0.000141881173477,163.224594644,0,0,0,0,1.43915121953,-0.000257841747953,0.0162923485041,1,160,-6.7888859121e-06,6.7888859121e-06,1.42130243778,0,0,0.077080488205,0.0481753088534,0.0759360045195,0.0475173071027,1.68466584682e-07,1.21223138194e-07,2.32470688388e-06,1.74521105123e-07,1.21223138194e-07,1.23527144069e-08,1.49011611938e-08,1.04308128357e-06,64
0.336000015959,2674.75610599,721.420394257,-96.1814880371,-672.202575684,7.72193050385,0.507601737976,100.000236511,40.0000267029,0.972220420837,0.000116415321827,0.000232830643654,0,0,113.385489953,24.8137491057,112.125386506,23.8135412618,66.2104066578,86.7526687216,5149.99963343,0.00139698386192,61.5746321273,67.1599045745,0,0,35.3546383849,52.5635987287,0.000233495930924,0.000232830643654,6.65287269719e-07,-0.000698491930962,174.756184833,0,0,0,0,1.44284081216,1.06865627458e-05,0.013513892889,1,168,-3.34868468599e-06,3.34868468599e-06,1.39898562431,0,0,0.0805796161294,0.0503622591496,0.0794394761324,0.0497088842094,0,1.56986530442e-07,1.61400646448e-06,0,1.56986530442e-07,7.26231519366e-09,1.49011611938e-08,1.2218952179e-06,64
0.352000016719,2686.30497158,721.895834431,-96.2448806763,-677.928771973,8.18278217316,0.55655246973,100.000236511,40.0000305176,0.972220420837,0.000116415321827,0.000232830643654,0,0,112.945854252,24.3867926682,112.027915125,23.6160805934,63.7796911178,84.4368769322,5150.00009909,0.00139698386192,64.0053331153,69.4757109159,0,0,35.9668956662,53.1168552698,0.000226077864762,0.000201907823794,2.41700409687e-05,-0.000201907823794,186.305168995,0,0,0,0,1.44379168887,-0.000241698216996,0.0111616021022,1,176,-2.45968271884e-06,2.45968271884e-06,1.46917545795,0,0,0.0840278416872,0.0525174029171,0.0828932523727,0.0518692545593,5.92342985328e-07,9.05275321372e-09,1.98764200832e-06,5.89549017604e-07,9.05275321372e-09,7.16639192433e-09,1.49011611938e-08,8.79168510437e-07,64
0.368000017479,2697.84941338,721.053103916,-96.132522583,-683.477050781,8.64130401611,0.606151998043,100.000144958,40.0000152588,0.972220361233,0.000116415321827,0.000232830643654,0,0,112.119731744,23.8577300701,111.500330309,23.2879085107,62.072147557,82.6883479021,5150.00056475,0.00139698386192,65.7128766761,71.224225394,0,0,36.5258092643,53.6508086952,0.000352753423694,0.000349245965481,3.50745821276e-06,0.000116415321827,197.84957226,0,0,0,0,1.4421062815,4.67252903036e-05,0.00914930645376,1,184,-2.39624250753e-06,2.39624250753e-06,1.42163944244,0,0,0.0874229893088,0.0546393692493,0.086295157671,0.0539970546961,5.88122929912e-07,1.74694562816e-07,1.83916608876e-06,5.93012373429e-07,1.74694562816e-07,6.43517239496e-09,1.49011611938e-08,4.02331352234e-07,64
0.384000018239,2709.36894231,718.975788914,-95.8555679321,-688.848449707,9.09677314758,0.656287252903,100.000144958,40.0000190735,0.972220361233,0.000116415321827,0.000232830643654,0,0,110.934107068,23.2445840311,110.583856146,22.8548688102,61.0067399975,81.4427621663,5150.00009909,0.00139698386192,66.7782878736,72.4698111298,0,0,37.0414527424,54.1608023923,0.000300564059752,0.000212821760215,8.77422995371e-05,-0.000212821760215,209.369052641,0,0,0,0,1.43795159602,1.04591890704e-05,0.00738590257242,1,192,-2.28433077609e-06,2.28433077609e-06,1.40515851974,0,0,0.0907629281282,0.0567268319428,0.0896430686116,0.0560909509659,5.51774732571e-08,1.45232235127e-07,1.43257307172e-06,7.30471896304e-08,1.45232235127e-07,3.62067709148e-09,1.49011611938e-08,2.38418579102e-07,64
0.400000018999,2720.84469907,715.731817763,-95.4230804443,-694.042907715,9.54846858978,0.706871569157,100.000144958,40.0000190735,0.972220361233,0.000116415321827,0.000232830643654,0,0,108.480079922,22.3658693155,109.090376606,22.2967175203,60.6856992817,80.789468484,5150.00103042,0.00139698386192,67.0993249514,73.1230902602,1,67.0993249514,37.5199888367,54.64287824,0.00037060580993,0.000349245965481,2.13598444487e-05,0.000582076609135,220.8449514,0,0,0,0,1.43146371556,-0.000253749021795,0.0055119371973,1,200,-2.22627363655e-06,2.22627363655e-06,1.40515315533,0,0,0.09404553473,0.0587784610689,0.0929348692298,0.0581496171653,5.25753080183e-07,1.8619446962e-07,1.55543330038e-06,5.37918481314e-07,1.8619446962e-07,1.80397208283e-09,1.49011611938e-08,1.86264514923e-07,64
0.416000019759,2732.25922137,711.410481017,-94.8469467163,-699.063720703,9.99572849274,0.757808089256,100.000144958,40.0000190735,0.972220361233,0.000116415321827,0.000465661287308,0,0,100.204278455,20.4786312539,107.666065342,21.605664695,60.6856992817,80.7880787761,5150.00103042,0.00139698386192,67.0993249514,73.1244799681,1,67.0993249514,37.9656848963,55.0919467059,0.000506219996477,0.000496584107168,9.63588930869e-06,0.000434738467447,232.259111613,0,0,0,0,1.42282101478,0.000239879227593,0.00434370944276,1,208,-2.0847480755e-06,2.0847480755e-06,1.41371142864,0,0,0.0972687378526,0.0607929639518,0.0961684808135,0.0601717606187,4.36141272075e-06,5.87326269397e-07,1.49940512983e-06,4.36134814663e-06,5.87326269397e-07,8.00255861577e-10,1.49011611938e-08,8.56816768646e-08,64
0.432000020519,2743.59504692,706.109800376,-94.1402435303,-703.915283203,10.4379072189,0.809024751186,100.000053406,40.0000152588,0.972220301628,0.000116415321827,0.000465661287308,0,0,86.1308745723,17.2710870488,106.416604858,20.9719798606,60.6856992817,80.7880787761,5150.00056475,0.00139698386192,67.0993249514,73.1244799681,1,67.0993249514,38.3818187402,55.5053520657,0.000497292027002,0.000494765117764,2.52690923741e-06,-2.91038304567e-05,243.595114853,0,0,0,0,1.41221971717,-0.000101863406599,0.00387649843469,1,216,-2.02973251362e-06,2.02973251362e-06,1.41232967377,0,0,0.100430503488,0.0627690702677,0.0993418991566,0.0621561072767,6.21335448159e-06,1.22393203128e-06,1.49612048972e-06,6.21332628725e-06,1.22393203128e-06,2.34636199359e-11,1.49011611938e-08,1.75017120796e-08,64
0.448000021279,2754.83704172,699.780415744,-93.2963943481,-708.58380127,10.8743925095,0.860446631908,100.000236511,40.0000267029,0.972220420837,0.000116415321827,0.000465661287308,0,0,68.0834921046,13.1578086979,105.242135882,20.3912644625,60.6856992817,80.7880787761,5150.00056475,0.00139698386192,67.0993249514,73.1244799681,1,67.0993249514,38.7710606446,55.8846295462,0.000772993266618,0.000760337570682,1.26556959357e-05,-0.000294676283374,254.837044395,0,0,0,0,1.39956091516,-1.5916157281e-05,0.00367653230205,1,224,-2.02195928978e-06,2.02195928978e-06,1.41200578213,0,0,0.10352884233,0.0647055283189,0.102453112602,0.0641014054418,6.19732963969e-06,1.01857483514e-06,1.4984622112e-06,6.19738693786e-06,1.01857483514e-06,7.26129920081e-12,1.49011611938e-08,1.55507464683e-08,64
0.464000022039,2765.96983895,692.556495778,-92.3332901001,-713.079467773,11.3045902252,0.912008285522,100.000144958,40.0000190735,0.972220361233,0.000116415321827,0.000465661287308,0,0,48.4008765165,8.67183526106,104.105397055,19.8590668414,60.6856992817,80.7880787761,5150.00103042,0.00139698386192,67.0993249514,73.1244799681,1,67.0993249514,39.1357280023,56.2323148188,0.000916057493749,0.00088220986072,3.38476330297e-05,4.91127138957e-05,265.969875727,0,0,0,0,1.38511302339,-3.52429196937e-06,0.00358306802809,1,232,-1.96147175302e-06,1.96147175302e-06,1.41271722317,0,0,0.106561772525,0.0666011124849,0.105500139296,0.066006436944,6.05146215094e-06,1.02581338979e-06,1.49002119088e-06,6.05143213761e-06,1.02581338979e-06,7.12269132563e-12,1.49011611938e-08,1.99079117635e-08,64
0.480000022799,2776.97946876,684.498809278,-91.2590179443,-717.403564453,11.7279424667,0.963645815849,100.000320435,40.0000305176,0.972220480442,0.000116415321827,0.000465661287308,0,0,29.6336418621,4.39449284328,102.991394469,19.3713455278,60.6856992817,80.7880787761,5150.00056475,0.00139698386192,67.0993249514,73.1244799681,1,67.0993249514,39.4778508053,56.5509653825,0.000817704168266,0.000789441401139,2.82627671266e-05,-0.000323780113831,276.979320802,0,0,0,0,1.36899768677,4.64979166281e-05,0.00353230000474,1,240,-1.96922292162e-06,1.96922292162e-06,1.41264343262,0,0,0.109527423978,0.0684546455741,0.108481109142,0.0678699910641,6.06661342317e-06,1.05832032204e-06,1.49197614974e-06,6.0666693571e-06,1.05832032204e-06,7.25175822169e-12,1.49011611938e-08,1.5676977938e-08,64
0.496000023559,2787.85219416,675.606948789,-90.0735321045,-721.549316406,12.1439247131,1.01530373096,100.000236511,40.0000267029,0.972220420837,0.000116415321827,0.000465661287308,0,0,14.2136815119,1.24792662075,101.894099797,18.9243758507,60.6856992817,83.4105667309,5150.00103042,0.00139698386192,67.0993249514,73.1244799681,1,67.0993249514,37.5764066121,56.8429932173,0.000564374366685,0.000698491930962,-0.000134117564277,0.000232830643654,287.85229847,0,0,0,0,1.3512139958,-9.77706804406e-05,0.0160583537072,1,248,-2.11798419514e-06,2.11798419514e-06,1.41137671471,0,0,0.112423874438,0.0702649280429,0.111394114792,0.0696908906102,6.14196505921e-06,1.08888764316e-06,1.49328184307e-06,6.14199507254e-06,1.08888764316e-06,7.13258965779e-12,1.49011611938e-08,1.18184164677e-08,64
0.512000024319,2798.57590795,665.94791133,-88.7857666016,-725.519775391,12.5520057678,1.06693649292,100.000236511,40.0000267029,0.972220420837,0.000116415321827,0.000465661287308,0,0,5.07648211934,-0.758181196126,100.810934703,18.5102964469,65.9464130877,89.6454585018,5150.00056475,0.00139698386192,67.0993249514,73.1244799681,1,67.0993249514,33.3329553541,53.6483166798,0.000622493209756,0.000542058842257,8.04343674998e-05,-7.63975549489e-05,298.576106843,0,0,0,0,1.33189587359,-0.000104591890704,0.025228574872,1,256,-1.92870743376e-06,1.92870743376e-06,1.41259670258,0,0,0.115249305964,0.0720308199525,0.114237308502,0.0714679956436,6.77462094245e-06,1.17418358059e-06,1.49152640461e-06,6.77461912346e-06,1.17418358059e-06,6.76584482884e-12,1.49011611938e-08,1.80607244715e-08,64
0.528000025079,2809.13827009,655.53735476,-87.3978042603,-729.310852051,12.9517297745,1.11848115921,100.000404358,40.000038147,0.972220540047,0.000116415321827,0.000465661287308,0,0,2.35699548279,-1.40240112474,99.7407711653,18.0982020694,76.5992808738,96.1076875683,5150.00149608,0.00139698386192,67.0993249514,73.1244799681,1,67.0993249514,29.7527567454,49.7497130709,0.000703210864539,0.000618456397206,8.47544673332e-05,0.000778527464718,309.13844239,0,0,0,0,1.31107481138,-0.000238287611865,0.0260409340262,1,264,-2.0147979285e-06,2.0147979285e-06,1.42378246784,0,0,0.118001975119,0.0737512335181,0.117008909583,0.0732001811266,1.321732816e-05,2.14888814298e-06,1.49000277361e-06,1.32173563543e-05,2.14888814298e-06,2.21433982261e-11,1.49011611938e-08,1.58422182039e-08,64
0.544000025839,2819.52763908,644.38622212,-85.9111099243,-732.918395996,13.342625618,1.16989099979,100.000404358,40.0000343323,0.972220540047,0.000116415321827,0.000465661287308,0,0,3.28243659914,-1.168427945,98.6828840258,17.6675978716,85.5668040458,100.62102956,5150.00103042,0.00139698386192,67.0993249514,73.1244799681,1,67.0993249514,28.1918491964,48.6523422296,0.000804505836949,0.000753061613068,5.14442238808e-05,0.000178260961547,319.527761008,0,0,0,0,1.28877252337,-5.49107426195e-05,0.0207046661526,1,272,-2.11404358197e-06,2.11404358197e-06,1.41227591038,0,0,0.120680078864,0.0754250511527,0.119707167149,0.0748863443732,3.14038115903e-05,3.37651090376e-06,1.48888216245e-06,3.14038406941e-05,3.37651090376e-06,2.34485209027e-11,1.49011611938e-08,1.99700735948e-08,64
0.560000026599,2829.73283902,632.633513305,-84.3442153931,-736.35546875,13.7242679596,1.22111666203,100.000495911,40.000038147,0.972220599651,0.000116415321827,0.000465661287308,0,0,4.02680106727,-0.999784148811,97.6369876167,17.2227468987,92.7796936594,103.874168417,5150.00149608,0.00139698386192,67.0993249514,73.1244799681,1,67.0993249514,27.6145383395,48.3186558995,0.000892385762508,0.000842192093842,5.01936686659e-05,0.000554791768081,329.733059857,0,0,0,0,1.26526708755,-6.53699316899e-05,0.0170949343592,1,280,-2.18245850192e-06,2.18245850192e-06,1.41249656677,0,0,0.123281978071,0.0770512446761,0.122330382466,0.0765254348516,1.48722156155e-05,7.39605184208e-06,1.49308789332e-06,1.48722156155e-05,7.39605184208e-06,1.78678738472e-11,1.49011611938e-08,1.51793280168e-08,64
0.576000027359,2839.74432386,620.23033388,-82.6905899048,-739.610778809,14.0962619781,1.27211284637,100.000495911,40.000038147,0.972220599651,0.000116415321827,0.000465661287308,0,0,4.64177464885,-0.865206030695,96.6028035949,16.7727282652,98.7387902569,106.470179162,5150.00149608,0.00139698386192,67.0993249514,73.1244799681,1,67.0993249514,27.4328667729,48.143985623,0.000919272699629,0.000962245394476,-4.2972694847e-05,0.000434738467447,339.744305506,0,0,0,0,1.24046073324,6.09361450188e-05,0.0142447045073,1,288,-2.18201375901e-06,2.18201375901e-06,1.41272270679,0,0,0.12580601871,0.0786287635565,0.124876879156,0.07811640203,1.78259069799e-05,2.8749386729e-06,1.49301934016e-06,1.78258906089e-05,2.8749386729e-06,2.79724576835e-11,1.49011611938e-08,1.94699509848e-08,64
0.592000028118,2849.55161624,607.23349452,-80.957824707,-742.686828613,14.4582519531,1.32282817364,100.000587463,40.0000495911,0.972220659256,0.000116415321827,0.000465661287308,0,0,5.15407439622,-0.750390734948,95.5800902413,16.3251194976,103.70297241,108.684966108,5150.00056475,0.00139698386192,67.0993249514,73.1244799681,1,67.0993249514,27.4353787972,48.0385606352,0.000786600160008,0.000756699591875,2.99005681326e-05,-0.000291038304567,349.55172282,0,0,0,0,1.21446703361,-2.23963070312e-05,0.0119262095541,1,296,-2.06896334021e-06,2.06896334021e-06,1.41382980347,0,0,0.128250598907,0.0801566243172,0.127345070243,0.0796582475305,1.58875191119e-05,7.485243259e-06,1.49656011672e-06,1.5889381757e-05,7.485243259e-06,2.60677035513e-11,1.49011611938e-08,1.80716313025e-08,64
0.608000028878,2859.14586857,593.688338995,-79.1519470215,-745.585327148,14.8098936081,1.37321376801,100.000587463,40.0000534058,0.972220659256,0.000116415321827,0.000465661287308,0,0,5.58329054066,-0.647891780808,94.5686644355,15.885558876,107.86207713,110.66217121,5150.00056475,0.00139698386192,67.0993249514,73.1244799681,1,67.0993249514,27.5335223705,47.9796144646,0.000753858350744,0.000765794538893,-1.1936188149e-05,-0.000300133251585,359.146001188,0,0,0,0,1.18737671073,5.95719029661e-05,0.0100303152576,1,304,-2.09400968743e-06,2.09400968743e-06,1.41196155548,0,0,0.13061414659,0.0816338434815,0.129733353853,0.0811499878764,1.5309513401e-05,2.43236081587e-06,1.49104630509e-06,1.53094733832e-05,2.43236081587e-06,2.2725488158e-11,1.49011611938e-08,1.97735801066e-08,64
0.624000029638,2868.51916462,579.67583416,-77.2837677002,-748.313232422,15.1508846283,1.42323303223,100.000495911,40.0000457764,0.972220599651,0.000116415321827,0.000465661287308,0,0,5.9449036316,-0.553484578297,93.5684309547,15.4581721053,111.366105557,112.483285193,5150.00056475,0.00139698386192,67.0993249514,73.1244799681,1,67.0993249514,27.6845476037,47.955156333,0.000856744938882,0.000838554115035,1.81908238472e-05,-0.000372892827727,368.51928121,0,0,0,0,1.15935176837,-8.79936123965e-05,0.00847713369876,1,312,-2.12628265217e-06,2.12628265217e-06,1.41154420376,0,0,0.132895216346,0.0830595120788,0.13204023242,0.0825906917453,1.52065431394e-05,1.88057924788e-06,1.49063487243e-06,1.52065367729e-05,1.88057924788e-06,2.72591949013e-11,1.49011611938e-08,1.23074102021e-08,64
0.640000030398,2877.66358815,565.137597732,-75.3454971313,-750.858703613,15.4809675217,1.47283601761,100.000495911,40.0000495911,0.972220599651,0.000116415321827,0.000465661287308,0,0,6.25131458944,-0.464647014465,92.5791993538,15.0458222747,114.335227408,114.196962386,5150.00056475,0.00139698386192,67.0993249514,73.1244799681,1,67.0993249514,27.8655224975,47.9565242131,0.000730126223369,0.000665750121698,6.43761016716e-05,-0.00020008883439,377.66373373,0,0,0,0,1.13027522275,0.000117552190204,0.00752426916733,1,320,-1.98586576516e-06,1.98586576516e-06,1.41188120842,0,0,0.135092392564,0.0844327434897,0.13426426053,0.0839794427156,1.42193857755e-05,1.91045546671e-06,1.49032518948e-06,1.4219381228e-05,1.91045546671e-06,2.89572255063e-11,1.49011611938e-08,1.83731998504e-08,64
0.656000031158,2886.57168858,550.175085664,-73.3506546021,-753.231872559,15.7999134064,1.52196800709,100.000495911,40.0000457764,0.972220599651,0.000116415321827,0.000465661287308,0,0,6.51249432551,-0.379824567925,91.6009037091,14.6504037657,116.866060125,115.83318701,5150.00056475,0.00139698386192,67.0993249514,73.1244799681,1,67.0993249514,28.0632812064,47.9770060338,0.000923734908009,0.000933141564019,-9.40665600968e-06,-0.000467480276711,386.571868034,0,0,0,0,1.10035023226,-0.000225440999202,0.00716923130676,1,328,-2.14254691855e-06,2.14254691855e-06,1.41278767586,0,0,0.137204200029,0.0857526287436,0.136404022574,0.085315361619,1.48960516526e-05,1.94747303794e-06,1.49184643305e-06,1.48959688886e-05,1.94747303794e-06,2.69010369536e-11,1.49011611938e-08,1.3710228508e-08,64
0.672000031918,2895.23694664,534.804130439,-71.3013687134,-755.431396484,16.1075210571,1.57058286667,100.000404358,40.0000343323,0.972220540047,0.000116415321827,0.000465661287308,0,0,6.7364690114,-0.298044897425,90.6333828749,14.2731160176,119.036376418,117.410716484,5150.00056475,0.00186264514923,67.0993249514,73.1244799681,1,67.0993249514,28.2699784293,48.0113631056,0.000773270378285,0.000760337570682,1.29328076026e-05,-0.000294676283374,395.237018893,0,0,0,0,1.06960828816,1.56887836056e-05,0.00688437558711,1,336,-2.22314611165e-06,2.22314611165e-06,1.41243779659,0,0,0.139229401946,0.0870183855295,0.138458147645,0.0865976065397,1.47614373418e-05,1.92531638277e-06,1.49354002588e-06,1.47614191519e-05,1.92531638277e-06,2.87829204915e-11,1.49011611938e-08,2.38438246924e-08,64
0.688000032678,2903.65330875,519.10628099,-69.2084884644,-757.465332031,16.4036483765,1.61862623692,100.000320435,40.0000305176,0.972220480442,0.000116415321827,0.000465661287308,0,0,6.92971104126,-0.218685665077,89.6765343034,13.9145605813,120.908887766,118.941556138,5150.00103042,0.00186264514923,67.0993249514,73.1244799681,1,67.0993249514,28.4808593278,48.0555245304,0.000825481058508,0.000751242623664,7.4238434844e-05,0.000180079950951,403.653327339,0,0,0,0,1.03821264474,-2.08046913031e-05,0.00664563197643,1,344,-2.16613466364e-06,2.16613466364e-06,1.41189837456,0,0,0.141166627407,0.08822914958,0.140425309539,0.0878253355622,1.51919903146e-05,1.90666366962e-06,1.49465472532e-06,1.51919621203e-05,1.90666366962e-06,2.83686407698e-11,1.49011611938e-08,3.13927870366e-08,64
0.704000033438,2911.81541979,503.091374412,-67.0733413696,-759.332336426,16.68816185,1.66604912281,100.000144958,40.0000190735,0.972220361233,0.000116415321827,0.000465661287308,0,0,7.09744758981,-0.141345507939,88.730270097,13.5749663573,122.534256661,120.433447591,5150.00103042,0.00186264514923,67.0993249514,73.1244799681,1,67.0993249514,28.6929862341,48.1063252664,0.000748003478601,0.000694853952155,5.31495264466e-05,0.000236468622461,411.815404391,0,0,0,0,1.00618274246,0.000111299414129,0.00643787300214,1,352,-2.11791780202e-06,2.11791780202e-06,1.41235697269,0,0,0.143014684319,0.0893841907382,0.142304241657,0.0889977738261,1.50705182023e-05,1.89124148164e-06,1.4921984075e-06,1.5070561858e-05,1.89124148164e-06,2.27634577854e-11,1.49011611938e-08,2.14463682369e-08,64
0.720000034198,2919.71839033,486.773962621,-64.8978652954,-761.031921387,16.9609851837,1.7127969265,100.000144958,40.0000190735,0.972220361233,0.000116415321827,0.000465661287308,0,0,7.24392018568,-0.0657592803992,87.7944144599,13.2541905116,123.953577713,121.891505842,5150.00103042,0.00186264514923,67.0993249514,73.1244799681,1,67.0993249514,28.9045656245,48.1613387819,0.000697327570687,0.000703948899172,-6.6213284855e-06,0.000227373675443,419.718494527,0,0,0,0,0.973548026195,-0.000315935722028,0.00625159265473,1,360,-2.01412922252e-06,2.01412922252e-06,1.41219317913,0,0,0.144772410393,0.0904827713966,0.144093751907,0.0901141837239,1.49313837028e-05,4.5808978939e-06,1.4924730749e-06,1.4931349142e-05,4.5808978939e-06,2.86884405121e-11,1.49011611938e-08,1.42425022887e-08,64
0.736000034958,2927.35896073,470.256141853,-62.6956748962,-762.57611084,17.2220859528,1.75881636143,100.000144958,40.0000267029,0.972220361233,0.000116415321827,0.000465661287308,0,0,7.37256737409,0.00824993090366,86.8688868191,12.9518658878,125.200167531,123.319143313,5150.00056475,0.00186264514923,67.0993249514,73.1244799681,1,67.0993249514,29.1144879156,48.2186878799,0.000524480944786,0.000552972778678,-2.84918338922e-05,-8.73114913702e-05,427.358824425,0,0,0,0,0.940512336456,0.000123463905766,0.00608072942123,1,368,-1.95932352653e-06,1.95932352653e-06,1.41271340847,0,0,0.146438702941,0.0915241986513,0.145792707801,0.0911738425493,1.49631587192e-05,1.90677587852e-06,1.49052300458e-06,1.49631605382e-05,1.90677587852e-06,2.80704348654e-11,1.49011611938e-08,2.31300845144e-08,64
0.752000035718,2934.73270722,453.506538179,-60.4625740051,-763.958618164,17.4714641571,1.80404424667,100.000144958,40.0000190735,0.972220361233,0.000116415321827,0.000465661287308,0,0,7.48618677851,0.0808043249268,85.9536066017,12.6674953136,126.301136333,124.718717416,5150.00103042,0.00186264514923,67.0993249514,73.1244799681,1,67.0993249514,29.3220819003,48.2769792143,0.000530421082057,0.00056934368331,-3.89226012532e-05,0.000361978891306,434.732676013,0,0,0,0,0.907013145479,9.50421963353e-05,0.00592136615887,1,376,-1.9385329324e-06,1.9385329324e-06,1.41228580475,0,0,0.14801248908,0.0925078094006,0.147399991751,0.0921760797501,1.55916422955e-05,1.55320628892e-06,1.49239690472e-06,1.55916095537e-05,1.55320628892e-06,2.88142842919e-11,1.49011611938e-08,1.51367629542e-08,64
0.768000036478,2941.83706865,436.618633103,-58.2110404968,-765.190612793,17.7091579437,1.84842121601,100.000144958,40.0000152588,0.972220361233,0.000116415321827,0.000465661287308,0,0,7.58707060982,0.15199179057,85.0484126614,12.4004342048,127.278704895,126.091923448,5150.00056475,0.00186264514923,67.0993249514,73.1244799681,1,67.0993249514,29.5269564958,48.3351395815,0.000637720140584,0.000603904481977,3.38156586066e-05,-0.000138243194669,441.837105598,0,0,0,0,0.873237297583,0.000110446762847,0.00577097292989,1,384,-2.1257019398e-06,2.1257019398e-06,1.41366994381,0,0,0.149492785335,0.0934329926968,0.148914605379,0.0931202545762,1.53379660333e-05,1.54048200329e-06,1.49299376062e-06,1.53379533003e-05,1.54048200329e-06,2.85673151801e-11,1.49011611938e-08,1.8140838165e-08,64
0.784000037238,2948.67041521,419.629941462,-55.9460678101,-766.276245117,17.9352436066,1.89189755917,100.000053406,40.0000152588,0.972220301628,0.000116415321827,0.000465661287308,0,0,7.67709127516,0.221875695752,84.1532097757,12.1499528262,128.151004901,127.439983771,5150.00009909,0.00186264514923,67.0993249514,73.1244799681,1,67.0993249514,29.7288715956,48.392386816,0.000563226840167,0.000511136022396,5.20908177704e-05,-0.000511136022396,448.670557773,0,0,0,0,0.839259939767,-0.000138300038088,0.00562788592651,1,392,-2.15229556488e-06,2.15229556488e-06,1.41249525547,0,0,0.150878638029,0.0942991599441,0.150335535407,0.0940057709813,1.5117935618e-05,1.52007123688e-06,1.49342849909e-06,1.51178801389e-05,1.52007123688e-06,2.48770448685e-11,1.49011611938e-08,1.26585888438e-08,64
0.800000037998,2955.23088425,402.527104598,-53.6658744812,-767.212890625,18.1498298645,1.93440234661,100.000053406,40.0000114441,0.972220301628,0.000116415321827,0.000465661287308,0,0,7.75779385376,0.290508086754,83.2679320213,11.9153031307,128.933010274,128.763902467,5150.00056475,0.00186264514923,67.0993249514,73.1244799681,1,67.0993249514,29.9277126032,48.4481606691,0.000625804338905,0.00063118932303,-5.38498412528e-06,-0.000165528035723,455.230837588,0,0,0,0,0.805054241937,7.41238181945e-05,0.0054909507744,1,400,-2.10330335904e-06,2.10330335904e-06,1.41245102882,0,0,0.152169212699,0.0951057672501,0.151661887765,0.0948320552707,1.56800961122e-05,1.66092058862e-06,1.48531955801e-06,1.56800579134e-05,1.66092058862e-06,2.77227130141e-11,1.49011611938e-08,1.59937343369e-08,64
0.816000038758,2961.5170788,385.368563002,-51.3782577515,-768.007568359,18.353055954,1.97587859631,99.999961853,40.0000114441,0.972220242023,0.000116415321827,0.000465661287308,0,0,7.83045423771,0.357928935348,82.3924255768,11.6956629071,129.63709014,130.064450786,5150.00056475,0.00186264514923,67.0993249514,73.1244799681,1,67.0993249514,30.1234213111,48.5020464112,0.000712234757283,0.000727595761418,-1.53610041354e-05,-0.000261934474111,461.517087899,0,0,0,0,0.77073718785,-6.77573552821e-05,0.00535939075053,1,408,-2.15973318518e-06,2.15973318518e-06,1.41165411472,0,0,0.153363659978,0.0958522930741,0.152892783284,0.0955985710025,1.68741371454e-05,7.03611306108e-07,1.49435163621e-06,1.68741225934e-05,7.03611306108e-07,2.82170120602e-11,1.49011611938e-08,1.39231843832e-08,64
0.832000039518,2967.52899885,368.214037735,-49.0911750793,-768.668334961,18.5451145172,2.01625919342,99.9998703003,40.0000038147,0.972220122814,0.000116415321827,0.000465661287308,0,0,7.89612674331,0.424172977204,81.5265659204,11.4902712897,130.273459945,131.342298118,5150.00009909,0.00186264514923,67.0993249514,73.1244799681,1,67.0993249514,30.3159940813,48.5537711938,0.000756913684508,0.000842192093842,-8.52784093341e-05,-0.000842192093842,467.528913646,0,0,0,0,0.736428091841,0.000248064679909,0.00523265777156,1,416,-2.07224024962e-06,2.07224024962e-06,1.4116820097,0,0,0.154461234808,0.0965382829309,0.154027447104,0.0963048264384,1.58258444571e-05,6.30753334008e-07,1.49398408666e-06,1.58258881129e-05,6.30753334008e-07,2.62903587789e-11,1.49011611938e-08,1.29991537534e-08,64
0.848000040278,2973.26594591,351.059512468,-46.8040924072,-769.194274902,18.7261962891,2.05548071861,99.999961853,40.0000114441,0.972220242023,0.000116415321827,0.000465661287308,0,0,7.95569858939,0.489270341367,80.6703237527,11.29830973,130.850705318,132.598026539,5150.00009909,0.00186264514923,67.0993249514,73.1244799681,1,67.0993249514,30.5054381897,48.6031713081,0.000698784183295,0.00068212102633,1.66631569654e-05,-0.00068212102633,473.266077677,0,0,0,0,0.702119052676,-0.000134662059281,0.00511032436043,1,424,-2.05627770811e-06,2.05627770811e-06,1.41193664074,0,0,0.155461266637,0.097163297236,0.155065119267,0.0969503819942,1.60415329447e-05,5.89880983171e-07,1.49201889599e-06,1.60414383572e-05,5.89880983171e-07,2.42841580178e-11,1.49011611938e-08,2.17362696731e-08,64
0.864000041038,2978.72908413,333.927717293,-44.5200424194,-769.588989258,18.8965396881,2.09347581863,100.000144958,40.0000152588,0.972220361233,0.000116415321827,0.000465661287308,0,0,8.01012658058,0.553810246665,79.8235306029,11.1190173621,131.378110382,133.843001095,5150.00056475,0.00186264514923,67.0993249514,73.1244799681,1,67.0993249514,30.6735855702,48.6445278511,0.000555766141441,0.00054387783166,1.1888309781e-05,-7.82165443525e-05,478.729063843,0,0,0,0,0.667855488246,-9.7202246252e-05,0.00519766611978,1,432,-2.19527623813e-06,2.19527623813e-06,1.41266608238,0,0,0.156363084912,0.0977269411087,0.156005144119,0.0975347980857,1.57717604452e-05,4.96696429764e-07,1.49156392126e-06,1.57716785907e-05,4.96696429764e-07,2.59614829634e-11,1.49011611938e-08,1.91206623867e-08,64
0.880000041798,2983.91864635,316.93855999,-42.2550048828,-769.868591309,19.0564098358,2.13018035889,100.000053406,40.0000114441,0.972220301628,0.000116415321827,0.000465661287308,0,0,8.06371404865,0.628451994451,78.9861498469,10.9518585588,131.897380925,135.282840347,5150.00009909,0.00186264514923,67.0993249514,73.1244799681,1,67.0993249514,30.5079429381,48.5863820359,0.000390380214266,0.000380168785341,1.02114289247e-05,-0.000380168785341,483.918838654,0,0,0,0,0.633877164091,-0.000344982709066,0.00653218152002,1,440,-2.32308229897e-06,2.32308229897e-06,1.41269981861,0,0,0.157166138291,0.0982288494706,0.156846880913,0.0980577170849,1.52571637955e-05,4.35551697819e-07,1.49056268128e-06,1.52572183652e-05,4.35551697819e-07,2.42055542277e-11,1.49011611938e-08,2.23404299504e-08,64
0.896000042558,2988.83649521,299.956765957,-39.9909515381,-770.015869141,19.2060718536,2.16553139687,99.9998703003,40.0000114441,0.972220122814,0.000116415321827,0.000465661287308,0,0,8.1196244003,0.722715104017,78.1580569628,10.7966968951,132.439148729,137.101174914,5150.00103042,0.00186264514923,67.0993249514,73.1244799681,1,67.0993249514,29.7781662084,48.3698859171,0.000570652011755,0.000525687937625,4.49640741307e-05,0.000405634636991,488.836671138,0,0,0,0,0.599913562382,-0.000141824330058,0.00829056836665,1,448,-2.18537002183e-06,2.18537002183e-06,1.41165924072,0,0,0.157869920135,0.0986687019467,0.157589778304,0.0985187739134,1.56134592544e-05,4.18226051124e-07,1.48564697611e-06,1.56135010911e-05,4.18226051124e-07,2.86038970287e-11,1.49011611938e-08,1.41031932799e-08,64
0.912000043318,2993.48379485,283.090630546,-37.7423210144,-770.045959473,19.3458309174,2.19945788383,100.000053406,40.0000038147,0.972220301628,0.000116415321827,0.000465661287308,0,0,8.17796109859,0.833951652905,77.3391201038,10.6533565754,133.004432428,139.246927574,5150.00149608,0.00186264514923,67.0993249514,73.1244799681,1,67.0993249514,28.592416129,48.0113776575,0.000427605548192,0.000381987774745,4.56177734476e-05,0.00101499608718,493.484020865,0,0,0,0,0.566181313388,-0.000170018665813,0.00976479612291,1,456,-2.33442187891e-06,2.33442187891e-06,1.41150856018,0,0,0.158473983407,0.0990462452173,0.158233344555,0.0989176928997,1.5893501768e-05,1.36098861958e-07,1.48537390032e-06,1.5893494492e-05,1.36098861958e-07,2.73821521013e-11,1.49011611938e-08,1.45508352034e-08,64
0.928000044078,2997.86264077,266.371120233,-35.5132331848,-769.963928223,19.4759922028,2.23189902306,99.999961853,40.0000038147,0.972220242023,0.000116415321827,0.000465661287308,0,0,8.23775452048,0.953379925771,76.5292953209,10.5215418601,133.583831484,141.550699482,5150.00103042,0.00186264514923,67.0993249514,73.1244799681,1,67.0993249514,27.2006709565,47.5494089187,0.000202519820358,0.000318323145621,-0.000115803325262,0.000612999428995,497.862809937,0,0,0,0,0.532742262749,-2.57500687439e-05,0.0105978548527,1,464,-1.78352706826e-06,1.78352706826e-06,1.41205310822,0,0,0.158977940679,0.0993612185121,0.158777117729,0.0992541909218,1.31198612507e-05,8.61764419824e-08,2.2653740217e-08,1.31198730742e-05,8.61764419824e-08,1.45089495973e-11,3.77511355509e-11,1.88786231092e-08,64
0.944000044838,3001.97536126,249.794917181,-33.3032569885,-769.770568848,19.596868515,2.26279497147,100.000053406,40.0000114441,0.972220301628,0.000116415321827,0.000465661287308,0,0,8.29751223387,1.0717838111,75.7284580923,10.4007482522,134.162881295,143.834709888,5150.00103042,0.00186264514923,67.0993249514,73.1244799681,1,67.0993249514,25.8408963418,47.0305567433,0.00012060845378,0.000152795109898,-3.21866561181e-05,0.000778527464718,501.975437146,0,0,0,0,0.499589873471,6.46878106636e-05,0.0107521265745,1,472,-1.81658549536e-06,1.81658549536e-06,1.41293537617,0,0,0.159381493926,0.0996134355664,0.159220770001,0.0995280593634,1.37356964842e-05,7.68688579456e-08,7.44812552966e-07,1.37356910273e-05,7.68688579456e-08,1.77323433714e-11,7.45058059692e-09,5.25753307556e-09,64
0.960000045598,3005.82381897,233.346159803,-31.1102676392,-769.464599609,19.7087917328,2.2920768261,100.000053406,40.0000114441,0.972220301628,0.000116415321827,0.000465661287308,0,0,8.35556692659,1.18287249019,74.9365205201,10.2902689066,134.725429234,145.977610373,5150.00056475,0.00186264514923,67.0993249514,73.1244799681,1,67.0993249514,24.6600920946,46.5016855742,2.82307927035e-05,0.000123691279441,-9.54604867376e-05,0.000341970007867,505.823865012,0,0,0,0,0.466692341661,0.000133098865263,0.0103933177888,1,480,-2.07083462556e-06,2.07083462556e-06,1.41260182858,0,0,0.159684360027,0.0998027399182,0.159563988447,0.0997391119599,1.35793179652e-05,5.09799207293e-08,3.73059663161e-07,1.35793216032e-05,5.09799207293e-08,6.75079436796e-12,3.72529029846e-09,8.31178681437e-09,64
0.976000046358,3009.41127352,217.121880269,-28.9472084045,-769.060668945,19.8121204376,2.31968784332,99.999961853,40.0000114441,0.972220242023,0.000116415321827,0.000465661287308,0,0,8.94940107744,1.42095683965,74.1534826043,10.1893475356,135.111811687,147.857921547,5149.99963343,0.00186264514923,67.0993249514,73.1244799681,1,67.0993249514,23.7682106672,46.1126983282,-0.000113359058251,-8.73114913702e-05,-2.60475668812e-05,-0.000378349795938,509.411377806,0,0,0,0,0.434243787595,-1.46371803567e-05,0.00826335977763,1,488,-2.0602785753e-06,2.0602785753e-06,1.41269111633,0,0,0.15988637507,0.099928997457,0.159806489944,0.0998871996999,1.36617090902e-05,3.74449413698e-08,1.20835208506e-08,1.36616818054e-05,3.74449413698e-08,1.06261943689e-11,2.01367811314e-11,1.00698400729e-08,64
0.992000047117,3012.74145022,201.155606192,-26.8185462952,-768.564880371,19.9072494507,2.34556388855,100.000053406,40.0000114441,0.972220301628,0.000116415321827,0.000465661287308,0,0,13.5619135279,2.63388901803,73.3791246002,10.0983247433,135.111811687,148.509483552,5149.99963343,0.00186264514923,67.0993249514,73.1244799681,1,67.0993249514,23.7855492742,45.8646718471,-8.50528120155e-05,-0.000125510268845,4.04574568291e-05,-0.000340151018463,512.74159128,0,0,0,0,0.402311229664,-0.000212708073377,0.00286446069367,1,496,-1.76068999735e-06,1.76068999735e-06,1.4124943018,0,0,0.159987419844,0.0999921411276,0.159948140383,0.0999722182751,1.36687185659e-05,1.20833192341e-08,1.48735603034e-06,1.366878314e-05,1.20833192341e-08,6.75363237557e-12,1.49011611938e-08,5.5002296051e-09,64
1.00800004788,3015.81714302,185.330674867,-24.7087287903,-767.963134766,19.9945411682,2.36963844299,99.999961853,40.0000114441,0.972220242023,0.000116415321827,0.000465661287308,0,0,22.7073029849,4.97005751944,72.613446508,10.01729209,135.111811687,148.509483552,5150.00009909,0.00186264514923,67.0993249514,73.1244799681,1,67.0993249514,23.9550263359,45.586941269,0.000111650286239,0.000109139364213,2.51092202586e-06,-0.000109139364213,515.817291699,0,0,0,0,0.370661354054,-0.000227800001085,0.00284472806379,1,504,-1.70652026554e-06,1.70652026554e-06,1.41193377972,0,0,0.159987360239,0.0999921038747,0.15998916328,0.0999947339296,1.34103775054e-05,1.04151096636e-08,1.48636922859e-06,1.341044117e-05,1.01168939892e-08,7.55376317052e-12,1.49011611938e-08,5.55156987048e-09,64
1.02400004864,3018.64393987,170.08089344,-22.6755905151,-767.316040039,20.0743942261,2.39188075066,99.999961853,40.0000038147,0.972220242023,0.000116415321827,0.000465661287308,0,0,36.0868284929,8.38782543421,71.8563750793,9.94508859172,135.111811687,148.509483552,5150.00009909,0.00186264514923,67.0993249514,73.1244799681,1,67.0993249514,24.0157169173,45.3838802059,0.000180192791244,0.00017462298274,5.5698085033e-06,-0.00017462298274,518.644057507,0,0,0,0,0.340161790291,3.78008735424e-06,0.00282496446744,1,512,-2.13498174162e-06,2.13498174162e-06,1.41326463223,0,0,0.159886270761,0.0999289304018,0.159975588322,0.0999868512154,1.41342825373e-05,1.68763403252e-08,7.43138912185e-07,1.41342943607e-05,1.68763403252e-08,6.42778191784e-12,7.45058059692e-09,2.15954116811e-08,64
