sample_start_step,accepted_step,time_s,segment_steps,total_body_mass_kg,com_x_m,com_y_m,com_z_m,com_vx_m_s,com_vy_m_s,com_vz_m_s,com_px_kg_m_s,com_py_kg_m_s,com_pz_kg_m_s,delta_com_px_kg_m_s,delta_com_py_kg_m_s,delta_com_pz_kg_m_s,delta_com_valid,gravity_impulse_x_ns,gravity_impulse_y_ns,gravity_impulse_z_ns,root_vx_m_s,root_vy_m_s,root_vz_m_s,support_normal_x,support_normal_y,support_normal_z,normal_impulse_last_physical_step_ns,normal_force_last_physical_step_n,max_normal_contact_impulse_segment_ns,max_tangent_contact_impulse_segment_ns,active_contact_count,contact_impulse_vector_elements,contact_impulse_vector_available,world_contact_impulse_x_ns,world_contact_impulse_y_ns,world_contact_impulse_z_ns,unaccounted_delta_p_x_ns,unaccounted_delta_p_y_ns,unaccounted_delta_p_z_ns,stand_q_fingerprint_fnv64,stand_v_fingerprint_fnv64,root_translation_fingerprint_fnv64,momentum_residual_status,contact_normal_solver_iterate_work_segment_j,contact_tangent_solver_iterate_work_segment_j,equality_solver_iterate_work_segment_j,source_limit_solver_iterate_work_segment_j,contact_normal_absolute_solver_iterate_work_segment_j,contact_tangent_absolute_solver_iterate_work_segment_j,equality_absolute_solver_iterate_work_segment_j,source_limit_absolute_solver_iterate_work_segment_j
0,8,0.016000000759959221,8,71.999999398947693,-0.025075412039977259,-0.75667182916474096,0.11251019505118537,-0.0089069478864309496,0.047432901054029496,-0.12098963758015235,-0.6413002424694868,3.4151688473804689,-8.7112538330498683,,,,0,0,0,-11.301120925831679,-0.085557445883750916,0.01906515471637249,-1.3772251605987549,0,0,1,0.81063973903656006,405.31985026662016,0.81063973903656006,0.81063961982727051,5,96,1,-0.19729205965995789,0.78626489639282227,0.81063973903656006,,,,3204231932141184011,9827606890732603697,3296805150656823067,not_per_step_or_initial_sample,-0.0017112377099692822,-0.10887587070465088,-30.290752410888672,-0.011053776368498802,0.15178290009498596,0.10887888073921204,30.290752410888672,0.011053776368498802
8,16,0.032000001519918442,8,71.999999398947693,-0.025216893797726479,-0.75627522708885664,0.11097344385313528,-0.0046818505466967959,-0.012733008877919448,-0.06407520469426832,-0.33709323654813222,-0.91677663155699585,-4.6134146994747693,0.30420700592135458,-4.331945478937465,4.097839133575099,1,0,0,-11.301120925831679,0.017918277531862259,-0.038663573563098907,-0.6976056694984436,0,0,1,0.90861010551452637,454.3050311789321,4.1899194717407227,4.1899194717407227,7,96,1,0.0006183236837387085,-0.24250815517734736,0.90861007571220398,,,,2795603492855997853,13691865249896895101,4970788625548219125,not_per_step_or_initial_sample,-1.3617304563522339,-0.30949777364730835,-26.66386604309082,-0.020341318100690842,1.5702062845230103,0.31937932968139648,26.66386604309082,0.020341318100690842
16,24,0.048000002279877663,8,71.999999398947693,-0.025292186979938965,-0.75649328306803543,0.10974480146325036,-0.0022273865346295208,-0.015555154746082437,-0.086743121954284658,-0.16037182915454967,-1.1199711323684738,-6.2455047285713414,0.17672140739358255,-0.20319450081147794,-1.6320900290965721,1,0,0,-11.301120925831679,0.10968643426895142,-0.055572837591171265,-0.86531448364257812,0,0,1,1.1759661436080933,587.98304387635062,1.0904902219772339,1.0904902219772339,7,96,1,0.050835847854614258,-0.14850720763206482,1.1759661734104156,,,,2870548297062382427,12283697411081071839,9798812766141617776,not_per_step_or_initial_sample,-0.13175013661384583,-0.1894010454416275,-25.634902954101562,-0.038149371743202209,0.16908390820026398,0.19766142964363098,25.634902954101562,0.038399919867515564
24,32,0.064000003039836884,8,71.999999398947693,-0.025268413752114367,-0.75681246938060764,0.10813145468314515,0.0029269685531366969,-0.02072811498384227,-0.1110384180142575,0.21074173406658098,-1.4924242663779621,-7.9947660302866428,0.37111356322113065,-0.37245313400948832,-1.7492613017153014,1,0,0,-11.301120925831679,0.051089886575937271,-0.07588910311460495,-0.90045773983001709,0,0,1,1.2480676174163818,624.03377906817684,0.98780089616775513,0.88118022680282593,7,96,1,-0.11574985086917877,-0.010267525911331177,1.2480676174163818,,,,2937059264358218707,9444450745222903515,4734645894834867682,not_per_step_or_initial_sample,-0.11751418560743332,-0.22833459079265594,-23.921586990356445,-0.021415524184703827,0.30118680000305176,0.23574128746986389,23.921586990356445,0.021415524184703827
32,40,0.080000003799796104,8,71.999999398947693,-0.025230428427531239,-0.75668906118460399,0.10643900200900512,-0.0034016752758778525,0.052705561133156338,-0.039978602218663811,-0.24492061781862062,3.7948003699084571,-2.8784593357145631,-0.4556623518852016,5.2872246362864193,5.1163066945720796,1,0,0,-11.301120925831679,-0.16426651179790497,-0.021320927888154984,-0.89138108491897583,0,0,1,5.8303985595703125,2915.1991413206269,2.2086918354034424,1.5123418569564819,9,96,1,-0.85582728683948517,1.5670468509197235,5.8303988575935364,,,,338563173306483145,7447569064527759927,17041059595475001487,not_per_step_or_initial_sample,-1.7463351488113403,-0.61591917276382446,-21.857284545898438,-0.2204759269952774,1.7646504640579224,0.78236973285675049,21.857284545898438,0.2204759269952774
40,48,0.096000004559755325,8,71.999999398947693,-0.02526115070879224,-0.75567092901800414,0.10610598604776235,-0.0006175605929701906,0.06080326115410719,-0.01891006817576333,-0.044464362322667504,4.3778347665497774,-1.3615248972890197,0.20045625549595311,0.58303439664132028,1.5169344384255434,1,0,0,-11.301120925831679,0.008538966067135334,-0.032209694385528564,-1.0496712923049927,0,0,1,1.4329646825790405,716.48230725843678,1.4770020246505737,0.83861368894577026,9,96,1,-0.0013869847171008587,-0.14707930013537407,1.432964663952589,,,,12657692371942845532,4556351112566510502,4274903658014677170,not_per_step_or_initial_sample,-0.4388376772403717,-0.46332928538322449,-20.172042846679688,-0.063168562948703766,0.44947704672813416,0.86178058385848999,20.172042846679688,0.063168562948703766
48,56,0.11200000531971455,8,71.999999398947693,-0.025267085200424054,-0.75470468557682979,0.10579392920783759,-0.00013927544758681316,0.06299600126190702,-0.020511935939500195,-0.010027832142538719,4.5357120529934134,-1.4768593753152677,0.034436530180128787,0.15787728644363597,-0.11533447802624797,1,0,0,-11.301120925831679,0.01399880088865757,-0.052509602159261703,-1.1115597486495972,0,0,1,1.4099974632263184,704.99869812751786,0.35926529765129089,0.35926529765129089,9,96,1,0.0032578734681010246,-0.1102394200861454,1.4099974408745766,,,,6584257506542613126,5378680818169588584,5621413823943607697,not_per_step_or_initial_sample,-0.16670985519886017,-0.56244808435440063,-17.606903076171875,-0.0035191772039979696,0.16670988500118256,1.1040542125701904,17.606903076171875,0.0035191772039979696
56,64,0.12800000607967377,8,71.999999398947693,-0.02526631415293501,-0.75366025997512853,0.10544546585672686,0.00041398030235485609,0.068693725869892072,-0.022391885989921839,0.029806581520725822,4.9459482213437065,-1.6122157778156776,0.03983441366326454,0.41023616835029308,-0.13535640250040992,1,0,0,-11.301120925831679,0.0053091351874172688,-0.07381923496723175,-1.172270655632019,0,0,1,1.453859806060791,726.92986850307943,0.57892519235610962,0.57892519235610962,9,96,1,0.018588227452710271,-0.17162522301077843,1.4538597762584686,,,,4853383584205013796,13444162674020102970,5956846114582210783,not_per_step_or_initial_sample,-0.16960737109184265,-0.54072427749633789,-15.340028762817383,-0.0040605412796139717,0.169608473777771,1.1522669792175293,15.340028762817383,0.0040605412796139717
64,72,0.14400000683963299,8,71.999999398947693,-0.025250795148867466,-0.75253160515907014,0.10508571920752056,0.0021498312894764728,0.073686188532622696,-0.022649718216236785,0.15478785155014499,5.3054055300595806,-1.630779697955383,0.12498127002941917,0.35945730871587411,-0.018563920139705425,1,0,0,-11.301120925831679,0.017092030495405197,-0.09589916467666626,-1.2203700542449951,0,0,1,1.4372274875640869,718.61370964972377,0.59513223171234131,0.57441622018814087,9,96,1,0.0030612279660999775,-0.20744466781616211,1.4372274428606033,,,,5002459967656756444,8361545973226694192,13516869756784811765,not_per_step_or_initial_sample,-0.17377170920372009,-0.5354301929473877,-13.577987670898438,-0.0046274289488792419,0.17378135025501251,1.175150990486145,13.577987670898438,0.0046274289488792419
72,80,0.16000000759959221,8,71.999999398947693,-0.025220874428532814,-0.75138253317294512,0.10473757549115022,0.0022672824167775658,0.073968331750239785,-0.022228008562791068,0.16324433264522942,5.3257198415584277,-1.600416603160761,0.0084564810950844282,0.020314311498847104,0.03036309479462207,1,0,0,-11.301120925831679,0.0045788232237100601,-0.12153802067041397,-1.2429696321487427,0,0,1,1.4407229423522949,720.36143696081524,0.74610495567321777,0.746104896068573,9,96,1,-0.0027143550105392933,-0.18553886935114861,1.4407230280339718,,,,9650007196686753320,14207197733056903165,394572913400763856,not_per_step_or_initial_sample,-0.1728539764881134,-0.55294299125671387,-11.918369293212891,-0.0068156514316797256,0.17301978170871735,1.0634597539901733,11.918369293212891,0.0068156789056956768
80,88,0.17600000835955143,8,71.999999398947693,-0.025193798773748426,-0.75020416488513475,0.1043871451709126,0.0018690974330717201,0.075483924568752456,-0.022465467539480758,0.13457501405773853,5.4348425235803894,-1.6175136493396935,-0.028669318587490888,0.10912268202196174,-0.017097046178932596,1,0,0,-11.301120925831679,-0.017402060329914093,-0.14831207692623138,-1.2665892839431763,0,0,1,1.4473811388015747,723.69053502733141,0.54216665029525757,0.54216659069061279,9,96,1,0.0058892532251775265,-0.2042844295501709,1.4473811089992523,,,,14227218339234406185,12768485943809673895,8912289731694227759,not_per_step_or_initial_sample,-0.17247471213340759,-0.53354340791702271,-10.392794609069824,-0.005261564627289772,0.17254628241062164,1.1005873680114746,10.392794609069824,0.005261564627289772
88,96,0.19200000911951065,8,71.999999398947693,-0.025164877986415733,-0.74901619133287622,0.10404081157367098,0.0027993941040081309,0.074602153231163801,-0.020640032054823905,0.20155637380600314,5.371354987803997,-1.4860822955415822,0.066981359748264607,-0.063487535776392434,0.13143135379811133,1,0,0,-11.301120925831679,-0.028038762509822845,-0.17356082797050476,-1.2628352642059326,0,0,1,1.4287744760513306,714.38720409409382,0.7674938440322876,0.76749378442764282,9,96,1,0.010175845585763454,-0.19142545759677887,1.428774431347847,,,,756216426533550548,18145721674543547914,3363805439209958543,not_per_step_or_initial_sample,-0.17764933407306671,-0.52192467451095581,-9.0920591354370117,-0.0075734136626124382,0.18093153834342957,1.1296474933624268,9.0920591354370117,0.0077260211110115051
96,104,0.20800000987946987,8,71.999999398947693,-0.025142601254655377,-0.74785708464096201,0.10373639945175879,0.00031109538236336645,0.073873941458207693,-0.018543700987579136,0.022398867343177788,5.3189237405888505,-1.3351464599599636,-0.17915750646282536,-0.05243124721514647,0.1509358355816186,1,0,0,-11.301120925831679,-0.019547967240214348,-0.19822067022323608,-1.2564853429794312,0,0,1,1.4858814477920532,742.94068860823745,0.91536825895309448,0.79678642749786377,9,96,1,0.15792817808687687,-0.20016572996973991,1.4858814999461174,,,,10891994859226620800,6211199691515320248,9175128541666870453,not_per_step_or_initial_sample,-0.18246357142925262,-0.48570775985717773,-7.9902539253234863,-0.0085371145978569984,0.18547911942005157,0.96567076444625854,7.9902539253234863,0.0085908183827996254
104,112,0.22400001063942909,8,71.999999398947693,-0.02511934162688069,-0.74674960744591223,0.10347424242398626,0.0024260544826034021,0.064561967918545127,-0.012225889932981619,0.17467592128925929,4.6484616513301296,-0.8802640678262772,0.15227705394608151,-0.67046208925872097,0.45488239213368642,1,0,0,-11.301120925831679,-0.030810577794909477,-0.2031867653131485,-1.1360651254653931,0,0,1,1.4595389366149902,729.769433645307,1.0150805711746216,1.015080451965332,9,96,1,0.0042340257205069065,-0.20257461443543434,1.4595390260219574,,,,4429664402433102295,1595682432679743001,889938688168734750,not_per_step_or_initial_sample,-0.19026419520378113,-0.48964032530784607,-7.0435757637023926,-0.0066118338145315647,0.19361129403114319,1.009972095489502,7.0435757637023926,0.0066134370863437653
112,120,0.24000001139938831,8,71.999999398947693,-0.025110122887837989,-0.74576623322419666,0.10329117418541908,0.00094333587274106736,0.059439053423467052,-0.010569476677198921,0.067920182270362645,4.2796118107636474,-0.76100231440551402,-0.10675573901889665,-0.36884984056648218,0.11926175342076317,1,0,0,-11.301120925831679,-0.026889143511652946,-0.211126908659935,-1.0683114528656006,0,0,1,1.56005859375,780.02925982559816,0.73202371597290039,0.67698901891708374,9,96,1,0.0584125982131809,-0.29624120518565178,1.5600585229694843,,,,5626205410112000226,1568567085855139887,7120002411882716019,not_per_step_or_initial_sample,-0.17967581748962402,-0.40157562494277954,-6.2704367637634277,-0.0072213215753436089,0.1799585372209549,0.80718058347702026,6.2704367637634277,0.0072213215753436089
120,128,0.25600001215934753,8,71.999999398947693,-0.025112501784434433,-0.7448779906972911,0.10314926032563945,0.0016149847445701641,0.055434415313924977,-0.0084213787663849991,0.11627890063836151,3.9912778692836151,-0.6063392661180308,0.048358718367998862,-0.28833394148003233,0.15466304828748323,1,0,0,-11.301120925831679,-0.027706151828169823,-0.2159649133682251,-1.002605676651001,0,0,1,1.4831048250198364,741.55237728807026,0.66774857044219971,0.64869767427444458,9,96,1,0.121513064019382,-0.13315178826451302,1.4831047728657722,,,,17464032896967225134,118507761340781834,10588469503767070009,not_per_step_or_initial_sample,-0.18650375306606293,-0.35167598724365234,-5.56488037109375,-0.0072370688430964947,0.18673145771026611,0.79678189754486084,5.56488037109375,0.0072370711714029312
128,136,0.27200001291930676,8,71.999999398947693,-0.025096446414138905,-0.74404668881258262,0.10302125553533915,0.00035884738283400612,0.050838858782180814,-0.0081340370127939016,0.025837011348362394,3.6603978017602055,-0.58565066003217925,-0.090441889289999106,-0.33088006752340959,0.020688606085851546,1,0,0,-11.301120925831679,-0.025910969823598862,-0.21514600515365601,-0.92825073003768921,0,0,1,1.4459877014160156,722.99381636764417,0.68486166000366211,0.43300238251686096,9,96,1,0.011288793350104243,-0.16870920360088348,1.4459876827895641,,,,10084966306622985077,5870550978022418758,11362054311895160736,not_per_step_or_initial_sample,-0.18400436639785767,-0.30729255080223083,-5.0218696594238281,-0.0070052407681941986,0.18422549962997437,0.6752362847328186,5.0218696594238281,0.0070329457521438599
136,144,0.28800001367926598,8,71.999999398947693,-0.025038705351087404,-0.74342592699186483,0.10298137118728307,0.0032320621304413209,0.011142701901465771,0.0073416248840639598,0.2327084714491367,0.80227453020818884,0.52859698723990456,0.20687146010077431,-2.8581232715520164,1.1142476472720837,1,0,0,-11.301120925831679,-0.014971875585615635,-0.17602543532848358,-0.62614399194717407,0,0,1,1.1636890172958374,581.84448101178884,2.5837714672088623,2.5837712287902832,9,96,1,-0.057932954281568527,-0.044836714863777161,1.1636890396475792,,,,12926147332924768280,11563893975077929907,12224488708563508819,not_per_step_or_initial_sample,-0.22082090377807617,-0.31706482172012329,-4.6095318794250488,-0.0082272309809923172,0.22523489594459534,0.61494976282119751,4.6095318794250488,0.0082280216738581657
144,152,0.3040000144392252,8,71.999999398947693,-0.024997126020378499,-0.74295675255414184,0.10308028535396872,0.0031242101393926616,0.028328332473554617,0.0044940439945163309,0.22494312815845793,2.039639921069123,0.32357116490402033,-0.0077653432906787667,1.2373653908609341,-0.20502582233588423,1,0,0,-11.301120925831679,-0.011609384790062904,-0.14624582231044769,-0.56398659944534302,0,0,1,1.4016544818878174,700.82720765640249,0.7494661808013916,0.74946612119674683,9,96,1,0.012144075706601143,-0.077335089445114136,1.4016544967889786,,,,16197176264054763046,9783906274621383401,8048346837617318002,not_per_step_or_initial_sample,-0.17141573131084442,-0.17381088435649872,-4.2788925170898438,-0.0064539099112153053,0.17154406011104584,0.34564334154129028,4.2788925170898438,0.0064539099112153053
152,160,0.32000001519918442,8,71.999999398947693,-0.024923658884836705,-0.74257681972820511,0.10316928287523552,0.0046033133472371717,0.021684938345063614,0.0059574383662005775,0.33143855823424423,1.5613155478107981,0.42893555878570949,0.1064954300757863,-0.47832437325832489,0.10536439388168917,1,0,0,-11.301120925831679,-0.0085525074973702431,-0.1187610998749733,-0.44167539477348328,0,0,1,1.4213024377822876,710.65118513702373,0.81643795967102051,0.81643795967102051,9,96,1,-0.070676240138709545,-0.013756979256868362,1.4213025234639645,,,,3960839581315044323,9072220243628917754,2850845143392438871,not_per_step_or_initial_sample,-0.18497391045093536,-0.16307276487350464,-3.9882516860961914,-0.0062190466560423374,0.19340953230857849,0.3115352988243103,3.9882516860961914,0.0062539824284613132
160,168,0.33600001595914364,8,71.999999398947693,-0.024849345217736334,-0.74226532275182389,0.10324344554098525,0.0042017325791804949,0.018034608831930376,0.0035638207667687961,0.30252474317553457,1.2984918250592439,0.25659509306531064,-0.028913815058709658,-0.26282372275155419,-0.17234046572039885,1,0,0,-11.301120925831679,-0.013920347206294537,-0.10109961032867432,-0.36627593636512756,0,0,1,1.3989856243133545,699.49277893255305,0.47279369831085205,0.47279360890388489,10,96,1,-0.014619854278862476,-0.051014520227909088,1.3989856541156769,,,,6391104676776262317,2644008893183400552,14628017557584782651,not_per_step_or_initial_sample,-0.16927003860473633,-0.12249131500720978,-3.7827963829040527,-0.0054179946891963482,0.16927415132522583,0.22346395254135132,3.7827963829040527,0.0054179946891963482
168,176,0.35200001671910286,8,71.999999398947693,-0.024808805335205179,-0.74201868589801834,0.10328755788575021,0.00077348528847815648,0.01242341857944111,0.0033605006890572646,0.055690940305522151,0.89448613025263557,0.24195604759228637,-0.24683380287001241,-0.40400569480660831,-0.014639045473024276,1,0,0,-11.301120925831679,-0.021924639120697975,-0.07580934464931488,-0.26633366942405701,0,0,1,1.4691754579544067,734.58769408616013,0.58644044399261475,0.58644044399261475,10,96,1,-0.036111423745751381,-0.10081642493605614,1.4691754542291164,,,,3897646523624871455,8353427378203243970,6401977998803580891,not_per_step_or_initial_sample,-0.17551498115062714,-0.099150225520133972,-3.631995677947998,-0.0054688300006091595,0.17581529915332794,0.19476218521595001,3.631995677947998,0.0054688300006091595
176,184,0.36800001747906208,8,71.999999398947693,-0.024799349721287958,-0.7418412709807638,0.10332243431658017,0.0013771170246358554,0.0093866331978333054,0.0017325481679882323,0.099152424946062218,0.6758375846021405,0.12474346705380066,0.043461484640540067,-0.21864854565049507,-0.11721258053848571,1,0,0,-11.301120925831679,-0.0047612902708351612,-0.055567089468240738,-0.19461417198181152,0,0,1,1.4216394424438477,710.81968745980032,0.52969455718994141,0.52969455718994141,10,96,1,0.027406744069594424,-0.054822385311126709,1.4216395318508148,,,,16070435636739757184,4593791818064818665,7079567131122781838,not_per_step_or_initial_sample,-0.177766352891922,-0.061363693326711655,-3.5128464698791504,-0.005408095195889473,0.18067364394664764,0.16827143728733063,3.5128464698791504,0.0054086842574179173
184,192,0.3840000182390213,8,71.999999398947693,-0.024777659750401484,-0.74172409217982349,0.10334136103419282,0.0013014226462348488,0.0058133916563266053,0.00076921135995501556,0.093702429746686036,0.41856419576136311,0.055383217454424857,-0.0054499951993761814,-0.25727338884077738,-0.069360249599375798,1,0,0,-11.301120925831679,-0.001258937525562942,-0.034571513533592224,-0.12031418085098267,0,0,1,1.405158519744873,702.57922650171395,0.40032753348350525,0.35988563299179077,10,96,1,-0.0014200531877577305,-0.03286391869187355,1.4051584452390671,,,,10081891975376603197,3891966440607478493,5815842950241555652,not_per_step_or_initial_sample,-0.16443237662315369,-0.048717647790908813,-3.4330053329467773,-0.0049369349144399166,0.16443286836147308,0.10318503528833389,3.4330053329467773,0.0049369349144399166
192,200,0.40000001899898052,8,71.999999398947693,-0.024758550908410133,-0.7416609192386453,0.1033456047612132,0.0010975397571407501,0.0025471580041865499,-0.00012396798407702459,0.079022861854455201,0.18339537477045639,-0.0089256947790345275,-0.014679567892230835,-0.23516882099090672,-0.064308912233459387,1,0,0,-11.301120925831679,0.0017079547978937626,-0.014791580848395824,-0.051805295050144196,0,0,1,1.4051531553268433,702.57654429282638,0.39211553335189819,0.37287285923957825,10,96,1,-0.0020417952910065651,-0.029184434562921524,1.4051531590521336,,,,18256111244208375322,7593624176143462954,2590427629405340806,not_per_step_or_initial_sample,-0.15397852659225464,-0.03483843058347702,-3.38236403465271,-0.0044605564326047897,0.16992953419685364,0.056663408875465393,3.38236403465271,0.0044605564326047897
200,208,0.41600001975893974,8,71.999999398947693,-0.024744669720765961,-0.74164461525281999,0.10333768283082484,0.00057904572382800842,0.00030733422773844722,-0.00057399783237618244,0.041691291767579838,0.022128064212444253,-0.041327843586082415,-0.037331570086875362,-0.16126731055801213,-0.032402148807047886,1,0,0,-11.301120925831679,0.0023550926707684994,-0.0010554700857028365,-0.0047310055233538151,0,0,1,1.4137114286422729,706.85568074729315,0.3837110698223114,0.37145361304283142,10,96,1,-0.0039634527638554573,-0.007434353232383728,1.4137114956974983,,,,16971378285646060536,2741080487859854940,7236910772846093511,not_per_step_or_initial_sample,-0.1449604332447052,-0.022058408707380295,-3.3554458618164062,-0.0040433453395962715,0.19407223165035248,0.029563378542661667,3.3554458618164062,0.0040433453395962715
208,216,0.43200002051889896,8,71.999999398947693,-0.024736243647302765,-0.74164311951235629,0.10332883700670531,0.00045900989738341901,8.0428818473473414e-05,-0.00053842230453653313,0.033048712335717212,0.0057908748817481585,-0.038766405603010416,-0.0086425794318626264,-0.016337189330696094,0.0025614379830719985,1,0,0,-11.301120925831679,0.0011466230498626828,0.00017209652287419885,-0.00046359296538867056,0,0,1,1.4123296737670898,706.16480334251651,0.35108411312103271,0.32078260183334351,10,96,1,-0.00096913054585456848,0.00047638267278671265,1.4123297706246376,,,,16379738087997659532,5538358511525539554,14005151219516108100,not_per_step_or_initial_sample,-0.14109975099563599,-0.019520170986652374,-3.3172402381896973,-0.0036114859394729137,0.20053672790527344,0.025300588458776474,3.3172402381896973,0.0036114859394729137
216,224,0.44800002127885818,8,71.999999398947693,-0.02472937243109076,-0.74164106833051913,0.10331965731920008,0.00042204879935281886,0.00015660837735323433,-0.00061313159366908996,0.030387513299729555,0.011275803075303046,-0.04414547437565032,-0.0026611990359876568,0.0054849281935548874,-0.0053790687726399042,1,0,0,-11.301120925831679,0.00098791869822889566,-0.00014184218889568001,-0.0013769133947789669,0,0,1,1.4120057821273804,706.00285753035382,0.34193360805511475,0.29771256446838379,10,96,1,0.00027426611632108688,0.00034752301871776581,1.4120057001709938,,,,1463058325495829505,3193330191268549734,17523928063238768045,not_per_step_or_initial_sample,-0.14042215049266815,-0.018479865044355392,-3.282245397567749,-0.003411528654396534,0.19939929246902466,0.022059351205825806,3.282245397567749,0.003411528654396534
224,232,0.46400002203881741,8,71.999999398947693,-0.024722597571073118,-0.74163832189160517,0.10330971484618209,0.00042524499067345378,0.00016857130270137878,-0.00063117728809928793,0.030617639072894189,0.012137133693179102,-0.045444764363778166,0.00023012577316463417,0.0008613306178760563,-0.0012992899881278455,1,0,0,-11.301120925831679,0.00098697934299707413,-0.00017808769189286977,-0.0014935068320482969,0,0,1,1.4127172231674194,706.35857803347756,0.34038174152374268,0.29771295189857483,10,96,1,2.2092834115028381e-05,-0.00011637434363365173,1.4127172604203224,,,,11844648313924154394,11214134485834662496,17757388893816371284,not_per_step_or_initial_sample,-0.14021976292133331,-0.017719443887472153,-3.2706396579742432,-0.0033309580758213997,0.19872717559337616,0.02002396434545517,3.2706396579742432,0.0033309580758213997
232,240,0.48000002279877663,8,71.999999398947693,-0.024715805831876027,-0.74163572745990991,0.10329965874134581,0.00042355315787630878,0.00015972422705455011,-0.00062740003728712582,0.030495827112516628,0.011500144251924993,-0.045172802307572819,-0.00012181196037756165,-0.0006369894412541089,0.00027196205620534653,1,0,0,-11.301120925831679,0.00098430830985307693,-0.00013576266064774245,-0.0013742706505581737,0,0,1,1.4126434326171875,706.32168276011407,0.3406389057636261,0.29729184508323669,10,96,1,-3.3227261155843735e-05,1.0244548320770264e-06,1.4126435369253159,,,,17226285398165790268,11499384687687563326,9548657720095172145,not_per_step_or_initial_sample,-0.14044499397277832,-0.018008660525083542,-3.2610292434692383,-0.0033299438655376434,0.19867429137229919,0.020592149347066879,3.2610292434692383,0.0033299438655376434
240,248,0.49600002355873585,8,71.999999398947693,-0.024709128953395353,-0.74163303249733503,0.10328955930598659,0.00040413597807373004,0.00018133540819495768,-0.00065509840307355414,0.029097790178401702,0.013056149281044888,-0.047167084627547491,-0.0013980369341149261,0.0015560050291198949,-0.0019942823199746718,1,0,0,-11.301120925831679,0.00092220905935391784,-0.00021204615768510848,-0.0016130578005686402,0,0,1,1.4113767147064209,705.68832383481367,0.34513446688652039,0.29725345969200134,11,96,1,-0.00078000500798225403,0.00072481296956539154,1.4113766551017761,,,,14791385231277166299,15502832962947826393,4811786938998460083,not_per_step_or_initial_sample,-0.14048972725868225,-0.017958067357540131,-3.2497525215148926,-0.0033118193969130516,0.19862888753414154,0.020509503781795502,3.2497525215148926,0.0033118193969130516
248,256,0.51200002431869507,8,71.999999398947693,-0.024702576525276635,-0.74163015777311936,0.10327924030091751,0.00040850612963993046,0.00018211195635944101,-0.00065179591107005126,0.029412441088541443,0.013112060748420942,-0.046929305205280256,0.000314650910139741,5.5911467376053292e-05,0.00023777942226723553,1,0,0,-11.301120925831679,0.0009426014730706811,-0.00021861198183614761,-0.0016044480726122856,0,0,1,1.4125967025756836,706.29831774047182,0.34051257371902466,0.31304681301116943,13,96,1,-4.7535635530948639e-05,4.9296766519546509e-05,1.4125966243445873,,,,1924322847894055298,12449439687342789468,3322633327042141331,not_per_step_or_initial_sample,-0.14047318696975708,-0.017671262845396996,-3.242276668548584,-0.0032756633590906858,0.19858792424201965,0.019940199330449104,3.242276668548584,0.0032756633590906858
256,264,0.52800002507865429,8,71.999999398947693,-0.024693054724921087,-0.74162957315228895,0.10327415812729011,0.00035278526797729827,-0.0001355562920897759,-2.5737560010704975e-05,0.025400539082323075,-0.0097600529489874424,-0.0018531043053011383,-0.0040119020062183673,-0.022872113697408384,0.045076200899979116,1,0,0,-11.301120925831679,0.00088666926603764296,0.00086716969963163137,0.0022988785058259964,0,0,1,1.4237824678421021,711.89120010803344,0.44104328751564026,0.31725212931632996,14,96,1,-0.018542136764153838,-0.0055445254547521472,1.4237824752926826,,,,6940712099930290947,8755728835038957905,16838091065127194652,not_per_step_or_initial_sample,-0.14316990971565247,-0.017360789701342583,-3.2387979030609131,-0.0023258074652403593,0.20187537372112274,0.019486911594867706,3.2387979030609131,0.0023288102820515633
264,272,0.54400002583861351,8,71.999999398947693,-0.024691607530581423,-0.74163145369847949,0.10327463552882019,6.0115457150241589e-06,-0.00010328934380991425,3.3139716236669971e-05,0.00043283128786848605,-0.0074368326922315273,0.002386059549121535,-0.024967707794454588,0.0023232202567559151,0.004239163854422673,1,0,0,-11.301120925831679,-5.0272570661036298e-05,0.0006330677424557507,0.0015693961177021265,0,0,1,1.4122759103775024,706.13792164899962,0.35701975226402283,0.29429340362548828,14,96,1,0.00030491640791296959,-9.7843469120562077e-05,1.4122758517041802,,,,2456670838824544510,3506745662967825795,13450980167837098077,not_per_step_or_initial_sample,-0.14136055111885071,-0.016789305955171585,-3.2388768196105957,-0.0016237961826846004,0.2002074271440506,0.018758280202746391,3.2388768196105957,0.001623796415515244
272,280,0.56000002659857273,8,71.999999398947693,-0.024691519897548225,-0.7416330198826746,0.10327489488146162,2.4486635206574168e-06,-8.8404157331580655e-05,1.6647793205741454e-05,0.00017630377201555914,-0.0063650992747382841,0.0011986411008071901,-0.00025652751585292688,0.0010717334174932432,-0.0011874184483143448,1,0,0,-11.301120925831679,1.695978244242724e-05,0.00057747511891648173,0.0014033762272447348,0,0,1,1.4124965667724609,706.24824984123859,0.3378865122795105,0.29386964440345764,14,96,1,6.254902109503746e-05,5.750264972448349e-05,1.4124965812079608,,,,7269575238383171920,2866334559765375933,16458475972128126946,not_per_step_or_initial_sample,-0.14133927226066589,-0.016519201919436455,-3.2343277931213379,-0.0015284010441973805,0.19963236153125763,0.018357351422309875,3.2343277931213379,0.0015284010441973805
280,288,0.57600002735853195,8,71.999999398947693,-0.024691469495749262,-0.74163436071451472,0.1032751231198805,-7.5695289162345557e-06,-8.308430930879416e-05,9.6466989008454229e-06,-0.00054500607741920517,-0.005982070220295164,0.0006945623150626998,-0.00072130984943476434,0.00038302905444312016,-0.00050407878574449034,1,0,0,-11.301120925831679,-2.0535073417704552e-05,0.00055808998877182603,0.0013532927259802818,0,0,1,1.4127227067947388,706.36131984700694,0.34970003366470337,0.29360944032669067,14,96,1,-0.00027339160442352295,7.8608281910419464e-05,1.412722647190094,,,,7255644450949933992,15826388927686545543,15082919872743209206,not_per_step_or_initial_sample,-0.14131620526313782,-0.016339901834726334,-3.2315497398376465,-0.0014908964512869716,0.19956581294536591,0.017991594970226288,3.2315497398376465,0.0014908969169482589
288,296,0.59200002811849117,8,71.999999398947693,-0.024691335320797262,-0.74163571467806522,0.10327524005152391,4.8347815920231609e-05,-9.844447038647529e-05,2.4291872257284232e-05,0.0034810427171971096,-0.0070880018086559452,0.0017490147879237789,0.0040260487946163145,-0.0011059315883607812,0.0010544524728610791,1,0,0,-11.301120925831679,-2.4963968826341443e-05,0.0006250294391065836,0.0015749922022223473,0,0,1,1.4138298034667969,706.91486815674386,0.34164008498191833,0.2902311384677887,14,96,1,0.0033885473385453224,-0.00084936490748077631,1.4138297643512487,,,,10324229338445058347,8995630611475741558,17016086230752123415,not_per_step_or_initial_sample,-0.14147277176380157,-0.016260396689176559,-3.2289848327636719,-0.0014404294779524207,0.2003314346075058,0.017895538359880447,3.2289848327636719,0.001440430642105639
296,304,0.60800002887845039,8,71.999999398947693,-0.024690872131001768,-0.7416378888097569,0.1032764383100577,1.9219327832028448e-05,-0.00012760457308384293,6.2760319213090492e-05,0.001383791592354227,-0.0091875291853396688,0.0045187429456202809,-0.0020972511248428826,-0.0020995273766837236,0.0027697281576965021,1,0,0,-11.301120925831679,-6.1444654420483857e-05,0.00069917720975354314,0.0018706613918766379,0,0,1,1.411961555480957,705.9807442081925,0.3741317093372345,0.21820937097072601,14,96,1,-0.00033245747908949852,0.000328862588503398,1.4119615680538118,,,,8428013961014607844,13469354305053493111,9521835127621582763,not_per_step_or_initial_sample,-0.14173245429992676,-0.016117334365844727,-3.225830078125,-0.0011315466836094856,0.20026190578937531,0.017668925225734711,3.225830078125,0.0011315483134239912
304,312,0.62400002963840961,8,71.999999398947693,-0.024690757975388503,-0.7416395741187306,0.10327726345599314,-2.5490112289168972e-06,-9.7884664495079133e-05,1.9825636732643523e-05,-0.00018352880694992753,-0.0070476957848118939,0.0014274458328340891,-0.0015673203993041545,0.0021398334005277748,-0.0030912971127861916,1,0,0,-11.301120925831679,-0.00014310335973277688,0.00057843240210786462,0.0015071509405970573,0,0,1,1.4115442037582397,705.77206835674542,0.35974398255348206,0.19504314661026001,14,96,1,-0.0012136795558035374,0.00060676192515529692,1.4115441399626434,,,,15975095108153366599,17248392931274632896,14444751506574558109,not_per_step_or_initial_sample,-0.14138308167457581,-0.015786746516823769,-3.2231941223144531,-0.0011035865172743797,0.19990494847297668,0.017122028395533562,3.2231941223144531,0.0011035881470888853
312,320,0.64000003039836884,8,71.999999398947693,-0.02469059766878752,-0.74164112796448523,0.10327793123424714,3.7065690181094784e-06,-0.00010147273614276219,2.411160038465478e-05,0.00026687296707604059,-0.0073060369412884562,0.001736035213202811,0.00045040177402596812,-0.00025834115647656222,0.00030858938036872193,1,0,0,-11.301120925831679,-0.00012632516154553741,0.00059596949722617865,0.0015606828965246677,0,0,1,1.4118812084197998,705.94057067952201,0.34281513094902039,0.19308793544769287,14,96,1,-0.00095685617998242378,0.00030579746817238629,1.4118812289088964,,,,9736723240294890065,10683426557917985489,7515271424203221171,not_per_step_or_initial_sample,-0.14134503901004791,-0.015616496093571186,-3.2238955497741699,-0.001097438856959343,0.19983513653278351,0.016880489885807037,3.2238955497741699,0.0010974404867738485
320,328,0.65600003115832806,8,71.999999398947693,-0.024690464913588377,-0.74164279922015441,0.10327851648027116,1.1587418805316594e-05,-0.00010419139564163751,3.7047690328825143e-05,0.00083429414701815001,-0.0075017804235734224,0.0026674336814078107,0.00056742117994210942,-0.00019574348228496626,0.00093139846820499968,1,0,0,-11.301120925831679,9.5170389613485895e-06,0.00060624483739957213,0.0015960264718160033,0,0,1,1.4127876758575439,706.39380437686668,0.36629346013069153,0.19979946315288544,14,96,1,-0.00051659485325217247,0.00032081833342090249,1.4127876763232052,,,,17005296391965497490,691723366863959385,7750135564725531339,not_per_step_or_initial_sample,-0.14134193956851959,-0.015743391588330269,-3.2221598625183105,-0.001098007895052433,0.19977064430713654,0.017042208462953568,3.2221598625183105,0.0010980097576975822
328,336,0.67200003191828728,8,71.999999398947693,-0.024690275402896152,-0.74164437247375192,0.10327900050766047,1.71300863229313e-05,-9.8304280020825618e-05,2.2880939013954498e-05,0.0012333662049549758,-0.0070779081024134301,0.0016474275952520828,0.00039907205793682579,0.00042387232115999231,-0.0010200060861557279,1,0,0,-11.301120925831679,-0.000120709759357851,0.00058865302707999945,0.0015500381123274565,0,0,1,1.4124377965927124,706.21886475276006,0.35374540090560913,0.19481144845485687,15,96,1,-0.00017157988622784615,0.00012085743946954608,1.4124378259293735,,,,14524683381316545686,12380317856042518212,7570127335660578001,not_per_step_or_initial_sample,-0.1412380188703537,-0.015584304928779602,-3.219700813293457,-0.0010965671390295029,0.19969381392002106,0.016830615699291229,3.219700813293457,0.0010965691180899739
336,344,0.6880000326782465,8,71.999999398947693,-0.024690017043923637,-0.74164590113377038,0.10327958521919074,1.2306200245040004e-05,-9.7310802799054964e-05,2.0388936379816823e-05,0.00088604641024621019,-0.0070063777430430752,0.0014680034070919941,-0.0003473197947087656,7.153035937035486e-05,-0.00017942418816008871,1,0,0,-11.301120925831679,-0.00012681981024798006,0.00058627931866794825,0.0015402728458866477,0,0,1,1.4118983745574951,705.94915374796199,0.34048444032669067,0.19571973383426666,15,96,1,-0.00089575629681348801,0.00032972628832794726,1.4118984285742044,,,,2203372241583361225,3888928827755692590,7919012231322446532,not_per_step_or_initial_sample,-0.1411680281162262,-0.015486914664506912,-3.2176480293273926,-0.0010953922756016254,0.19961243867874146,0.016707137227058411,3.2176480293273926,0.001095394603908062
344,352,0.70400003343820572,8,71.999999398947693,-0.024689882952835997,-0.74164732527788135,0.10328004778276884,1.0579697479881907e-05,-8.6092489756267823e-05,1.3574986877429832e-05,0.00076173821219254574,-0.0061986592107051933,0.00097739904701567076,-0.00012430819805366445,0.00080771853233788191,-0.00049060436007632331,1,0,0,-11.301120925831679,-4.674966839957051e-05,0.00053062092047184706,0.0013868060195818543,0,0,1,1.412356972694397,706.17845280552183,0.33622017502784729,0.19547435641288757,15,96,1,0.00031041586771607399,9.4232433184515685e-05,1.4123567594215274,,,,12542386925612780370,6076217186646908818,16101986470097690404,not_per_step_or_initial_sample,-0.14112754166126251,-0.015372860245406628,-3.2151381969451904,-0.0010902697686105967,0.19960375130176544,0.016547380015254021,3.2151381969451904,0.0010902710491791368
352,360,0.72000003419816494,8,71.999999398947693,-0.024689913068522272,-0.74164854022814886,0.10328019266756826,-7.1965838089743941e-06,-7.5028179794870643e-05,-7.1050100793758764e-06,-0.00051815402992063308,-0.0054020289001348257,-0.00051156072144458039,-0.0012798922421131788,0.00079663031057036759,-0.0014889597684602511,1,0,0,-11.301120925831679,-0.00016766536282375455,0.00049128819955512881,0.0012597317108884454,0,0,1,1.4121931791305542,706.09655602749035,0.35996448993682861,0.19894199073314667,15,96,1,-0.00076534412801265717,0.00029841030482202768,1.4121932196430862,,,,8816199687853073132,5764834124357471192,10114712380812535206,not_per_step_or_initial_sample,-0.14106184244155884,-0.015146896243095398,-3.2149033546447754,-0.0010805678321048617,0.19958983361721039,0.016211416572332382,3.2149033546447754,0.0010805692290887237
360,368,0.73600003495812416,8,71.999999398947693,-0.024689663397228459,-0.74164988279770194,0.10328050582979482,2.2198817036435114e-05,-9.1857583048480683e-05,1.3415496050296528e-05,0.001598314813280678,-0.0066137459242793968,0.00096591570755793512,0.0021164688432013111,-0.0012117170241445711,0.0014774764290025155,1,0,0,-11.301120925831679,-0.00010628910240484402,0.00056023336946964264,0.0014807346742600203,0,0,1,1.4127134084701538,706.35667068493535,0.33519172668457031,0.19562350213527679,15,96,1,0.0007290826179087162,-6.4891472902672831e-05,1.4127134997397661,,,,8047975850667792170,8669055843587559026,11741905223342685280,not_per_step_or_initial_sample,-0.1410306990146637,-0.015194224193692207,-3.2141191959381104,-0.0010810077656060457,0.19953912496566772,0.016287392005324364,3.2141191959381104,0.0010810090461745858
368,376,0.75200003571808338,8,71.999999398947693,-0.02468937480983752,-0.74165120928600359,0.10328072744603727,2.3437593564117829e-05,-8.0394028329642753e-05,5.6904224258112374e-06,0.0016875067225292639,-0.0057883699914132621,0.00040971041123816758,8.9191909248585895e-05,0.00082537593286613475,-0.00055620529631976749,1,0,0,-11.301120925831679,-0.00016582131502218544,0.00051655125571414828,0.0013563114916905761,0,0,1,1.4122858047485352,706.1428688342811,0.35284888744354248,0.19615162909030914,15,96,1,-0.0001852717250585556,0.00023737058018014068,1.4122857619076967,,,,16357529426688462909,103609415256038652,14583185591942271362,not_per_step_or_initial_sample,-0.14106026291847229,-0.014990414492785931,-3.211301326751709,-0.0010777156567201018,0.19963957369327545,0.0160563625395298,3.211301326751709,0.0010777178686112165
376,384,0.7680000364780426,8,71.999999398947693,-0.024688995441969661,-0.74165240580991265,0.10328086983391295,2.7992546113560815e-05,-7.7489195259533914e-05,9.1931936544393471e-06,0.0020154633033513942,-0.0055792220121113822,0.00066190993759404279,0.00032795658082213032,0.00020914797930187985,0.00025219952635587522,1,0,0,-11.301120925831679,-2.1666792235919274e-05,0.0005047117592766881,0.0013144153635948896,0,0,1,1.4136699438095093,706.83493833189652,0.34944179654121399,0.19570060074329376,15,96,1,0.00052842311561107635,-0.00023445314673153916,1.4136698911897838,,,,7754580661761257126,4080279531707364461,5261094097206382451,not_per_step_or_initial_sample,-0.14101071655750275,-0.014734336175024509,-3.2106404304504395,-0.0010672325734049082,0.19950267672538757,0.015666283667087555,3.2106404304504395,0.001067236065864563
384,392,0.78400003723800182,8,71.999999398947693,-0.024688562166504079,-0.74165366423093526,0.10328087743725391,3.5209262289099864e-05,-7.9393542251816464e-05,6.3558873179640785e-06,0.0025350668636525821,-0.0057163349944111133,0.0004576238830731929,0.00051960356030118782,-0.00013711298229973114,-0.00020428605452084989,1,0,0,-11.301120925831679,-4.0110979171004146e-05,0.00051410135347396135,0.0013436544686555862,0,0,1,1.4124952554702759,706.24759419017721,0.34414905309677124,0.19541750848293304,15,96,1,0.00031807459890842438,-0.00010015277075581253,1.4124951879493892,,,,14431297081038978618,15443434849915275108,4106473373246606337,not_per_step_or_initial_sample,-0.14095276594161987,-0.014793345704674721,-3.2095150947570801,-0.0010610884055495262,0.1993776261806488,0.015694491565227509,3.2095150947570801,0.0010610942263156176
392,400,0.80000003799796104,8,71.999999398947693,-0.024688684537379529,-0.74165496596726954,0.10328131250783056,-2.4158160887275854e-05,-8.4379595989867416e-05,2.9922052259969226e-05,-0.0017393875693635433,-0.0060753308605539028,0.0021543877447330658,-0.0042744544330161251,-0.00035899586614278941,0.0016967638616598728,1,0,0,-11.301120925831679,-0.00012488983338698745,0.00051605579210445285,0.0013733882224187255,0,0,1,1.4124510288238525,706.22548086801589,0.33769217133522034,0.19912539422512054,15,96,1,0.00011288130190223455,8.5481326095759869e-05,1.412451091222465,,,,84197250181358969,85438009376364651,16304357829537586768,not_per_step_or_initial_sample,-0.14075465500354767,-0.014779504388570786,-3.2081747055053711,-0.001046112971380353,0.19937409460544586,0.016064582392573357,3.2081747055053711,0.0010461218189448118
400,408,0.81600003875792027,8,71.999999398947693,-0.024689237464553954,-0.74165615333482793,0.10328168901032211,-4.2841447215337698e-05,-7.1939984145191207e-05,4.2352761508373895e-06,-0.0030845841737543638,-0.0051796788152140734,0.00030493988031466952,-0.0013451966043908205,0.00089565204533982937,-0.0018494478644183964,1,0,0,-11.301120925831679,-0.00022955411986913532,0.00046871331869624555,0.001224517822265625,0,0,1,1.4116541147232056,705.82702383661808,0.37229862809181213,0.20023322105407715,15,96,1,-0.0013500686036422849,0.00051251502009108663,1.4116540881805122,,,,14251001837239862834,18151185461206867327,18083924340953142327,not_per_step_or_initial_sample,-0.14058570563793182,-0.014658115804195404,-3.2070932388305664,-0.0010341207962483168,0.19902825355529785,0.015888635069131851,3.2070932388305664,0.001034129410982132
408,416,0.83200003951787949,8,71.999999398947693,-0.024689781170279552,-0.7416572734474286,0.10328202468094252,-3.9714714884257287e-05,-6.9783525373681631e-05,5.8353329718348256e-06,-0.0028594594477959036,-0.0050244137849615282,0.00042014397046476708,0.00022512472595846017,0.00015526503025254518,0.00011520409015009755,1,0,0,-11.301120925831679,-0.00020413192396517843,0.00045908050378784537,0.0012012661900371313,0,0,1,1.4116820096969604,705.84097132283307,0.34274435043334961,0.19448766112327576,15,96,1,-0.00083417131099849939,0.00034338474506512284,1.411682119127363,,,,5931805566098663921,7306706138387546287,9765313188760677715,not_per_step_or_initial_sample,-0.1405613124370575,-0.014554494991898537,-3.2062218189239502,-0.0010329523356631398,0.199064701795578,0.015699153766036034,3.2062218189239502,0.0010329673532396555
416,424,0.84800004027783871,8,71.999999398947693,-0.024690309674957577,-0.74165840182357901,0.10328225952033118,-3.989199450690659e-05,-6.7909835362121954e-05,6.3629694831780788e-06,-0.0028722235805200991,-0.0048895081052554171,0.00045813379896434417,-1.2764132724195527e-05,0.00013490567970611111,3.7989828499577095e-05,1,0,0,-11.301120925831679,-0.00018840635311789811,0.00044990010792389512,0.00117837218567729,0,0,1,1.4119366407394409,705.96828683802619,0.35303995013237,0.19593197107315063,15,96,1,-0.00093856628518551588,0.00035854510497301817,1.4119364228099585,,,,11535769834290553346,9000036129543282096,11282715264865007107,not_per_step_or_initial_sample,-0.14047351479530334,-0.014484896324574947,-3.2053956985473633,-0.0010334127582609653,0.19895684719085693,0.015573419630527496,3.2053956985473633,0.0010334312682971358
424,432,0.86400004103779793,8,71.999999398947693,-0.024690909343649915,-0.74165950975385675,0.10328237817868027,-3.6425161542933677e-05,-6.7049774000353706e-05,1.5508748908228476e-05,-0.0026226116091977972,-0.0048275836877250452,0.0011166299120708809,0.00024961197132230195,6.1924417530371915e-05,0.00065849611310653667,1,0,0,-11.301120925831679,-5.8563440688885748e-05,0.00044241323485039175,0.0011612906819209456,0,0,1,1.4126660823822021,706.33300764208343,0.35194560885429382,0.19683103263378143,15,96,1,-3.269570879638195e-05,7.1285932790488005e-05,1.4126661065965891,,,,15621995641260043470,17087359474228576345,17012130719046018408,not_per_step_or_initial_sample,-0.14039652049541473,-0.014412572607398033,-3.204505443572998,-0.0010339533910155296,0.19877615571022034,0.015458536334335804,3.204505443572998,0.0010339642176404595
432,440,0.88000004179775715,8,71.999999398947693,-0.024691471910005487,-0.74166060829350078,0.10328243316076283,-3.2267193349978004e-05,-6.5584398111573195e-05,1.1613822660574382e-05,-0.0023232379018041454,-0.0047220766246136164,0.00083619522458084066,0.00029937370739365182,0.00010550706311142875,-0.00028043468749004024,1,0,0,-11.301120925831679,-8.7567597802262753e-05,0.00043483302579261363,0.0011429899604991078,0,0,1,1.412699818611145,706.34987575575371,0.33702179789543152,0.19515155255794525,15,96,1,-0.00026802578940987587,0.00014092680066823959,1.4126998316496611,,,,6817205133147093804,3546221787708057432,6105181883895350853,not_per_step_or_initial_sample,-0.14029200375080109,-0.014346356503665447,-3.2034928798675537,-0.0010344826150685549,0.19859437644481659,0.015362231992185116,3.2034928798675537,0.0010344852926209569
440,448,0.89600004255771637,8,71.999999398947693,-0.024692100766134775,-0.74166158178224617,0.10328254005546832,-5.4144063565305833e-05,-5.5633173827527202e-05,-8.3665296426129156e-06,-0.0038983725441586055,-0.0040055884821435109,-0.00060239012923940798,-0.0015751346423544602,0.00071648814247010553,-0.0014385853538202487,1,0,0,-11.301120925831679,-0.00020693849364761263,0.00039847093285061419,0.0010241450509056449,0,0,1,1.4116592407226562,705.82958683622167,0.35095509886741638,0.19745659828186035,15,96,1,-0.0015749543672427535,0.00061900739092379808,1.411659203004092,,,,3659087760756233800,10413735918406704071,2175525741438039513,not_per_step_or_initial_sample,-0.14028039574623108,-0.014285248704254627,-3.2026219367980957,-0.0010352089302614331,0.19882914423942566,0.015319216065108776,3.2026219367980957,0.0010352096287533641
448,456,0.91200004331767559,8,71.999999398947693,-0.024691463763240294,-0.74166282389782867,0.10328301934038253,3.7031703952671544e-05,-6.9792668620886574e-05,1.5644410741157721e-05,0.00266628266233436,-0.0050250720987547893,0.0011263975639602467,0.0065646552064929659,-0.0010194836166112784,0.0017287876931996547,1,0,0,-11.301120925831679,-5.3446889069164172e-05,0.00042926875175908208,0.0011485624127089977,0,0,1,1.4115085601806641,705.75424656880409,0.34372031688690186,0.1940513551235199,15,96,1,6.5395375713706017e-05,0.0001242572907358408,1.4115086481906474,,,,5463015237161760040,13577660473218322590,7945023086482624989,not_per_step_or_initial_sample,-0.14008896052837372,-0.014257069677114487,-3.2024092674255371,-0.00097389082657173276,0.19855456054210663,0.015243453904986382,3.2024092674255371,0.00097389082657173276
456,464,0.92800004407763481,8,71.999999398947693,-0.024690875510400289,-0.74166379604962041,0.10328335103877052,1.1518817769699819e-05,-5.3758981270766414e-05,-8.9539123217360531e-06,0.00082935487249497495,-0.0038706466191832222,-0.00064468168178322615,-0.001836927789839385,0.0011544254795715671,-0.0017710792457434729,1,0,0,-11.301120925831679,-0.00015884324966464192,0.0003690987650770694,0.00095207418780773878,0,0,1,1.412053108215332,706.02652057320574,0.33874794840812683,0.1913628876209259,15,96,1,-0.00097670522518455982,0.00036884797737002373,1.4120531254447997,,,,414762583857503395,17594476079155694896,2156031606904732275,not_per_step_or_initial_sample,-0.017506666481494904,-0.0017637853743508458,-0.40047144889831543,-0.00012031072401441634,0.024857891723513603,0.0018800547113642097,0.40047144889831543,0.00012031072401441634
464,472,0.94400004483759403,8,71.999999398947693,-0.024690178584056414,-0.74166489266353419,0.1032835978022198,4.9114247607848556e-05,-7.2490117246141946e-05,1.4816106497989762e-05,0.0035362257982448644,-0.0052192883981518681,0.0010667596589500079,0.0027068709257498892,-0.0013486417789686459,0.0017114413407332339,1,0,0,-11.301120925831679,-6.1976657889317721e-05,0.00043516166624613106,0.0011747828684747219,0,0,1,1.4129353761672974,706.4676545282357,0.33360272645950317,0.18848411738872528,15,96,1,0.00060987216420471668,-0.00026922067627310753,1.4129353724420071,,,,16691481280957183785,10960113472671402640,16944394419999067999,not_per_step_or_initial_sample,-0.017498916015028954,-0.0017764039803296328,-0.40038326382637024,-0.00012026452895952389,0.024826245382428169,0.0018951245583593845,0.40038326382637024,0.00012026452895952389
472,480,0.96000004559755325,8,71.999999398947693,-0.024689450292901094,-0.74166599518842746,0.10328385710471118,4.7796980921971153e-05,-6.7883231266334872e-05,1.6772645841129269e-05,0.0034413825976534374,-0.0048875926103747382,0.0012076304904800699,-9.4843200591426986e-05,0.00033169578777712989,0.00014087083153006201,1,0,0,-11.301120925831679,1.4586865290766582e-05,0.00041698807035572827,0.0011193315731361508,0,0,1,1.4126018285751343,706.3008807400754,0.33408138155937195,0.189030721783638,15,96,1,5.5049080401659012e-05,3.9316480979323387e-05,1.4126017764210701,,,,9173860681720865973,9548128347316210413,15549396026682061445,not_per_step_or_initial_sample,-0.017480699345469475,-0.0017670063534751534,-0.40018150210380554,-0.00012033640086883679,0.024796320125460625,0.001881977659650147,0.40018150210380554,0.00012033640086883679
480,488,0.97600004635751247,8,71.999999398947693,-0.024688731188837885,-0.74166699260378988,0.10328415231351383,4.9031981219281186e-05,-6.4687673672816478e-05,1.3090262891621771e-05,0.0035303026183174601,-0.0046575124655621114,0.00094249892032883479,8.8920020664022721e-05,0.00023008014481262686,-0.00026513157015123508,1,0,0,-11.301120925831679,8.4479906945489347e-06,0.00040165669634006917,0.0010762999299913645,0,0,1,1.4126911163330078,706.34552461689179,0.33360129594802856,0.18877847492694855,15,96,1,-0.00019288505427539349,0.00011972268112003803,1.412691137753427,,,,6210022371404000483,18113886518654445782,15881354792218324289,not_per_step_or_initial_sample,-0.017477776855230331,-0.0017547588795423508,-0.40009585022926331,-0.0001203396896016784,0.02480701170861721,0.0018653785809874535,0.40009585022926331,0.0001203396896016784
488,496,0.99200004711747169,8,71.999999398947693,-0.024688119847327886,-0.74166780974025559,0.10328454239236808,5.2082914135624172e-05,-6.5557005175176757e-05,7.2152076293114341e-06,0.0037499697864603848,-0.0047201043332095374,0.00051949494497370607,0.00021966716814292471,-6.259186764742599e-05,-0.00042300397535512872,1,0,0,-11.301120925831679,-5.535964373848401e-05,0.0004010605625808239,0.0010805812198668718,0,0,1,1.4124943017959595,706.24711735304163,0.33405959606170654,0.18893428146839142,15,96,1,8.0911093391478062e-05,4.7646462917327881e-06,1.4124942221678793,,,,11744219590550549526,9878064200945831701,4887089962601638977,not_per_step_or_initial_sample,-0.017475813627243042,-0.0017488159937784076,-0.40000456571578979,-0.00012033760140184313,0.024820048362016678,0.0018570938846096396,0.40000456571578979,0.00012033760140184313
496,504,1.0080000478774309,8,71.999999398947693,-0.024687427607390414,-0.74166873119871268,0.10328466027991903,3.3240855130828547e-05,-5.601895973926559e-05,-6.7934098915638847e-06,0.0023933415494401629,-0.0040333650675567975,-0.000489125508109405,-0.0013566282370202219,0.00068673926565273984,-0.001008620453083111,1,0,0,-11.301120925831679,-0.00010411597759230062,0.00036641699261963367,0.00096457969630137086,0,0,1,1.4119337797164917,705.96685632661945,0.3407408595085144,0.19142530858516693,15,96,1,-0.0013276484096422791,0.00044959713704884052,1.4119337806478143,,,,175885391477565879,11010268139634795738,8234103194264029171,not_per_step_or_initial_sample,-0.017474697902798653,-0.0017448095604777336,-0.39990919828414917,-0.00012017677363473922,0.02483653649687767,0.0018501535523682833,0.39990919828414917,0.00012017677363473922
504,512,1.0240000486373901,8,71.999999398947693,-0.024686857941839932,-0.74166978956790464,0.10328463007913541,3.2626619472313414e-05,-6.3382647681236819e-05,9.0939915513820297e-06,0.002349116582396261,-0.0045635505949527646,0.00065476738623354157,-4.4224967043901813e-05,-0.00053018552739596703,0.0011438928943429466,1,0,0,-11.301120925831679,3.0749764846405014e-05,0.00038844617665745318,0.0010365750640630722,0,0,1,1.4132646322250366,706.63228254928583,0.33201465010643005,0.18597316741943359,15,96,1,0.00025916250888258219,-8.8764354586601257e-06,1.4132645204663277,,,,15860309703990170273,5268771257234162637,10691516352727408975,not_per_step_or_initial_sample,-0.017476823180913925,-0.0017480278620496392,-0.3997836709022522,-0.00012021534348605201,0.02480737678706646,0.0018525955965742469,0.3997836709022522,0.00012021534348605201
