step,time_s,environment,arm,target_angle_deg,status_code,object_index,failing_index,completed_microsteps,fgmres_iterations,residual,correction,reported_min_J,min_J,max_J,max_node_displacement_m,reaction_x_N,reaction_y_N,reaction_z_N,reaction_moment_y_Nm
0,4.9999998736893758e-05,0,bent,0.015625,0,4294967295,4294967295,1,10,0,0,0.99934923648834229,0.99934929305531206,1.0003193676893765,6.8172813095676622e-07,-0.17536686733365059,-3.472156822681427e-05,-0.48453264986164868,-0.011818673755729635
0,4.9999998736893758e-05,1,held_reference,0,0,4294967295,4294967295,1,6,0,0,0.99999779462814331,0.99999775405135294,1.000001287680508,3.7542813216794977e-09,0.0018254355400131317,0.0068218753149267286,-0.0010140808073160201,-4.0393632589257326e-06
1,9.9999997473787516e-05,0,bent,0.03125,0,4294967295,4294967295,1,10,0,0,0.99884533882141113,0.99884541121732595,1.0006550843555675,1.4228434775913827e-06,-0.6643997672945261,0.01052223052829504,-0.77366389473900199,-0.020892711734948551
1,9.9999997473787516e-05,1,held_reference,0,0,4294967295,4294967295,1,7,0,0,0.99999809265136719,0.99999812358086893,1.0000011347090465,3.7252902984619141e-09,0.0015623985973434174,0.00083308125249459408,-0.00088337771826019207,-3.3931729894902679e-06
2,0.00014999999621068127,0,bent,0.046875,0,4294967295,4294967295,1,10,0,0,0.99843430519104004,0.99843425131504981,1.0009767591949974,2.3083160967082359e-06,-0.85197606310248375,0.014292353764176369,-1.0210893889889121,-0.029049593007968475
2,0.00014999999621068127,1,held_reference,0,0,4294967295,4294967295,1,7,0,0,0.99999862909317017,0.99999893683029628,1.0000013456167092,3.7830501816402938e-09,0.0019331521725689527,0.0022867592233524192,-0.0010830641028611865,-4.2548140609142138e-06
3,0.00019999999494757503,0,bent,0.0625,0,4294967295,4294967295,1,10,0,0,0.9980350136756897,0.99803505947822446,1.0012779092148378,3.2636829131420952e-06,-1.1008545309305191,0.036448227241635323,-1.2062128949910402,-0.036000979823347296
3,0.00019999999494757503,1,held_reference,0,0,4294967295,4294967295,1,6,0,0,0.99999886751174927,0.99999897310334096,1.0000012568304883,3.7830501816402938e-09,0.0017756824208845501,0.001461976866266923,-0.001015595567317007,-3.847729236895248e-06
4,0.00024999999368446879,0,bent,0.078125,0,4294967295,4294967295,1,10,0,0,0.99767905473709106,0.99767897791564408,1.0015386924798411,4.2657290536898684e-06,-1.247711256146431,0.028745168820023537,-1.389705472625792,-0.042457088944524268
4,0.00024999999368446879,1,held_reference,0,0,4294967295,4294967295,1,6,0,0,0.99999898672103882,0.99999897310334096,1.0000012568304883,3.7830501816402938e-09,0.0017478756290074671,0.0024862536211003317,-0.00098396748968809788,-3.8298370659504153e-06
5,0.00029999999242136255,0,bent,0.09375,0,4294967295,4294967295,1,10,0,0,0.99734246730804443,0.99734239581437889,1.0018190191861385,5.2988224915312586e-06,-1.3130752146244049,0.032103343866765499,-1.560993080958724,-0.048508974525089517
5,0.00029999999242136255,1,held_reference,0,0,4294967295,4294967295,1,5,0,0,0.99999898672103882,0.99999897310334096,1.0000012568304883,3.7542813216794977e-09,0.0015623985718775657,0.0016148480863193981,-0.00088341363149169183,-3.3932133874259305e-06
6,0.00034999999115825631,0,bent,0.109375,0,4294967295,4294967295,1,10,0,0,0.99702680110931396,0.99702688063125933,1.0022132069816569,6.3469214744567184e-06,-1.3539341390132904,0.024572041817009449,-1.7374355811625719,-0.054116540803043699
6,0.00034999999115825631,1,held_reference,0,0,4294967295,4294967295,1,6,0,0,0.99999868869781494,0.99999864588188425,1.0000013605669653,3.732559164492739e-09,0.0019507867609718232,0.0025666250767244492,-0.001101042093019089,-4.2625462474461534e-06
7,0.00039999998989515007,0,bent,0.125,0,4294967295,4294967295,1,10,0,0,0.99671065807342529,0.9967106421185955,1.0025939459773929,7.4007965826384681e-06,-1.4203140735626221,0.030654720962047577,-1.9099764041602612,-0.059599413039667433
7,0.00039999998989515007,1,held_reference,0,0,4294967295,4294967295,1,5,0,0,0.99999898672103882,0.99999897310334096,1.0000012568304883,3.732559164492739e-09,0.0015212921689453651,0.0026796775855473243,-0.00086129381541155681,-3.2809697590892028e-06
8,0.00044999998863204382,0,bent,0.140625,0,4294967295,4294967295,1,10,0,0,0.99640786647796631,0.99640788268165781,1.0029969291235155,8.4676078101472332e-06,-1.4749845862388611,0.019628747366368771,-2.0794152235612273,-0.064888650951765228
8,0.00044999998863204382,1,held_reference,0,0,4294967295,4294967295,1,6,0,0,0.99999898672103882,0.99999897310334096,1.0000013555610556,3.732559164492739e-09,0.001301580995459517,0.0025600219541956903,-0.00072581677902405772,-2.8415588544703498e-06
9,0.00049999998736893758,0,bent,0.15625,0,4294967295,4294967295,1,10,0,0,0.9960784912109375,0.99607851482856635,1.0033943071439921,9.5410435496363184e-06,-1.5825695730745792,0.013158127665519714,-2.2183634806424379,-0.069687939669164381
9,0.00049999998736893758,1,held_reference,0,0,4294967295,4294967295,1,5,0,0,0.99999904632568359,0.99999903276685242,1.000001041576867,3.732559164492739e-09,0.0013060785313427914,0.0024790061797830276,-0.00073193725185660696,-2.8512716548902973e-06
10,0.00054999998610583134,0,bent,0.171875,0,4294967295,4294967295,1,10,0,0,0.99573642015457153,0.99573649362657879,1.0037854344645158,1.0603702884406855e-05,-1.5406654477119446,0.0070084361359477043,-2.3790302770212293,-0.074779579236574134
10,0.00054999998610583134,1,held_reference,0,0,4294967295,4294967295,1,6,0,0,0.99999850988388062,0.99999857623676558,1.0000013558599361,3.732559164492739e-09,0.0013060784922345192,0.0024859981749614235,-0.00073195173602158548,-2.8512878393485157e-06
11,0.0005999999848427251,0,bent,0.1875,0,4294967295,4294967295,1,10,0,0,0.99536746740341187,0.99536746170862533,1.0041903694193799,1.1676553221202965e-05,-1.5334887504577637,0.0025514909066259861,-2.5474131526425481,-0.079252284256173394
11,0.0005999999848427251,1,held_reference,0,0,4294967295,4294967295,1,6,0,0,0.99999898672103882,0.99999897310334096,1.0000012568304883,3.732559164492739e-09,0.0013060784940535086,0.001631956867640838,-0.00073197146993209117,-2.8513101410680976e-06
12,0.00064999998357961886,0,bent,0.203125,0,4294967295,4294967295,1,10,0,0,0.99498867988586426,0.99498864560356004,1.0045808894404973,1.2742591577627136e-05,-1.5587675273418427,-0.0018409988842904568,-2.6941237142309546,-0.083955486127076207
12,0.00064999998357961886,1,held_reference,0,0,4294967295,4294967295,1,5,0,0,0.99999856948852539,0.99999857623680843,1.0000012568304883,3.732559164492739e-09,0.0013060784795015934,0.0024976460390462307,-0.00073198015996212007,-2.8513198453765659e-06
13,0.00069999998231651261,0,bent,0.21875,0,4294967295,4294967295,1,10,0,0,0.9946405291557312,0.99464058077264017,1.0049849610776727,1.3816728494431847e-05,-1.5155544579029083,-0.0043616774491965771,-2.8570775846019387,-0.088585731579749333
13,0.00069999998231651261,1,held_reference,0,0,4294967295,4294967295,1,5,0,0,0.99999898672103882,0.99999897310334096,1.0000012568304883,3.7542813216794977e-09,0.0013060785440757172,0.0016444941829831805,-0.00073199537043677765,-2.8513370625660172e-06
14,0.00074999998105340637,0,bent,0.234375,0,4294967295,4294967295,1,10,0,0,0.99428075551986694,0.99428066604839571,1.005366755747515,1.4876956368237704e-05,-1.5510339438915253,-0.020235116360709071,-3.0141293089836836,-0.093112513272339784
14,0.00074999998105340637,1,held_reference,0,0,4294967295,4294967295,1,5,0,0,0.99999850988388062,0.99999853915790182,1.0000012568304883,3.732559164492739e-09,0.0013060783940090914,0.0025214422912540613,-0.00073200942780005107,-2.851352577181388e-06
15,0.00079999997979030013,0,bent,0.25,0,4294967295,4294967295,1,10,0,0,0.99391049146652222,0.99391042206184432,1.0057611744576505,1.5935805343710728e-05,-1.5901624262332916,-0.022862159879878163,-3.169763115234673,-0.09756544845258254
15,0.00079999997979030013,1,held_reference,0,0,4294967295,4294967295,1,5,0,0,0.99999898672103882,0.99999897310334096,1.0000012568304883,3.732559164492739e-09,0.0013060785795460106,0.0016927841879805783,-0.00073201740404726934,-2.8513619849945824e-06
