step,time_s,environment,arm,target_angle_deg,status_code,object_index,failing_index,completed_microsteps,fgmres_iterations,status_diagnostic_x,status_diagnostic_y,status_diagnostic_z,status_diagnostic_w,min_J,max_J,max_node_displacement_m,reaction_x_N,reaction_y_N,reaction_z_N,reaction_moment_y_Nm,phase,max_free_displacement_m,max_free_speed_m_s,kinetic_energy_J,max_material_state_change,certificate_residual,certificate_correction,certificate_volume,certificate_pressure,certificate_accepted
0,9.9999997473787516e-05,0,bent,0.03125,0,4294967295,4294967295,1,10,0.99869537353515625,0,0,0,0.99869551490617203,1.0006465046618798,1.3634563287557206e-06,-0.34486039727926254,-0.0075226444751024246,-0.98344880528748035,-0.023706429286779782,loading,1.2581354708614062e-06,0.012598602403551267,2.9526687322985474e-09,0,9.1542613517958671e-05,0,0,0,1
0,9.9999997473787516e-05,1,held_reference,0,0,4294967295,4294967295,1,6,0.99999779462814331,0,0,0,0.99999775404932401,1.0000012876786395,3.7542813216794977e-09,0.0018254356755278422,0.0068219846361898817,-0.0010140807804255303,-4.0393635849795833e-06,loading,3.7542813216794977e-09,3.6691863607285915e-05,7.4272169211139526e-15,0,3.061649294977542e-06,0,0,0,1
1,0.00019999999494757503,0,bent,0.0625,0,4294967295,4294967295,1,20,0.99842303991317749,0,0,0,0.99842304405426086,1.002002586872113,3.7418653292594708e-06,-0.42810530215501785,0.069160858867689967,-0.97579139191657305,-0.03223468303587234,loading,3.7418653292594708e-06,0.025577846414383602,1.0237251334457883e-08,0,9.1523754235822707e-05,0,0,0,1
1,0.00019999999494757503,1,held_reference,0,0,4294967295,4294967295,1,7,0.99999809265136719,0,0,0,0.99999812358216655,1.0000011347090465,3.7252902984619141e-09,0.0015623985236743465,0.00083269700917298906,-0.00088337772178448404,-3.3931728326024315e-06,loading,3.7252902984619141e-09,1.9520489882851792e-05,4.4391869737659628e-15,0,3.0267403872130672e-06,0,0,0,1
2,0.00029999999242136255,0,bent,0.09375,0,4294967295,4294967295,1,20,0.99776524305343628,0,0,0,0.99776517995719061,1.0022072984940662,6.043045567451091e-06,-0.61099311709403992,0.029362265020608902,-1.190445457585156,-0.040471995088036429,loading,6.043045567451091e-06,0.0231018129396619,1.101025801177389e-08,0,9.4666153017897159e-05,0,0,0,1
2,0.00029999999242136255,1,held_reference,0,0,4294967295,4294967295,1,7,0.99999862909317017,0,0,0,0.9999989368220612,1.0000013456152022,3.7830501816402938e-09,0.0019331523262735573,0.002287271483510267,-0.0010830641137715702,-4.2548144060674537e-06,loading,3.7830501816402938e-09,2.0684030203903869e-05,4.3792253903456244e-15,0,3.1524543828709284e-06,0,0,0,1
3,0.00039999998989515007,0,bent,0.125,0,4294967295,4294967295,1,20,0.99699538946151733,0,0,0,0.99699542291121657,1.0030246173251278,8.2530713174870946e-06,-0.081191092729568481,-0.03459145687520504,-1.5772535228170455,-0.046588149233792397,loading,8.2530713174870946e-06,0.023445337941973596,1.6903265387811501e-08,0,7.4406532803550363e-05,0,0,0,1
3,0.00039999998989515007,1,held_reference,0,0,4294967295,4294967295,1,6,0.99999886751174927,0,0,0,0.99999897310334096,1.0000012568304883,3.7830501816402938e-09,0.0017756825291144196,0.0014618867571698502,-0.0010155956098429897,-3.8477295042866901e-06,loading,3.7830501816402938e-09,1.8615876116298572e-05,3.3827773621354297e-15,0,3.2205268780671759e-06,0,0,0,1
4,0.00049999998736893758,0,bent,0.15625,0,4294967295,4294967295,1,20,0.99627548456192017,0,0,0,0.99627554923634776,1.0037666739035238,1.026948132556576e-05,-0.58606454730033875,-0.0058452906087040901,-1.8723336408147588,-0.058554273251744671,loading,1.026948132556576e-05,0.020154713928618399,8.8346610106015641e-09,0,9.5677336503285915e-05,0,0,0,1
4,0.00049999998736893758,1,held_reference,0,0,4294967295,4294967295,1,6,0.99999898672103882,0,0,0,0.99999897310334096,1.0000012568304883,3.7830501816402938e-09,0.0017478755817137426,0.0024866082294465741,-0.00098396752828477929,-3.8298369709082178e-06,loading,3.7830501816402938e-09,3.5452561999268187e-05,3.6726259574773418e-15,0,3.7370464269770309e-06,0,0,0,1
5,0.0005999999848427251,0,bent,0.1875,0,4294967295,4294967295,1,30,0.99548602104187012,0,0,0,0.99548604370277882,1.0045958907577346,1.2488765197454744e-05,-0.075442969799041748,-0.045278243720531464,-2.2071123910136521,-0.063622366106532657,loading,1.2488765197454744e-05,0.02438369053879514,1.9063514146677352e-08,0,7.7096454333513975e-05,0,0,0,1
5,0.0005999999848427251,1,held_reference,0,0,4294967295,4294967295,1,5,0.99999898672103882,0,0,0,0.99999897310334096,1.0000012568304883,3.7542813216794977e-09,0.0015623985855199862,0.0016146935522556305,-0.00088341371458966478,-3.3932134692804547e-06,loading,3.7542813216794977e-09,2.3801384366203573e-05,4.1177310917538024e-15,0,3.1118406695895828e-06,0,0,0,1
6,0.00069999998231651261,0,bent,0.21875,0,4294967295,4294967295,1,20,0.99476414918899536,0,0,0,0.99476420295178403,1.0053140688810334,1.4461054704989666e-05,-0.53765282034873962,-0.019859794527292252,-2.5057727992534637,-0.075485145816695548,loading,1.4461054704989666e-05,0.019732413126596089,9.1921089929368955e-09,0,9.9595003121066839e-05,0,0,0,1
6,0.00069999998231651261,1,held_reference,0,0,4294967295,4294967295,1,6,0.99999868869781494,0,0,0,0.99999864588188425,1.0000013285806275,3.732559164492739e-09,0.0019507868310029153,0.0025669363185443217,-0.0011010421223573985,-4.2625463947842947e-06,loading,3.732559164492739e-09,2.081202300122484e-05,3.5865366661004806e-15,0,3.1366789698950015e-06,0,0,0,1
7,0.00079999997979030013,0,bent,0.25,0,4294967295,4294967295,1,30,0.99398088455200195,0,0,0,0.99398085923531665,1.0060990512623649,1.6613029167443968e-05,-0.11091035604476929,-0.069917873479425907,-2.8262007683515549,-0.080571946366248343,loading,1.6613029167443968e-05,0.02466875266085268,1.9926643967187207e-08,0,7.9962439485825598e-05,0,0,0,1
7,0.00079999997979030013,1,held_reference,0,0,4294967295,4294967295,1,5,0.99999898672103882,0,0,0,0.99999897310334096,1.0000012568304883,3.732559164492739e-09,0.0015212921762213227,0.0026795566845976282,-0.00086129385338296061,-3.2809698259370638e-06,loading,3.732559164492739e-09,1.8856565053828066e-05,2.7430148531238224e-15,0,2.949063855339773e-06,0,0,0,1
8,0.00089999997726408765,0,bent,0.25,0,4294967295,4294967295,1,10,0.99409842491149902,0,0,0,0.99409841948373956,1.0061600647668498,1.6717031999358624e-05,-0.2431303858757019,-0.081637694500386715,-2.6933704996481538,-0.077420339499495214,hold,1.6717031999358624e-05,0.0045837837907979524,6.5628708425632798e-10,0,6.6512096964288503e-05,0,0,0,1
8,0.00089999997726408765,1,held_reference,0,0,4294967295,4294967295,1,6,0.99999898672103882,0,0,0,0.99999897310334096,1.0000012568304883,3.732559164492739e-09,0.0013015808553973329,0.002560101072958787,-0.00072581679977901103,-2.8415586198207169e-06,hold,3.732559164492739e-09,2.0174460861460634e-05,2.8547312616986395e-15,0,3.5200364436605014e-06,0,0,0,1
9,0.00099999997473787516,0,bent,0.25,0,4294967295,4294967295,1,10,0.99393928050994873,0,0,0,0.99393928411635613,1.0061356831170238,1.667208069896522e-05,-0.049116253852844238,-0.068512382917106152,-2.6689764512702823,-0.074655052345919848,hold,1.667208069896522e-05,0.0061170701676262996,9.3030709472787552e-10,0,5.5381213314831257e-05,0,0,0,1
9,0.00099999997473787516,1,held_reference,0,0,4294967295,4294967295,1,5,0.99999904632568359,0,0,0,0.99999903276685242,1.000001041576867,3.732559164492739e-09,0.0013060784876870457,0.0024792297153908294,-0.0007319373540681795,-2.8512717512967358e-06,hold,3.732559164492739e-09,2.167929864573681e-05,2.9780674371376312e-15,0,2.8166909942228813e-06,0,0,0,1
10,0.0010999999722116627,0,bent,0.25,0,4294967295,4294967295,1,10,0.99400919675827026,0,0,0,0.99400911971941708,1.0061479224494772,1.6687778241553854e-05,-0.080802261829376221,-0.077655540779232979,-2.6253031603991985,-0.073328969644698663,hold,1.6687778241553854e-05,0.0026316331290288631,2.3130261429873177e-10,0,4.7177283704513684e-05,0,0,0,1
10,0.0010999999722116627,1,held_reference,0,0,4294967295,4294967295,1,6,0.99999850988388062,0,0,0,0.99999857623676558,1.0000013557751735,3.732559164492739e-09,0.0013060785195193603,0.0024861277615855215,-0.00073195180416973926,-2.851288064448454e-06,hold,3.732559164492739e-09,2.0306941833712571e-05,2.6415398092589275e-15,0,2.7873788894794416e-06,0,0,0,1
11,0.0011999999696854502,0,bent,0.25,0,4294967295,4294967295,1,10,0.99388980865478516,0,0,0,0.99388979595729321,1.0061144842418361,1.6614034283057232e-05,-0.11790174245834351,-0.081756190396845341,-2.5744262896478176,-0.071413882316753705,hold,1.6614034283057232e-05,0.0040987533077172546,4.9697656415816172e-10,0,4.0222676034318283e-05,0,0,0,1
11,0.0011999999696854502,1,held_reference,0,0,4294967295,4294967295,1,6,0.99999898672103882,0,0,0,0.99999897310334096,1.0000012568304883,3.732559164492739e-09,0.0013060784795015934,0.0016322773735737428,-0.000731971690029809,-2.8513102770375558e-06,hold,3.732559164492739e-09,1.818154712289248e-05,2.6873578599978558e-15,0,3.0370031254278729e-06,0,0,0,1
12,0.0012999999671592377,0,bent,0.25,0,4294967295,4294967295,1,10,0.99391698837280273,0,0,0,0.9939169853319918,1.0061053896306917,1.65905071846403e-05,-0.044282674789428711,-0.07451911922544241,-2.5704343356192112,-0.070762593943215699,hold,1.65905071846403e-05,0.0018891826048218765,1.2735515937998435e-10,0,3.507031942717731e-05,0,0,0,1
12,0.0012999999671592377,1,held_reference,0,0,4294967295,4294967295,1,5,0.99999856948852539,0,0,0,0.99999857623680843,1.0000012568304883,3.732559164492739e-09,0.0013060785495326854,0.0024975210526463343,-0.00073198030069931974,-2.8513201555142588e-06,hold,3.732559164492739e-09,1.8829952885229288e-05,2.5105941745670562e-15,0,3.2400023428635905e-06,0,0,0,1
13,0.0013999999646330252,0,bent,0.25,0,4294967295,4294967295,1,10,0.99386066198348999,0,0,0,0.99386065315421424,1.0060689007896433,1.6511779601416939e-05,-0.0007464289665222168,-0.070719066075980663,-2.5306938756257296,-0.069622563690879033,hold,1.6511779601416939e-05,0.0025920396867897149,2.3094746756068629e-10,0,3.2260541047435254e-05,0,0,0,1
13,0.0013999999646330252,1,held_reference,0,0,4294967295,4294967295,1,5,0.99999910593032837,0,0,0,0.99999906984580089,1.000001041576867,3.732559164492739e-09,0.0013060784940535086,0.0016447853195131756,-0.0007319954761584313,-2.8513371721601289e-06,hold,3.732559164492739e-09,2.141346637211056e-05,2.1775630806862732e-15,0,3.043479182451847e-06,0,0,0,1
14,0.0014999999621068127,0,bent,0.25,0,4294967295,4294967295,1,10,0.99387305974960327,0,0,0,0.99387304656145681,1.0060506638961511,1.6471397319130872e-05,-0.017048954963684082,-0.074872258119285107,-2.5288989897817373,-0.069280608726016754,hold,1.6471397319130872e-05,0.0013990619998373261,7.6959006120983533e-11,0,2.941626007668674e-05,0,0,0,1
14,0.0014999999621068127,1,held_reference,0,0,4294967295,4294967295,1,5,0.99999850988388062,0,0,0,0.99999853915790182,1.0000012568304883,3.732559164492739e-09,0.0013060785404377384,0.0025218668142770184,-0.00073200925448446696,-2.8513527190625615e-06,hold,3.732559164492739e-09,1.9565522554988402e-05,2.6012272321931638e-15,0,2.7476460218167631e-06,0,0,0,1
15,0.0015999999595806003,0,bent,0.25,0,4294967295,4294967295,1,10,0.99383914470672607,0,0,0,0.9938392213825652,1.006023316919282,1.6441917334886885e-05,-0.065838158130645752,-0.077237293124198914,-2.4933328535407782,-0.068504752823659892,hold,1.6441917334886885e-05,0.0016120232468759116,1.0445760610938136e-10,0,2.8280546757741831e-05,0,0,0,1
15,0.0015999999595806003,1,held_reference,0,0,4294967295,4294967295,1,5,0.99999868869781494,0,0,0,0.99999884545144924,1.0000012568304883,3.732559164492739e-09,0.0013060784631306888,0.0016930168440012494,-0.00073201584447701862,-2.8513599281723151e-06,hold,3.732559164492739e-09,1.2219949334877849e-05,1.9274514410674269e-15,0,2.7023036182072246e-06,0,0,0,1
16,0.0016999999570543878,0,bent,0.21875,0,4294967295,4294967295,1,10,0.99470311403274536,0,0,0,0.99470317192552959,1.0057044663234906,1.6125833308796575e-05,0.43608853220939636,-0.059764483943581581,-1.5624331180006266,-0.044980704517115402,unloading,1.6125833308796575e-05,0.012972101148771472,2.9394695192970428e-09,0,8.9769426267594099e-05,0,0,0,1
16,0.0016999999570543878,1,held_reference,0,0,4294967295,4294967295,1,5,0.99999868869781494,0,0,0,0.9999988448105237,1.0000013569628639,3.732559164492739e-09,0.0013060785549896536,0.0025961210758396192,-0.00073202293943808172,-2.8513681236290723e-06,unloading,3.732559164492739e-09,1.8564067620800432e-05,2.1106223909988067e-15,0,3.1331048830907093e-06,0,0,0,1
17,0.0017999999545281753,0,bent,0.1875,0,4294967295,4294967295,1,20,0.99535322189331055,0,0,0,0.99535323680991872,1.0046847272275354,1.4020833090608515e-05,0.3569564837962389,-0.13063651416450739,-1.4748967187479138,-0.035333468353079593,unloading,1.4020833090608515e-05,0.025984868804628844,9.3304310214512483e-09,0,8.4773499111179262e-05,0,0,0,1
17,0.0017999999545281753,1,held_reference,0,0,4294967295,4294967295,1,5,0.99999868869781494,0,0,0,0.99999884536211403,1.000001041576867,3.732559164492739e-09,0.0013060784604022047,0.0026090641976850293,-0.00073202618766288197,-2.8513715610642978e-06,unloading,3.732559164492739e-09,2.1757407378250496e-05,2.4148858467755563e-15,0,2.7778555704571772e-06,0,0,0,1
18,0.0018999999520019628,0,bent,0.15625,0,4294967295,4294967295,1,20,0.9959450364112854,0,0,0,0.99594507047481839,1.0037608624103198,1.2063351817304262e-05,0.47493637353181839,-0.10645049856975675,-1.228503717109561,-0.026186624237091435,unloading,1.2063351817304262e-05,0.024047198020458443,1.0013665572595967e-08,0,9.1016125224996358e-05,0,0,0,1
18,0.0018999999520019628,1,held_reference,0,0,4294967295,4294967295,1,6,0.99999868869781494,0,0,0,0.99999883598001282,1.0000012568304883,3.732559164492739e-09,0.0013060785095149186,0.001793855484947926,-0.00073203455882975277,-2.8513811503216861e-06,unloading,3.732559164492739e-09,2.0296693697451221e-05,2.6416430818275721e-15,0,2.6255740976921516e-06,0,0,0,1
19,0.0019999999494757503,0,bent,0.125,0,4294967295,4294967295,1,20,0.99663645029067993,0,0,0,0.99663637377331549,1.002887480909155,1.0211756402736938e-05,0.53792724013328552,-0.083930840250104666,-0.90568179404363036,-0.016735784157197089,unloading,1.0211756402736938e-05,0.023064670420716617,1.065317982942797e-08,0,9.5754716312512755e-05,0,0,0,1
19,0.0019999999494757503,1,held_reference,0,0,4294967295,4294967295,1,6,0.99999791383743286,0,0,0,0.99999792689860123,1.0000012568304883,3.732559164492739e-09,0.0013060785458947066,0.0027178508189535933,-0.0007320467810103537,-2.8513948959698609e-06,unloading,3.732559164492739e-09,3.0972301019917144e-05,3.2564808012390621e-15,0,2.7937203412875533e-06,0,0,0,1
20,0.0020999999469495378,0,bent,0.09375,0,4294967295,4294967295,1,20,0.99742847681045532,0,0,0,0.99742849137713696,1.0021985539674811,7.9188733781466048e-06,0.10034531354904175,-0.018727964343270287,-0.49449415027629584,-0.010510386626101381,unloading,7.9188733781466048e-06,0.023905077316079333,1.7260429873870887e-08,0,7.5150070188101381e-05,0,0,0,1
20,0.0020999999469495378,1,held_reference,0,0,4294967295,4294967295,1,5,0.99999785423278809,0,0,0,0.99999792086515416,1.0000012568304883,3.732559164492739e-09,0.0013071375597064616,0.0026514668024901766,-0.00073520614554922759,-2.8535177571029639e-06,unloading,3.732559164492739e-09,1.8808946816155548e-05,2.3141651766506468e-15,0,2.8980684874113649e-06,0,0,0,1
21,0.0021999999444233254,0,bent,0.0625,0,4294967295,4294967295,1,20,0.99811965227127075,0,0,0,0.99811971717423909,1.0018052223326714,7.0139659118061304e-06,0.5347469081170857,-0.055774542968720198,-0.14916685968637466,0.0013289995345066204,unloading,7.0139659118061304e-06,0.020821635276274522,8.7843341723490149e-09,0,9.7040508990176022e-05,0,0,0,1
21,0.0021999999444233254,1,held_reference,0,0,4294967295,4294967295,1,5,0.99999785423278809,0,0,0,0.99999791710892194,1.0000012568304883,3.7542813216794977e-09,0.0015947006359056104,0.0025836997047008481,-0.00088655317804864353,-3.5132975212945897e-06,unloading,3.7542813216794977e-09,2.1532764424764387e-05,2.0436395599909371e-15,0,2.8826575544371735e-06,0,0,0,1
22,0.0022999999418971129,0,bent,0.03125,0,4294967295,4294967295,1,30,0.99867856502532959,0,0,0,0.99867852475829055,1.0011682246019591,5.107004655812369e-06,-0.01248796284198761,0.0012418688274919987,0.23288643942214549,0.0067679445386266508,unloading,5.107004655812369e-06,0.024004652948304367,1.8764135920217393e-08,0,7.8940778621472418e-05,0,0,0,1
22,0.0022999999418971129,1,held_reference,0,0,4294967295,4294967295,1,6,0.99999785423278809,0,0,0,0.99999791522130288,1.0000012568304883,3.732559164492739e-09,0.0017051002369043999,0.0025613976249587722,-0.00095516861352251681,-3.7341072147683009e-06,unloading,3.732559164492739e-09,2.0431418405444509e-05,2.9722317781402421e-15,0,3.1439756185136503e-06,0,0,0,1
23,0.0023999999393709004,0,bent,0,0,4294967295,4294967295,1,20,0.99819368124008179,0,0,0,0.99819353828991464,1.0009834999985203,4.2433064079695568e-06,0.56443314626812935,-0.021624566055834293,0.53686084086075425,0.018569087572395799,unloading,4.2433064079695568e-06,0.020531546250320547,9.0588200802473794e-09,0,9.8480079032015055e-05,0,0,0,1
23,0.0023999999393709004,1,held_reference,0,0,4294967295,4294967295,1,5,0.99999785423278809,0,0,0,0.99999790876160854,1.0000012640652924,3.732559164492739e-09,0.001307137543335557,0.0025461221666773781,-0.00073522248798241208,-2.853536090697162e-06,unloading,3.732559164492739e-09,2.8033515188215579e-05,2.7018586822520594e-15,0,3.5555895010475069e-06,0,0,0,1
24,0.0024999999368446879,0,bent,0,0,4294967295,4294967295,1,10,0.99918544292449951,0,0,0,0.99918544190522962,1.0008170446961258,3.4982568588237908e-06,0.086791776120662689,-0.009703868068754673,0.52045281603932381,0.013917262785136698,relaxation,3.4982568588237908e-06,0.0083137032086593801,1.4491987135335902e-09,0,7.3655988671816885e-05,0,0,0,1
24,0.0024999999368446879,1,held_reference,0,0,4294967295,4294967295,1,5,0.99999779462814331,0,0,0,0.99999784807523284,1.0000012568304883,5.5879354476928711e-09,0.0015947007482282061,0.0025059220643015578,-0.00088658321640622262,-3.513331625299544e-06,relaxation,5.5879354476928711e-09,3.127606423308828e-05,3.0769403571629448e-15,0,2.859152573364554e-06,0,0,0,1
25,0.0025999999343184754,0,bent,0,0,4294967295,4294967295,1,10,0.99924886226654053,0,0,0,0.99924884254812552,1.0006998490386281,3.169465732977632e-06,0.18334323912858963,0.010795534355565906,0.40741324308328331,0.011530984215438364,relaxation,3.169465732977632e-06,0.0034654711212429058,4.1656765357363243e-10,0,6.0412352468119934e-05,0,0,0,1
25,0.0025999999343184754,1,held_reference,0,0,4294967295,4294967295,1,6,0.99999749660491943,0,0,0,0.99999768799997291,1.0000012568304883,3.7542813216794977e-09,0.0017060121135727968,0.0026263331601512618,-0.0009576995082625217,-3.7359656507760529e-06,relaxation,3.7542813216794977e-09,2.25367587607298e-05,2.7989592203600067e-15,0,2.7585908810578985e-06,0,0,0,1
26,0.0026999999317922629,0,bent,0,0,4294967295,4294967295,1,10,0.99938702583312988,0,0,0,0.99938700367426569,1.0005570673925486,2.6472802920990043e-06,0.10570920258760452,0.012849254067987204,0.37929736496880651,0.008211637444794178,relaxation,2.6472802920990043e-06,0.0060022749274169385,9.809182534108557e-10,0,4.846415322390385e-05,0,0,0,1
26,0.0026999999317922629,1,held_reference,0,0,4294967295,4294967295,1,6,0.99999785423278809,0,0,0,0.99999791913340619,1.000001350318066,3.732559164492739e-09,0.0018099321787303779,0.0062456598607241176,-0.0010096774772314632,-3.9542056483696803e-06,relaxation,3.732559164492739e-09,2.0695314385739329e-05,3.0878386969771003e-15,0,3.039690227524261e-06,0,0,0,1
27,0.0027999999292660505,0,bent,0,0,4294967295,4294967295,1,10,0.99935942888259888,0,0,0,0.99935941975073517,1.0004762280217223,2.4828280813771142e-06,0.058729447424411774,0.027136111631989479,0.33928413223475218,0.0073065870236605421,relaxation,2.4828280813771142e-06,0.0018971468368825734,1.2451015651480964e-10,0,4.0917733713285998e-05,0,0,0,1
27,0.0027999999292660505,1,held_reference,0,0,4294967295,4294967295,1,5,0.99999797344207764,0,0,0,0.99999801176259517,1.0000012568304883,3.732559164492739e-09,0.0013508987140085083,0.001880244402855169,-0.00076048224961056121,-2.9410878814815078e-06,relaxation,3.732559164492739e-09,2.1121893367766543e-05,2.5579954150615471e-15,0,2.7683606731443433e-06,0,0,0,1
28,0.002899999926739838,0,bent,0,0,4294967295,4294967295,1,10,0.9993625283241272,0,0,0,0.99936248463112742,1.0004197636671717,2.178389233691236e-06,0.11311570927500725,0.0055718704243190587,0.30133696389384568,0.0052780023803934454,relaxation,2.178389233691236e-06,0.003775574216031845,4.3203970751610001e-10,0,3.4536711609689519e-05,0,0,0,1
28,0.002899999926739838,1,held_reference,0,0,4294967295,4294967295,1,6,0.99999791383743286,0,0,0,0.99999793527088698,1.0000013577414171,3.732559164492739e-09,0.0020155107740720268,0.0062737054759054445,-0.0011284633384036624,-4.3930238016400837e-06,relaxation,3.732559164492739e-09,2.061039069526726e-05,2.6560395554491278e-15,0,3.5733260119741317e-06,0,0,0,1
29,0.0029999999242136255,0,bent,0,0,4294967295,4294967295,1,10,0.99935942888259888,0,0,0,0.99935941975073517,1.0003910544987331,2.0766916787839138e-06,0.018659047782421112,0.016399207874201238,0.31520118517801166,0.0049751078989356753,relaxation,2.0766916787839138e-06,0.0011829028659587305,4.7184089438641077e-11,0,3.0351082386914641e-05,0,0,0,1
29,0.0029999999242136255,1,held_reference,0,0,4294967295,4294967295,1,5,0.99999797344207764,0,0,0,0.99999801076485584,1.0000012568304883,3.7542813216794977e-09,0.0013514190868590958,0.00076495190296554938,-0.00075734614252809251,-2.9429397682179116e-06,relaxation,3.7542813216794977e-09,2.6180483620036857e-05,3.0056671469684118e-15,0,2.8722295155603206e-06,0,0,0,1
30,0.003099999921687413,0,bent,0,0,4294967295,4294967295,1,10,0.99936556816101074,0,0,0,0.99936554951151968,1.0004092891842966,1.8869437141779896e-06,0.086225610226392746,0.0061950486851856112,0.27021703298669308,0.0037244719779118895,relaxation,1.8869437141779896e-06,0.0022972237703159566,1.6068959616633632e-10,0,2.5749604901648127e-05,0,0,0,1
30,0.003099999921687413,1,held_reference,0,0,4294967295,4294967295,1,6,0.99999791383743286,0,0,0,0.99999793677247606,1.0000012568304883,3.732559164492739e-09,0.0011298983704364218,0.0021836189043824561,-0.00062275243261922242,-2.5103200557623499e-06,relaxation,3.732559164492739e-09,2.0771474434542733e-05,2.886748551915236e-15,0,3.3102812722063391e-06,0,0,0,1
31,0.0031999999191612005,0,bent,0,0,4294967295,4294967295,1,10,0.99937170743942261,0,0,0,0.9993716792723043,1.0003883703291083,1.8202683043292353e-06,0.014135693199932575,0.01592047541453212,0.2794435303658247,0.0036704898767638953,relaxation,1.8202683043292353e-06,0.00079621589884832766,2.0703910244767702e-11,0,2.2411217287299223e-05,0,0,0,1
31,0.0031999999191612005,1,held_reference,0,0,4294967295,4294967295,1,5,0.99999797344207764,0,0,0,0.99999802057744536,1.0000012568304883,3.732559164492739e-09,0.0011182376106262382,0.0018757966245175339,-0.00062927115217803475,-2.4214611773913933e-06,relaxation,3.732559164492739e-09,2.6626456053245717e-05,3.0941311356946936e-15,0,2.9972688935231417e-06,0,0,0,1
32,0.003299999916634988,0,bent,0,0,4294967295,4294967295,1,10,0.99938088655471802,0,0,0,0.99938087391348107,1.0003913407471576,1.717958981336788e-06,0.087108362466096878,0.010618806350976229,0.25901957647874951,0.0029851002367213362,relaxation,1.717958981336788e-06,0.0012179901011460975,4.715705592734268e-11,0,2.2286971216090024e-05,0,0,0,1
32,0.003299999916634988,1,held_reference,0,0,4294967295,4294967295,1,6,0.99999791383743286,0,0,0,0.99999793449336449,1.0000013252773996,3.732559164492739e-09,0.0017066796926883399,0.002359936319408007,-0.00095527220642566135,-3.7381724027909523e-06,relaxation,3.732559164492739e-09,1.9955537626626823e-05,3.0818965979739544e-15,0,3.6774406453332631e-06,0,0,0,1
33,0.0033999999141087756,0,bent,0,0,4294967295,4294967295,1,10,0.99938702583312988,0,0,0,0.99938700367426569,1.000385400472394,1.7062024210243732e-06,0.034785715863108635,0.014847733604256064,0.25790431490167975,0.002738052866887301,relaxation,1.7062024210243732e-06,0.00061088244160395402,1.2613126509923766e-11,0,2.1489553546416573e-05,0,0,0,1
33,0.0033999999141087756,1,held_reference,0,0,4294967295,4294967295,1,5,0.99999797344207764,0,0,0,0.99999801672503674,1.0000012568304883,3.7542813216794977e-09,0.0011182375906173547,0.0023012694291537628,-0.00062929120470300859,-2.4214837110321241e-06,relaxation,3.7542813216794977e-09,2.5545357300119894e-05,3.5413502146378077e-15,0,2.8123702122684335e-06,0,0,0,1
34,0.0034999999115825631,0,bent,0,0,4294967295,4294967295,1,10,0.99939316511154175,0,0,0,0.99939313343505021,1.0003871653688694,1.7029524405882802e-06,0.04403720423579216,0.0201251836551819,0.23958613816648722,0.0024245108412578706,relaxation,1.7029524405882802e-06,0.00068162829353444912,1.5653854155793433e-11,0,2.003723056986928e-05,0,0,0,1
34,0.0034999999115825631,1,held_reference,0,0,4294967295,4294967295,1,6,0.99999791383743286,0,0,0,0.99999794989465296,1.0000012568304883,3.732559164492739e-09,0.001707591557988053,0.0023155707240221091,-0.00095778978482741195,-3.7400158387299605e-06,relaxation,3.732559164492739e-09,2.0549111226246261e-05,2.5673420597694945e-15,0,3.0104563393251738e-06,0,0,0,1
35,0.0035999999090563506,0,bent,0,0,4294967295,4294967295,1,10,0.99940234422683716,0,0,0,0.99940232807622709,1.0003722890325557,1.700070755658524e-06,0.060854163020849228,0.0048554560416960157,0.252903345040977,0.0023766476241871715,relaxation,1.700070755658524e-06,0.00045640513807620201,7.3423083253310236e-12,0,1.7823118469095789e-05,0,0,0,1
35,0.0035999999090563506,1,held_reference,0,0,4294967295,4294967295,1,5,0.99999797344207764,0,0,0,0.99999803471514037,1.0000012568304883,3.732559164492739e-09,0.001782536282462388,0.0014323435534606688,-0.00098810743554622604,-3.9729035754589865e-06,relaxation,3.732559164492739e-09,2.2812393000932213e-05,2.3181785872416133e-15,0,2.8554675282066455e-06,0,0,0,1
36,0.0036999999065301381,0,bent,0,0,4294967295,4294967295,1,10,0.99940848350524902,0,0,0,0.9994084578370116,1.000373240718236,1.6959036643809638e-06,0.033385626971721649,0.011938468524022028,0.23863428412005305,0.0020009446237236267,relaxation,1.6959036643809638e-06,0.00049636463557940118,9.0488067434830751e-12,0,1.71620849869214e-05,0,0,0,1
36,0.0036999999065301381,1,held_reference,0,0,4294967295,4294967295,1,7,0.99999791383743286,0,0,0,0.9999979672724687,1.0000013586759078,3.7366416877377858e-09,0.0021087052809889428,0.0024037451003096066,-0.0011808977026319667,-4.6252496103988961e-06,relaxation,3.7366416877377858e-09,3.0599461039718965e-05,3.7391979332768707e-15,0,3.6471153634920483e-06,0,0,0,1
37,0.0037999999040039256,0,bent,0,0,4294967295,4294967295,1,10,0.99941766262054443,0,0,0,0.99941765247818848,1.0003666614629145,1.6918818109097093e-06,0.029748951084911823,0.0077838850556872785,0.23704636702314019,0.0020091053929645565,relaxation,1.6918818109097093e-06,0.00038502301156327764,5.5192541310953686e-12,0,1.9935798263759352e-05,0,0,0,1
37,0.0037999999040039256,1,held_reference,0,0,4294967295,4294967295,1,5,0.99999797344207764,0,0,0,0.99999803322537095,1.0000012631364414,3.7542813216794977e-09,0.0019204081690986641,0.0015146755467867479,-0.0010824851695261373,-4.1941008862522729e-06,relaxation,3.7542813216794977e-09,2.2306392531087373e-05,4.0490938811439412e-15,0,3.0728256206202786e-06,0,0,0,1
38,0.0038999999014777131,0,bent,0,0,4294967295,4294967295,1,10,0.9994238018989563,0,0,0,0.9994237822389731,1.0003647515612644,1.6878921370337559e-06,0.061416590586304665,0.013502097688615322,0.23263584170490503,0.0019281053100712595,relaxation,1.6878921370337559e-06,0.0003286775765725243,3.8887803173847573e-12,0,1.8434137018630281e-05,0,0,0,1
38,0.0038999999014777131,1,held_reference,0,0,4294967295,4294967295,1,6,0.99999791383743286,0,0,0,0.99999796327752266,1.0000012568304883,3.732559164492739e-09,0.0017092682146540028,0.0023936332836456131,-0.00096214823833662422,-3.7433841675920119e-06,relaxation,3.732559164492739e-09,2.4050313752657483e-05,3.1640830240396145e-15,0,3.3064145554817514e-06,0,0,0,1
39,0.0039999998989515007,0,bent,0,0,4294967295,4294967295,1,10,0.99942994117736816,0,0,0,0.99942991199975761,1.0003615665437824,1.683568379337121e-06,0.010464657098054886,0.0094995477702468634,0.23370168497785926,0.0018208243669942024,relaxation,1.683568379337121e-06,0.00029602003398975939,3.4293029302719036e-12,0,1.7682279576547444e-05,0,0,0,1
39,0.0039999998989515007,1,held_reference,0,0,4294967295,4294967295,1,5,0.99999809265136719,0,0,0,0.99999811648474757,1.0000012568304883,3.7366416877377858e-09,0.0015202168251562398,0.001537892923806794,-0.00085849674090354711,-3.3099959441642577e-06,relaxation,3.7366416877377858e-09,2.8869770200755513e-05,2.7991841279584168e-15,0,3.2261871183436597e-06,0,0,0,1
40,0.0040999998964252882,0,bent,0,0,4294967295,4294967295,1,10,0.99943608045578003,0,0,0,0.99943604176054213,1.0003591272943295,1.679597995670005e-06,0.00011865259148180485,0.010300915804691613,0.23726590280421078,0.001768633381521795,relaxation,1.679597995670005e-06,0.00023418856837485662,2.2803966303145053e-12,0,1.6773754396126606e-05,0,0,0,1
40,0.0040999998964252882,1,held_reference,0,0,4294967295,4294967295,1,6,0.99999803304672241,0,0,0,0.99999805139372377,1.0000013568541894,3.732559164492739e-09,0.0021056673722341657,0.0024206656889873557,-0.0011798404368619231,-4.6186789440980646e-06,relaxation,3.732559164492739e-09,2.4360946800222425e-05,3.1593059010999616e-15,0,2.8688325528491987e-06,0,0,0,1
41,0.0041999998938990757,0,bent,0,0,4294967295,4294967295,1,10,0.99944221973419189,0,0,0,0.99944217152132675,1.0003529578665118,1.6753457226659546e-06,0.044434200972318649,0.0054455296485684812,0.21672229701653123,0.0015340003659948707,relaxation,1.6753457226659546e-06,0.00022194572044410054,2.0488100156772436e-12,0,1.8856595488614403e-05,0,0,0,1
41,0.0041999998938990757,1,held_reference,0,0,4294967295,4294967295,1,5,0.99999797344207764,0,0,0,0.99999803384975072,1.0000012622348782,3.7542813216794977e-09,0.0017092682073780452,0.0015514572442043573,-0.00096214653488146951,-3.7433822963066634e-06,relaxation,3.7542813216794977e-09,1.9491307673460314e-05,2.6053735022697936e-15,0,2.6687325771490578e-06,0,0,0,1
42,0.0042999998913728632,0,bent,0,0,4294967295,4294967295,1,10,0.99944525957107544,0,0,0,0.99944523640171901,1.000353726446866,1.6717617737117154e-06,0.030091207474470139,0.0050604785501491278,0.22266681818291545,0.0015605398444458842,relaxation,1.6717617737117154e-06,0.00016775436340817559,1.2281062716336861e-12,0,1.8980646927957423e-05,0,0,0,1
42,0.0042999998913728632,1,held_reference,0,0,4294967295,4294967295,1,6,0.99999803304672241,0,0,0,0.99999804359632771,1.0000012568304883,3.732559164492739e-09,0.0017075914920496871,0.0024439470071229152,-0.00095782125507071214,-3.7400511209852998e-06,relaxation,3.732559164492739e-09,2.392124671346343e-05,2.4206518510986399e-15,0,2.4499934170307824e-06,0,0,0,1
43,0.0043999998888466507,0,bent,0,0,4294967295,4294967295,1,10,0.9994513988494873,0,0,0,0.99945136616250363,1.0003484470259616,1.66783305332766e-06,-0.0082605853676795959,0.01033379475120455,0.21692868112586439,0.0014285064376890657,relaxation,1.66783305332766e-06,0.00017230450257427131,1.2696663835213213e-12,0,1.7018879589159042e-05,0,0,0,1
43,0.0043999998888466507,1,held_reference,0,0,4294967295,4294967295,1,7,0.99999797344207764,0,0,0,0.99999803114749974,1.0000012568304883,3.7366416877377858e-09,0.0017815363853515009,0.0015286916896002367,-0.00098601776913298522,-3.9709295447210037e-06,relaxation,3.7366416877377858e-09,2.1265876362150458e-05,2.5992407954931748e-15,0,2.7496537313709268e-06,0,0,0,1
44,0.0044999998863204382,0,bent,0,0,4294967295,4294967295,1,10,0.99945443868637085,0,0,0,0.99945443104289589,1.000348012195877,1.6636727373661287e-06,0.017250239849090576,0.0078873336897231638,0.21859899326227605,0.0013582461290061474,relaxation,1.6636727373661287e-06,0.00017354819433773087,1.2119892856856403e-12,0,1.6052725186455064e-05,0,0,0,1
44,0.0044999998863204382,1,held_reference,0,0,4294967295,4294967295,1,6,0.99999803304672241,0,0,0,0.99999804165920236,1.0000012568304883,3.732559164492739e-09,0.001707591532067454,0.0024893848039937438,-0.00095782252793696898,-3.7400526111923685e-06,relaxation,3.732559164492739e-09,2.4577960095517108e-05,2.8408888870156324e-15,0,3.2662394460203359e-06,0,0,0,1
45,0.0045999998837942258,0,bent,0,0,4294967295,4294967295,1,10,0.99946057796478271,0,0,0,0.9994605608036804,1.000342402266722,1.6594725200173523e-06,0.048000950366258621,0.0092977175809210166,0.20784316211938858,0.0012876489581540229,relaxation,1.6594725200173523e-06,0.0001680025720743665,1.0943942136779231e-12,0,1.5552896002191119e-05,0,0,0,1
45,0.0045999998837942258,1,held_reference,0,0,4294967295,4294967295,1,5,0.99999803304672241,0,0,0,0.99999804307518347,1.0000012568304883,3.7542813216794977e-09,0.0018115117745765019,0.0066134777807747014,-0.0010097909649857684,-3.9582823205819304e-06,relaxation,3.7542813216794977e-09,2.1854670094360484e-05,3.0328404112016053e-15,0,2.9083334993629251e-06,0,0,0,1
46,0.0046999998812680133,0,bent,0,0,4294967295,4294967295,1,10,0.99946671724319458,0,0,0,0.99946669056446502,1.0003345113676974,1.6550426814287543e-06,0.034903625026345253,0.0080543715494059143,0.21351726213470101,0.0013133658678270879,relaxation,1.6550426814287543e-06,0.00016533238502054672,1.040171848687947e-12,0,2.0789580958080478e-05,0,0,0,1
46,0.0046999998812680133,1,held_reference,0,0,4294967295,4294967295,1,6,0.99999803304672241,0,0,0,0.99999804475976928,1.0000013979956699,3.7366416877377858e-09,0.0010532982560107484,-0.0018367872239650751,-0.00059013635831561828,-2.3260140728780243e-06,relaxation,3.7366416877377858e-09,2.2636156264211973e-05,3.1738630318990423e-15,0,2.7680043785949238e-06,0,0,0,1
47,0.0047999998787418008,0,bent,0,0,4294967295,4294967295,1,10,0.9994698166847229,0,0,0,0.99946975544485728,1.0003408597754717,1.6511301670554432e-06,0.032033506780862808,0.0088134627731051296,0.20384056121110916,0.0012502466859295968,relaxation,1.6511301670554432e-06,0.00014004435693283881,7.063213791068179e-13,0,1.7188796846312471e-05,0,0,0,1
47,0.0047999998787418008,1,held_reference,0,0,4294967295,4294967295,1,6,0.99999797344207764,0,0,0,0.99999803874292958,1.0000012568304883,3.7366416877377858e-09,0.0020155106503807474,0.0040087497723106935,-0.001128571856419569,-4.3931455998063028e-06,relaxation,3.7366416877377858e-09,2.8675844506813702e-05,2.9954582301317546e-15,0,2.7327512270858278e-06,0,0,0,1
48,0.0048999998762155883,0,bent,0,0,4294967295,4294967295,1,10,0.99947589635848999,0,0,0,0.9994758852056419,1.0003355148595927,1.6472715788704167e-06,0.024812838062644005,0.0029963631532154977,0.20676374272443354,0.0012696269652806222,relaxation,1.6472715788704167e-06,0.00013399690218588597,6.2276166049305063e-13,0,1.7255311831831932e-05,0,0,0,1
48,0.0048999998762155883,1,held_reference,0,0,4294967295,4294967295,1,7,0.99999797344207764,0,0,0,0.99999803787389696,1.0000012568304883,3.732559164492739e-09,0.0013478449527610792,0.0022615558191318996,-0.00075436634633518906,-2.9463080622917913e-06,relaxation,3.732559164492739e-09,2.1539893307661355e-05,3.3971039038489845e-15,0,3.1965623747964855e-06,0,0,0,1
49,0.0049999998736893758,0,bent,0,0,4294967295,4294967295,1,10,0.99947899580001831,0,0,0,0.99947895008603416,1.0003337399672261,1.643572473837351e-06,0.035104267299175262,0.0028362498851493001,0.19929446186870337,0.0012465563099831344,relaxation,1.643572473837351e-06,0.00012183346494806728,5.1727778406895724e-13,0,1.5978446754161268e-05,0,0,0,1
49,0.0049999998736893758,1,held_reference,0,0,4294967295,4294967295,1,5,0.99999803304672241,0,0,0,0.99999804725053254,1.0000012568304883,3.7542813216794977e-09,0.0013087170518701896,0.002620208348162123,-0.00073537827919523124,-2.8576601603163004e-06,relaxation,3.7542813216794977e-09,1.9307653842867469e-05,2.8872628735655339e-15,0,2.6899415388470516e-06,0,0,0,1
50,0.0050999998711631633,0,bent,0,0,4294967295,4294967295,1,10,0.99948203563690186,0,0,0,0.99948201496642641,1.0003320286060984,1.6397606978867611e-06,0.0020144190639257431,0.0035204961895942688,0.19104152405634522,0.0011023099436424672,relaxation,1.6397606978867611e-06,0.00012191537087574299,5.0814458159248944e-13,0,1.7074535207939334e-05,0,0,0,1
50,0.0050999998711631633,1,held_reference,0,0,4294967295,4294967295,1,6,0.99999803304672241,0,0,0,0.99999804688234928,1.0000013572599153,3.7416253890814717e-09,0.0016898795092856744,0.0026048131235256733,-0.00093689741810720761,-3.7315013614716012e-06,relaxation,3.7416253890814717e-09,2.0717550820798402e-05,2.6772119109513635e-15,0,2.7815235625894275e-06,0,0,0,1
51,0.0051999998686369509,0,bent,0,0,4294967295,4294967295,1,10,0.99948513507843018,0,0,0,0.99948507984681867,1.0003246916479587,1.6360221645388866e-06,0.011979890055954456,0.00076091621303930879,0.20189366128761321,0.0010724653133656831,relaxation,1.6360221645388866e-06,0.00011592233056393711,4.5102995767599084e-13,0,1.6898755347938277e-05,0,0,0,1
51,0.0051999998686369509,1,held_reference,0,0,4294967295,4294967295,1,6,0.99999797344207764,0,0,0,0.99999803387695252,1.000001262012528,3.732559164492739e-09,0.0017066797263396438,0.0025908272099286478,-0.00095534756061610437,-3.7382572354545131e-06,relaxation,3.732559164492739e-09,1.9891908854878827e-05,2.6869977865954034e-15,0,3.0693020107719349e-06,0,0,0,1
52,0.0052999998661107384,0,bent,0,0,4294967295,4294967295,1,10,0.99949127435684204,0,0,0,0.99949120960760329,1.000322851020349,1.6322353942927302e-06,0.0063108690083026886,0.00063399429200217128,0.20321601396426558,0.0010863959277048708,relaxation,1.6322353942927302e-06,0.00011650879373746757,4.3277802813767339e-13,0,1.8977472791448236e-05,0,0,0,1
52,0.0052999998661107384,1,held_reference,0,0,4294967295,4294967295,1,6,0.99999791383743286,0,0,0,0.99999795793975643,1.0000012568304883,3.7366416877377858e-09,0.0013076579762127949,0.0025276292549278878,-0.00073224313269548702,-2.8555644057632899e-06,relaxation,3.7366416877377858e-09,1.9838036556897035e-05,2.9079195903003195e-15,0,3.3884830372699071e-06,0,0,0,1
53,0.0053999998635845259,0,bent,0,0,4294967295,4294967295,1,10,0.99949431419372559,0,0,0,0.99949427448799555,1.0003205890275495,1.6286038859650585e-06,0.013337468728423119,0.0029362785280682147,0.19777574623003602,0.00107052395446226,relaxation,1.6286038859650585e-06,0.00010529146581128247,3.6252209391590808e-13,0,1.7358301192871295e-05,0,0,0,1
53,0.0053999998635845259,1,held_reference,0,0,4294967295,4294967295,1,6,0.99999797344207764,0,0,0,0.99999802853876163,1.0000013978074451,3.7542813216794977e-09,0.0013076579907647101,0.0025626839969845605,-0.00073225125937526059,-2.8555735666486725e-06,relaxation,3.7542813216794977e-09,2.8904302486302665e-05,3.8432866339651375e-15,0,2.9727500532317208e-06,0,0,0,1
54,0.0054999998610583134,0,bent,0,0,4294967295,4294967295,1,10,0.99949735403060913,0,0,0,0.9994973393683878,1.0003185494883089,1.6250904546288606e-06,0.015999063849449158,0.0014486138243228197,0.1948905405588448,0.0010639419388026,relaxation,1.6250904546288606e-06,9.7821300953185574e-05,3.2353379761171567e-13,0,1.6175250493688509e-05,0,0,0,1
54,0.0054999998610583134,1,held_reference,0,0,4294967295,4294967295,1,6,0.99999797344207764,0,0,0,0.99999801531781607,1.0000012568304883,3.732559164492739e-09,0.0013102753946441226,0.0025484948255325435,-0.00073767444646932745,-2.8608174707187577e-06,relaxation,3.732559164492739e-09,2.4018453206856317e-05,3.6337822337168665e-15,0,2.6560080641502282e-06,0,0,0,1
55,0.0055999998585321009,0,bent,0,0,4294967295,4294967295,1,10,0.99950045347213745,0,0,0,0.99950040424878006,1.0003167514444298,1.6214632981051334e-06,0.01822216622531414,0.0072664062608964741,0.19225466530770063,0.0010583059391938152,relaxation,1.6214632981051334e-06,9.833923307319812e-05,3.1791247749337846e-13,0,1.5702369637438096e-05,0,0,0,1
55,0.0055999998585321009,1,held_reference,0,0,4294967295,4294967295,1,7,0.99999797344207764,0,0,0,0.99999800702013264,1.0000016819684301,3.732559164492739e-09,0.001091472116058867,0.0025544294985593297,-0.00060427945684082829,-2.4236138979176762e-06,relaxation,3.732559164492739e-09,2.1273381068391565e-05,3.0318579773409738e-15,0,3.2001080398913473e-06,0,0,0,1
