step,environment,commanded_end_travel_m,commanded_speed_m_s,punch_force_z_N,punch_contact_count,min_end_punch_node_gap_m,min_anvil_node_gap_m,step_accepted
0,0,1.5625000000000001e-06,-0.0625,0,0,8.4375736121197449e-06,1.0000000000000026e-05,1
0,1,0,-0,0,0,1.0000073612118814e-05,1.0000000000000026e-05,1
1,0,3.1250000000000001e-06,-0.0625,0,0,6.875073612120676e-06,1.0000000000000026e-05,1
1,1,0,-0,0,0,1.0000073612118814e-05,1.0000000000000026e-05,1
2,0,4.6875000000000004e-06,-0.062500000000000014,0,0,5.3125736121208481e-06,1.0000000000000026e-05,1
2,1,0,-0,0,0,1.0000073612118814e-05,1.0000000000000026e-05,1
3,0,6.2500000000000003e-06,-0.062499999999999993,0,0,3.7500736121217791e-06,1.0000000000000026e-05,1
3,1,0,-0,0,0,1.0000073612118814e-05,1.0000000000000026e-05,1
4,0,7.8125000000000002e-06,-0.062499999999999993,0,2,2.1875736121228185e-06,1.0000000000000026e-05,1
4,1,0,-0,0,0,1.0000073612118814e-05,1.0000000000000026e-05,1
5,0,9.3750000000000009e-06,-0.062500000000000028,0.20348421062588154,2,1.2411435082515304e-06,9.9965256856082881e-06,1
5,1,0,-0,0,0,1.0000073612118814e-05,1.0000000000000026e-05,1
6,0,1.09375e-05,-0.062499999999999958,0.2630892116099548,2,1.0220763355796129e-06,9.9826071714892613e-06,1
6,1,0,-0,0,0,1.0000073612118814e-05,1.0000000000000026e-05,1
7,0,1.2500000000000001e-05,-0.062500000000000028,0.27327710776311953,2,9.9346463403331055e-07,9.9623391602199525e-06,1
7,1,0,-0,0,0,1.0000073612118814e-05,1.0000000000000026e-05,1
8,0,1.4062500000000001e-05,-0.062500000000000028,0.28894286335860397,2,9.5693667254311259e-07,9.942856206303103e-06,1
8,1,0,-0,0,0,1.0000073612118814e-05,1.0000000000000026e-05,1
9,0,1.5625e-05,-0.062499999999999958,0.30157689104871654,2,9.2273704017291434e-07,9.9210725789567085e-06,1
9,1,0,-0,0,0,1.0000073612118814e-05,1.0000000000000026e-05,1
10,0,1.7187500000000001e-05,-0.062500000000000028,0.30224896217556957,2,9.1927103007972272e-07,9.8970573997781038e-06,1
10,1,0,-0,0,0,1.0000073612118814e-05,1.0000000000000026e-05,1
11,0,1.8750000000000002e-05,-0.062500000000000028,0.30085206013288079,2,9.1999597157186707e-07,9.8689890077230565e-06,1
11,1,0,-0,0,0,1.0000073612118814e-05,1.0000000000000026e-05,1
12,0,2.0312500000000002e-05,-0.062500000000000028,0.30559713058052318,2,9.1420165504148623e-07,9.8376651575427139e-06,1
12,1,0,-0,0,0,1.0000073612118814e-05,1.0000000000000026e-05,1
13,0,2.1875e-05,-0.062499999999999889,0.30904985449903394,2,9.1259829009730873e-07,9.8015642006521637e-06,1
13,1,0,-0,0,0,1.0000073612118814e-05,1.0000000000000026e-05,1
14,0,2.34375e-05,-0.062500000000000028,0.3143886885777285,2,9.044756671314734e-07,9.761831148248374e-06,1
14,1,0,-0,0,0,1.0000073612118814e-05,1.0000000000000026e-05,1
15,0,2.5000000000000001e-05,-0.062500000000000028,0.31410333460783862,2,9.1870478595434957e-07,9.7131758675550635e-06,1
15,1,0,-0,0,0,1.0000073612118814e-05,1.0000000000000026e-05,1
16,0,2.6562500000000002e-05,-0.062500000000000028,0.32125101726984961,2,9.1337610802824914e-07,9.6520073182182649e-06,1
16,1,0,-0,0,0,1.0000073612118814e-05,1.0000000000000026e-05,1
17,0,2.8125000000000003e-05,-0.062500000000000028,0.32881704931535055,2,9.010625154118844e-07,9.5892704305333872e-06,1
17,1,0,-0,0,0,1.0000073612118814e-05,1.0000000000000026e-05,1
18,0,2.96875e-05,-0.062499999999999889,0.33048620860389283,2,8.9852780562650614e-07,9.5178696394760016e-06,1
18,1,0,-0,0,0,1.0000073612118814e-05,1.0000000000000026e-05,1
19,0,3.1250000000000001e-05,-0.062500000000000028,0.33189266943613871,2,8.9599311810760474e-07,9.4355375747545885e-06,1
19,1,0,-0,0,0,1.0000073612118814e-05,1.0000000000000026e-05,1
20,0,3.2812500000000005e-05,-0.062500000000000167,0.33463985282192565,2,8.9532107573793429e-07,9.3270884601770639e-06,1
20,1,0,-0,0,0,1.0000073612118814e-05,1.0000000000000026e-05,1
21,0,3.4375000000000002e-05,-0.062499999999999889,0.3406466653012119,2,8.867327872813394e-07,9.2044239434108284e-06,1
21,1,0,-0,0,0,1.0000073612118814e-05,1.0000000000000026e-05,1
22,0,3.5937499999999999e-05,-0.062499999999999889,0.34608842689790631,2,8.7767884594206359e-07,9.0814249031245971e-06,1
22,1,0,-0,0,0,1.0000073612118814e-05,1.0000000000000026e-05,1
23,0,3.7500000000000003e-05,-0.062500000000000167,0.3511595875841601,2,8.6862490040085383e-07,8.9628547609754868e-06,1
23,1,0,-0,0,0,1.0000073612118814e-05,1.0000000000000026e-05,1
24,0,3.9062500000000001e-05,-0.062499999999999889,0.35675243444452975,2,8.5910528936953504e-07,8.8512611253100011e-06,1
24,1,0,-0,0,0,1.0000073612118814e-05,1.0000000000000026e-05,1
25,0,4.0625000000000005e-05,-0.062500000000000167,0.3618269602612651,2,8.5098266640294077e-07,8.7466266020419688e-06,1
25,1,0,-0,0,0,1.0000073612118814e-05,1.0000000000000026e-05,1
26,0,4.2187500000000002e-05,-0.062499999999999889,0.36693644705521977,2,8.4332570514139733e-07,8.6431238312434551e-06,1
26,1,0,-0,0,0,1.0000073612118814e-05,1.0000000000000026e-05,1
27,0,4.375e-05,-0.062499999999999889,0.3716611448210278,2,8.3520308595931916e-07,8.5424832402714208e-06,1
27,1,0,-0,0,0,1.0000073612118814e-05,1.0000000000000026e-05,1
28,0,4.5312500000000004e-05,-0.062500000000000167,0.37690667383591042,2,8.2801178556734037e-07,8.4476418148915662e-06,1
28,1,0,-0,0,0,1.0000073612118814e-05,1.0000000000000026e-05,1
29,0,4.6875000000000001e-05,-0.062499999999999889,0.38169674608253334,2,8.1988916260085452e-07,8.3542890049648384e-06,1
29,1,0,-0,0,0,1.0000073612118814e-05,1.0000000000000026e-05,1
30,0,4.8437500000000005e-05,-0.062500000000000167,0.3861467036818893,2,8.1409484607069052e-07,8.2642682425648935e-06,1
30,1,0,-0,0,0,1.0000073612118814e-05,1.0000000000000026e-05,1
31,0,5.0000000000000002e-05,-0.062499999999999889,0.39070316311351333,2,8.0690354567882015e-07,8.1774303705606406e-06,1
31,1,0,-0,0,0,1.0000073612118814e-05,1.0000000000000026e-05,1
32,0,5.0000000000000002e-05,-0,0.33786828624636611,2,8.7535575491262414e-07,8.1714576051672601e-06,1
32,1,0,-0,0,0,1.0000073612118814e-05,1.0000000000000026e-05,1
33,0,5.0000000000000002e-05,-0,0.33415440091764381,2,8.8187501293493249e-07,8.1703224420926097e-06,1
33,1,0,-0,0,0,1.0000073612118814e-05,1.0000000000000026e-05,1
34,0,5.0000000000000002e-05,-0,0.3293953242512403,2,8.8932559353185631e-07,8.1690015147251223e-06,1
34,1,0,-0,0,0,1.0000073612118814e-05,1.0000000000000026e-05,1
35,0,5.0000000000000002e-05,-0,0.324999045030539,2,8.963105086386711e-07,8.1675555318361411e-06,1
35,1,0,-0,0,0,1.0000073612118814e-05,1.0000000000000026e-05,1
36,0,5.0000000000000002e-05,-0,0.32128917966850007,2,9.0236410537367171e-07,8.1661553647427616e-06,1
36,1,0,-0,0,0,1.0000073612118814e-05,1.0000000000000026e-05,1
37,0,5.0000000000000002e-05,-0,0.31805989131901835,2,9.0748637953405684e-07,8.1648800257972005e-06,1
37,1,0,-0,0,0,1.0000073612118814e-05,1.0000000000000026e-05,1
38,0,5.0000000000000002e-05,-0,0.31517220918815225,2,9.1214299240713424e-07,8.1635669428215159e-06,1
38,1,0,-0,0,0,1.0000073612118814e-05,1.0000000000000026e-05,1
39,0,5.0000000000000002e-05,-0,0.31249030023876057,2,9.1679960528021163e-07,8.1622145241999795e-06,1
39,1,0,-0,0,0,1.0000073612118814e-05,1.0000000000000026e-05,1
40,0,5.0000000000000002e-05,-0,0.31014338548133552,2,9.2099055686598128e-07,8.1610170607382578e-06,1
40,1,0,-0,0,0,1.0000073612118814e-05,1.0000000000000026e-05,1
41,0,5.0000000000000002e-05,-0,0.30793529599869612,2,9.247158471644432e-07,8.1597479745687714e-06,1
41,1,0,-0,0,0,1.0000073612118814e-05,1.0000000000000026e-05,1
42,0,5.0000000000000002e-05,-0,0.30605702568303961,2,9.2797547617559737e-07,8.1585785917559668e-06,1
42,1,0,-0,0,0,1.0000073612118814e-05,1.0000000000000026e-05,1
43,0,5.0000000000000002e-05,-0,0.30405377260230815,2,9.3170076647405928e-07,8.1573560035031085e-06,1
43,1,0,-0,0,0,1.0000073612118814e-05,1.0000000000000026e-05,1
44,0,5.0000000000000002e-05,-0,0.30250727686729273,2,9.3449473419790572e-07,8.1563184974220611e-06,1
44,1,0,-0,0,0,1.0000073612118814e-05,1.0000000000000026e-05,1
45,0,5.0000000000000002e-05,-0,0.30115545847810976,2,9.3728870192164374e-07,8.1552292638298503e-06,1
45,1,0,-0,0,0,1.0000073612118814e-05,1.0000000000000026e-05,1
46,0,5.0000000000000002e-05,-0,0.29974470483076304,2,9.3961700835829085e-07,8.154188006083158e-06,1
46,1,0,-0,0,0,1.0000073612118814e-05,1.0000000000000026e-05,1
47,0,5.0000000000000002e-05,-0,0.29852734614168691,2,9.4194531479482955e-07,8.1532213269020111e-06,1
47,1,0,-0,0,0,1.0000073612118814e-05,1.0000000000000026e-05,1
48,0,4.8437500000000005e-05,0.062499999999999889,0.04122268014271064,1,1.447859859344874e-06,8.1323694555613009e-06,1
48,1,0,-0,0,0,1.0000073612118814e-05,1.0000000000000026e-05,1
49,0,4.6875000000000001e-05,0.062500000000000167,0,0,2.2769433267997609e-06,8.1252962015787751e-06,1
49,1,0,-0,0,0,1.0000073612118814e-05,1.0000000000000026e-05,1
50,0,4.5312500000000004e-05,0.062499999999999889,0,0,3.7607465692429546e-06,8.1257217314123671e-06,1
50,1,0,-0,0,0,1.0000073612118814e-05,1.0000000000000026e-05,1
51,0,4.375e-05,0.062500000000000167,0,0,5.296703875864615e-06,8.1260127697169345e-06,1
51,1,0,-0,0,0,1.0000073612118814e-05,1.0000000000000026e-05,1
52,0,4.2187500000000002e-05,0.062499999999999889,0,0,6.8340581663490661e-06,8.1263481458882132e-06,1
52,1,0,-0,0,0,1.0000073612118814e-05,1.0000000000000026e-05,1
53,0,4.0625000000000005e-05,0.062499999999999889,0,0,8.370946795545342e-06,8.1267548037067434e-06,1
53,1,0,-0,0,0,1.0000073612118814e-05,1.0000000000000026e-05,1
54,0,3.9062500000000001e-05,0.062500000000000167,0,0,9.907835424741618e-06,8.1271645310698921e-06,1
54,1,0,-0,0,0,1.0000073612118814e-05,1.0000000000000026e-05,1
55,0,3.7500000000000003e-05,0.062499999999999889,0,0,1.1446586699087233e-05,8.1276188236734277e-06,1
55,1,0,-0,0,0,1.0000073612118814e-05,1.0000000000000026e-05,1
56,0,3.5937499999999999e-05,0.062500000000000167,0,0,1.2984872312145432e-05,8.1281158625279466e-06,1
56,1,0,-0,0,0,1.0000073612118814e-05,1.0000000000000026e-05,1
57,0,3.4375000000000002e-05,0.062499999999999889,0,0,1.4526417554215653e-05,8.128624952187264e-06,1
57,1,0,-0,0,0,1.0000073612118814e-05,1.0000000000000026e-05,1
58,0,3.2812500000000005e-05,0.062499999999999889,0,0,1.6067497134997699e-05,8.1291332460387174e-06,1
58,1,0,-0,0,0,1.0000073612118814e-05,1.0000000000000026e-05,1
59,0,3.1250000000000001e-05,0.062500000000000167,0,0,1.7610439360929084e-05,8.1296489295346226e-06,1
59,1,0,-0,0,0,1.0000073612118814e-05,1.0000000000000026e-05,1
60,0,2.96875e-05,0.062500000000000028,0,0,1.915338158686036e-05,8.1302120204418578e-06,1
60,1,0,-0,0,0,1.0000073612118814e-05,1.0000000000000026e-05,1
61,0,2.8125000000000003e-05,0.062499999999999889,0,0,2.0695858151504438e-05,8.130818767094778e-06,1
61,1,0,-0,0,0,1.0000073612118814e-05,1.0000000000000026e-05,1
62,0,2.6562500000000002e-05,0.062500000000000028,0,0,2.2239731699605055e-05,8.1314157366796543e-06,1
62,1,0,-0,0,0,1.0000073612118814e-05,1.0000000000000026e-05,1
63,0,2.5000000000000001e-05,0.062500000000000028,0,0,2.3782673925942474e-05,8.1320663664519351e-06,1
63,1,0,-0,0,0,1.0000073612118814e-05,1.0000000000000026e-05,1
64,0,2.34375e-05,0.062500000000000028,0,0,2.532608181275665e-05,8.1327391651575716e-06,1
64,1,0,-0,0,0,1.0000073612118814e-05,1.0000000000000026e-05,1
65,0,2.1875e-05,0.062500000000000028,0,0,2.6870886683838134e-05,8.1333904770508787e-06,1
65,1,0,-0,0,0,1.0000073612118814e-05,1.0000000000000026e-05,1
66,0,2.0312500000000002e-05,0.062499999999999889,0,0,2.8416157216206816e-05,8.1340583872224932e-06,1
66,1,0,-0,0,0,1.0000073612118814e-05,1.0000000000000026e-05,1
67,0,1.8750000000000002e-05,0.062500000000000028,0,0,2.9960962087289059e-05,8.1347795028341614e-06,1
67,1,0,-0,0,0,1.0000073612118814e-05,1.0000000000000026e-05,1
68,0,1.7187500000000001e-05,0.062500000000000028,0,0,3.1507629603519664e-05,8.1354169449332665e-06,1
68,1,0,-0,0,0,1.0000073612118814e-05,1.0000000000000026e-05,1
69,0,1.5625e-05,0.062500000000000028,0,0,3.3053831458462963e-05,8.1361127083801228e-06,1
69,1,0,-0,0,0,1.0000073612118814e-05,1.0000000000000026e-05,1
70,0,1.4062500000000001e-05,0.062499999999999958,0,0,3.4601430297268184e-05,8.13679096405397e-06,1
70,1,0,-0,0,0,1.0000073612118814e-05,1.0000000000000026e-05,1
71,0,1.2500000000000001e-05,0.062500000000000028,0,0,3.6146700829636975e-05,8.1375865445443459e-06,1
71,1,0,-0,0,0,1.0000073612118814e-05,1.0000000000000026e-05,1
72,0,1.09375e-05,0.062500000000000028,0,0,3.7693368345868448e-05,8.1383086833375536e-06,1
72,1,0,-0,0,0,1.0000073612118814e-05,1.0000000000000026e-05,1
73,0,9.3750000000000009e-06,0.062499999999999958,0,0,3.9240967184673669e-05,8.1390504899536871e-06,1
73,1,0,-0,0,0,1.0000073612118814e-05,1.0000000000000026e-05,1
74,0,7.8125000000000002e-06,0.062500000000000028,0,0,4.0789963007340922e-05,8.1397407964323328e-06,1
74,1,0,-0,0,0,1.0000073612118814e-05,1.0000000000000026e-05,1
75,0,6.2500000000000003e-06,0.062499999999999993,0,0,4.2335699200996913e-05,8.140595039330973e-06,1
75,1,0,-0,0,0,1.0000073612118814e-05,1.0000000000000026e-05,1
76,0,4.6875000000000004e-06,0.062499999999999993,0,0,4.3884695023664057e-05,8.1412988745433075e-06,1
76,1,0,-0,0,0,1.0000073612118814e-05,1.0000000000000026e-05,1
77,0,3.1250000000000001e-06,0.062500000000000014,0,0,4.5433690846332178e-05,8.1420486392380816e-06,1
77,1,0,-0,0,0,1.0000073612118814e-05,1.0000000000000026e-05,1
78,0,1.5625000000000001e-06,0.0625,0,0,4.6982686668999322e-05,8.1428119326665445e-06,1
78,1,0,-0,0,0,1.0000073612118814e-05,1.0000000000000026e-05,1
79,0,0,0.0625,0,0,4.8532148152953883e-05,8.1435513518590859e-06,1
79,1,0,-0,0,0,1.0000073612118814e-05,1.0000000000000026e-05,1
80,0,0,-0,0,0,4.8525163233644267e-05,8.1439498242253001e-06,1
80,1,0,-0,0,0,1.0000073612118814e-05,1.0000000000000026e-05,1
81,0,0,-0,0,0,4.8518643975621958e-05,8.1443438628048433e-06,1
81,1,0,-0,0,0,1.0000073612118814e-05,1.0000000000000026e-05,1
82,0,0,-0,0,0,4.8512590378886958e-05,8.1447285790636932e-06,1
82,1,0,-0,0,0,1.0000073612118814e-05,1.0000000000000026e-05,1
83,0,0,-0,0,0,4.8506536782151957e-05,8.1450783934633626e-06,1
83,1,0,-0,0,0,1.0000073612118814e-05,1.0000000000000026e-05,1
84,0,0,-0,0,0,4.8500017524129649e-05,8.1454977842077177e-06,1
84,1,0,-0,0,0,1.0000073612118814e-05,1.0000000000000026e-05,1
85,0,0,-0,0,0,4.8493963927394648e-05,8.145844756436444e-06,1
85,1,0,-0,0,0,1.0000073612118814e-05,1.0000000000000026e-05,1
86,0,0,-0,0,0,4.8487910330659648e-05,8.1462298137558072e-06,1
86,1,0,-0,0,0,1.0000073612118814e-05,1.0000000000000026e-05,1
87,0,0,-0,0,0,4.8482322395211955e-05,8.1465781502265862e-06,1
87,1,0,-0,0,0,1.0000073612118814e-05,1.0000000000000026e-05,1
88,0,0,-0,0,0,4.8476734459764262e-05,8.1469526346700412e-06,1
88,1,0,-0,0,0,1.0000073612118814e-05,1.0000000000000026e-05,1
89,0,0,-0,0,0,4.8470215201741954e-05,8.1473582693070319e-06,1
89,1,0,-0,0,0,1.0000073612118814e-05,1.0000000000000026e-05,1
90,0,0,-0,0,0,4.8464627266294261e-05,8.1477116079986707e-06,1
90,1,0,-0,0,0,1.0000073612118814e-05,1.0000000000000026e-05,1
91,0,0,-0,0,0,4.8459039330846568e-05,8.148077793302972e-06,1
91,1,0,-0,0,0,1.0000073612118814e-05,1.0000000000000026e-05,1
92,0,0,-0,0,0,4.8452520072824259e-05,8.1484896807160374e-06,1
92,1,0,-0,0,0,1.0000073612118814e-05,1.0000000000000026e-05,1
93,0,0,-0,0,0,4.8446932137376567e-05,8.1488907678795193e-06,1
93,1,0,-0,0,0,1.0000073612118814e-05,1.0000000000000026e-05,1
94,0,0,-0,0,0,4.8440878540641566e-05,8.1492904908009485e-06,1
94,1,0,-0,0,0,1.0000073612118814e-05,1.0000000000000026e-05,1
95,0,0,-0,0,0,4.843389362133195e-05,8.1497488761306421e-06,1
95,1,0,-0,0,0,1.0000073612118814e-05,1.0000000000000026e-05,1
