time_s,step,min_skin_bed_gap_m,vertices_below_1mm,nonfinite_skin_vertices,max_functional_volume_relative_error,q_ra,q_rv,q_la,q_lv,ra_target_ml,rv_target_ml,la_target_ml,lv_target_ml,diaphragm_swept_ml,rib_swept_ml,lung_target_ml
0,0,-0.000110551714897,0,0,6.88847819674e-07,-0.286656320095,0.0512746237218,-0.0350566618145,0.0582944639027,32.2639498336,138.358649565,47.7374887851,118.755349831,0,0,2499.99994412
0.0620000029448,31,-1.97440385818e-06,0,0,2.99198376297e-07,-0.315113902092,0.070565238595,-0.0415468327701,0.074126496911,28.6943213723,145.909027196,46.7807112727,124.165206216,8.44845908432,0.223579235126,2508.67195427
0.126000005985,63,1.98930501938e-06,0,0,2.47873515491e-07,-0.356044828892,0.0900624841452,-0.0516734831035,0.0844648480415,24.0499975916,153.819695697,45.3135216958,127.785053337,31.50822522,2.91928927254,2534.42744724
0.190000009025,95,1.64657831192e-06,0,0,6.7195480824e-07,-0.353121995926,0.0785107761621,-0.0544301532209,0.0844648480415,24.3631038757,149.098588736,44.9195067631,127.785053337,60.2946929575,9.92347941065,2570.21817379
0.254000012064,127,9.46223735809e-07,0,0,5.64677407056e-07,-0.311302125454,-0.0233960747719,-0.0296466983855,-0.0153879057616,29.1559026664,111.633562483,48.5449199914,95.6376970862,92.0039892662,19.5900593098,2611.59404181
0.318000015104,159,2.38418579102e-07,0,0,7.7195340964e-07,-0.269343733788,-0.0928921848536,-0.00763700250536,-0.112854987383,34.578024497,90.1444946066,51.9237219123,69.954789069,125.078382553,30.7186601276,2655.79717234
0.382000018144,191,-1.97440385818e-06,0,0,4.71085229492e-07,-0.252197861671,-0.123802453279,0.00602869875729,-0.151955455542,36.9791305275,81.5726671135,54.0985020052,61.1068098806,158.423266839,42.5837170042,2701.00706257
0.446000021184,223,-1.74343585968e-06,0,0,6.38926053398e-07,-0.240210652351,-0.126741409302,0.0167039372027,-0.153908014297,38.723799662,80.7880787761,55.839002016,60.6856992817,191.208411707,54.7213057871,2745.92963979
0.510000024224,255,-1.75088644028e-06,0,0,3.22180198964e-07,-0.274515390396,-0.0976351201534,0.00699572544545,-0.135217607021,33.875254303,88.7908390723,54.2546549696,64.7968845442,222.773858695,66.813408921,2789.58701529
0.574000027264,287,-2.25752592087e-06,0,0,2.93211456892e-07,-0.325665175915,-0.0401293598115,-0.0322095267475,-0.00716889277101,27.4428566627,106.17046064,48.1612951262,98.0527402135,252.588128205,78.6206146586,2831.20875247
0.638000030303,319,-1.62422657013e-06,0,0,4.46809167443e-07,-0.322266578674,-0.0163583047688,-0.0335920788348,0.04394473508,27.8417737718,113.98748029,47.9551854369,113.989837701,280.228588963,89.9461228983,2870.17482333
0.702000033343,351,-1.2144446373e-06,0,0,3.02536477648e-07,-0.315345287323,0.00189181463793,-0.0326222516596,0.0688464194536,28.6664690066,120.248900203,48.099704145,122.343117255,305.372406729,100.614866824,2905.98720312
0.766000036383,383,-1.05053186417e-06,0,0,4.51661861689e-07,-0.308475136757,0.0178750194609,-0.0310947969556,0.0827011615038,29.5015051961,125.92166604,48.3279072796,127.162609715,327.794608893,110.460241558,2938.25473636
0.830000039423,415,-8.41915607452e-07,0,0,8.72913346939e-07,-0.30209261179,0.0322686173022,-0.0296299979091,0.0912463217974,30.2920925606,131.183784106,48.5474265588,130.197309772,347.362685716,119.318967336,2966.68149531
0.894000042463,447,-2.9057264328e-07,0,0,6.70367342082e-07,-0.30525457859,0.0473435334861,-0.0305775180459,0.0972830802202,29.8986342386,136.85329759,48.4053525724,132.370027131,364.02978003,127.029721625,2991.05932936
0.958000045503,479,-2.04145908356e-06,0,0,8.64535138589e-07,-0.349129796028,0.0700904428959,-0.0430096648633,0.103565111756,24.795286663,145.719910506,46.5668417746,134.656555019,377.824238967,133.431996801,3011.25622354
1.02200004854,511,-2.34693288803e-06,0,0,5.60873331779e-07,-0.356437921524,0.0770519971848,-0.0510432384908,0.104807376862,24.0081026277,148.509483552,45.4039254691,135.111811687,388.83308298,138.372459332,3027.20535547
1.08600005158,543,-2.26497650146e-06,0,0,4.99198279158e-07,-0.337047815323,0.00420417450368,-0.0417360924184,0.0435544885695,26.1354252871,121.058605146,46.7530044261,113.862050057,397.252733819,141.838070704,3039.09089416
1.15000005462,575,-2.55554914474e-06,0,0,5.5742953009e-07,-0.280082583427,-0.0793734192848,-0.0130608007312,-0.0800470262766,33.129730582,94.0803947742,51.0769932589,78.0064438004,403.3423902,143.921424751,3047.26371542
1.21400005766,607,-2.25752592087e-06,0,0,5.31911837243e-07,-0.258202493191,-0.121675878763,0.000179581431439,-0.140415012836,36.1257043551,82.1436333354,53.1603800482,63.6355907773,407.246523537,144.527875818,3051.77411065
1.2780000607,639,-2.32458114624e-06,0,0,7.10543758942e-07,-0.244255393744,-0.132321625948,0.0111326240003,-0.151965409517,38.1289755751,79.3127110228,54.9260657863,61.1046561971,409.055821365,143.507699249,3052.56340653
1.34200006374,671,-2.40653753281e-06,0,0,2.38751113102e-07,-0.235868215561,-0.131165772676,0.0190121084452,-0.151965409517,39.369409933,79.6167732915,56.2201712455,61.1046561971,408.821506426,140.721604112,3049.54312742
1.40600006678,703,-2.57045030594e-06,0,0,3.7708340983e-07,-0.322562873363,-0.0574152581394,-0.0316934399307,-0.0439621470869,27.8068328043,100.721794297,48.2383838971,87.5505502336,406.506238505,136.099712108,3042.60593839
1.47000006982,735,-2.44379043579e-06,0,0,7.86044381584e-07,-0.325552523136,-0.0272848978639,-0.0355273522437,0.0257160626352,27.456015232,110.347209556,47.6676650578,108.122250822,401.994213462,129.6398259,3031.63402714
1.53400007286,767,-2.38418579102e-06,0,0,6.42409133889e-07,-0.318983495235,-0.00719705037773,-0.0352963022888,0.0574004240334,28.230899261,117.102070362,47.7019311802,118.454634503,395.107694203,121.404213132,3016.51190966
1.5980000759,799,-2.4139881134e-06,0,0,4.3771547098e-07,-0.311847925186,0.00989217124879,-0.0339856408536,0.0741190314293,29.0895040962,123.066129163,47.896621254,124.162615975,385.575462133,111.533387098,2997.10873514
1.66200007894,831,-2.58535146713e-06,0,0,2.28043205652e-07,-0.305141627789,0.025170661509,-0.0325481705368,0.0840096026659,29.9126313621,128.570536617,48.1107563246,127.624196466,372.986251023,100.271354313,2973.25756401
1.72600008198,863,-2.51829624176e-06,0,0,2.17617809994e-07,-0.299509823322,0.0391145981848,-0.0314285717905,0.0904149413109,30.6161018671,133.738270961,48.2779796585,129.899955937,356.724776793,87.9953440744,2944.71997768
1.79000008502,895,-2.57045030594e-06,0,0,4.13394417365e-07,-0.331745743752,0.0601886548102,-0.0397542975843,0.0963737517595,26.7389641522,141.813754453,47.0436752948,132.041212055,335.871125571,75.2671840019,2911.13834828
1.85400008806,927,-2.39908695221e-06,0,0,5.59087368401e-07,-0.357943415642,0.0761223584414,-0.0507969297469,0.0999675095081,23.8481115957,148.13488815,45.4392902611,133.343914058,309.056253172,62.9053174634,2871.96133286
1.9180000911,959,-2.6524066925e-06,0,0,5.37956054814e-07,-0.351504743099,0.0431292019784,-0.0527129359543,0.0939676910639,24.5375467784,135.251888423,45.1646810689,131.173801492,274.322985206,52.0568501088,2826.37961209
1.98200009414,991,-2.72691249847e-06,0,0,7.13685437859e-07,-0.297454714775,-0.0534669049084,-0.0236874260008,-0.040062289685,30.8756061713,101.949080999,49.4448177051,88.6263296707,229.870609473,43.79910024,2773.66978116
2.04600009718,1023,-2.81631946564e-06,0,0,6.19926993295e-07,-0.264751195908,-0.11057369411,-0.00730638485402,-0.124267563224,35.2103925252,85.169202066,51.9756358699,67.289598519,176.720190211,38.2065591111,2714.92660977
2.11000010022,1055,-3.29315662384e-06,0,0,5.20568278262e-07,-0.248593986034,-0.133330762386,0.00466902926564,-0.152733355761,37.4978953914,79.0478952695,53.8794520253,60.9388080193,126.993385493,32.901083614,2659.89429317
2.17400010326,1087,-3.44961881638e-06,0,0,4.02902827545e-07,-0.237036824226,-0.133568137884,0.0137426499277,-0.152733355761,39.1949506593,78.9857003838,55.3525060241,60.9388080193,88.9436487341,26.1952500296,2615.13888836
2.2380001063,1119,-3.82959842682e-06,0,0,3.64505837069e-07,-0.301866948605,-0.0817010402679,-0.0205450057983,-0.0991486608982,30.3203069052,93.3944902499,49.9237939948,73.2475309633,61.6347970208,19.607883587,2581.24247193
2.30200010934,1151,-3.96370887756e-06,0,0,7.99636097781e-07,-0.326914072037,-0.0372086875141,-0.0366135127842,0.00238253967836,27.2972574749,107.110543468,47.5068009109,100.909972389,42.4298268626,14.168668713,2556.59851246
2.36600011238,1183,-4.65661287308e-06,0,0,4.61655531581e-07,-0.321714043617,-0.0147087294608,-0.0373463518918,0.0443113185465,27.9070045508,114.54406922,47.398469178,114.109963761,29.1008345812,10.0153520179,2539.11619075
2.43000011542,1215,-4.53740358353e-06,0,0,3.09930072717e-07,-0.314514040947,0.00343174207956,-0.0362869240344,0.0653190165758,28.7666280201,120.787713968,47.5551314594,121.135839436,19.9205587705,6.97941368344,2526.8997997
2.49400011846,1247,-3.70293855667e-06,0,0,4.91405785397e-07,-0.307569384575,0.0194625109434,-0.0348484776914,0.0772486031055,29.6128273476,126.494851429,47.768393415,125.251070131,13.6211874633,4.82149062009,2518.44269224
2.5580001215,1279,-3.48687171936e-06,0,0,3.11330467184e-07,-0.301147222519,0.0339205227792,-0.0335128568113,0.0847180336714,30.4104178213,131.797103677,47.9669797642,127.874576719,9.30761507334,3.31346427629,2512.62099482
2.62200012454,1311,-3.76254320145e-06,0,0,7.01379860857e-07,-0.313269197941,0.0510959289968,-0.0366496108472,0.0904422998428,28.9170711767,138.289979077,47.501460358,129.909734824,6.35786091152,2.26992824537,2508.62771645
2.68600012758,1343,-3.72529029846e-06,0,0,5.59822979085e-07,-0.357028007507,0.0736835151911,-0.0498207770288,0.0964012593031,23.9453056565,147.155209561,45.5796216556,132.051151013,4.34239746028,1.55225848175,2505.89451753
2.75000013062,1375,-3.65078449249e-06,0,0,4.87888200951e-07,-0.355503261089,0.0735395699739,-0.055694911629,0.0964453965425,24.1078032559,147.097525769,44.7394995717,132.067099912,2.96607845485,1.06035668068,2504.02628444
2.81400013366,1407,-3.88920307159e-06,0,0,5.00731971442e-07,-0.323779404163,-0.0196003615856,-0.0386062152684,0.00894626416266,27.6637128991,112.898946099,47.2126157547,102.905294625,2.02662090487,0.723775428924,2502.75037251
2.8780001367,1439,-3.74019145966e-06,0,0,5.60536761895e-07,-0.273088872433,-0.0935054719448,-0.0141348615289,-0.100608438253,34.0681181115,89.9686638149,50.9104174853,72.8920276742,1.38532561778,0.493913034916,2501.87912025
2.94200013974,1471,-4.27663326263e-06,0,0,4.67202141863e-07,-0.253753244877,-0.128313988447,-0.00129212578759,-0.148857265711,36.7567627109,80.3704097052,52.9260578332,61.7789919488,0.947554951836,0.337019258723,2501.28447078
3.00600014278,1503,-3.75509262085e-06,0,0,4.67262339043e-07,-0.240670323372,-0.134100884199,0.00907110236585,-0.154281586409,38.6558822356,78.8462202763,54.5907969354,60.6053508818,0.64855544224,0.230028661008,2500.87864697
3.07000014582,1535,-3.68803739548e-06,0,0,7.51610571115e-07,-0.254086315632,-0.118567064404,0.0163958743215,-0.154281586409,36.7092652596,82.9832715681,55.7882594876,60.6053508818,0.444446698111,0.156934021334,2500.60134567
3.13400014886,1567,-3.70293855667e-06,0,0,3.44378833006e-07,-0.325690627098,-0.0493122674525,-0.0362500883639,-0.0279431380332,27.439882615,103.251491964,47.5605847896,92.0255915844,0.304874220092,0.107175615938,2500.41182153
3.1980001519,1599,-3.70293855667e-06,0,0,6.25101563401e-07,-0.324201583862,-0.0226679891348,-0.038530882448,0.0292999222875,27.6141599898,111.875531729,47.223715228,109.259555757,0.209465099488,0.0732109555202,2500.28260052
3.26200015494,1631,-3.68058681488e-06,0,0,6.3955025098e-07,-0.317218005657,-0.00324142957106,-0.0379114188254,0.0563547872007,28.441696486,118.464631669,47.315050324,118.103569548,0.14415040539,0.050053582612,2500.19412488
3.32600015798,1663,-3.67313623428e-06,0,0,6.5432215024e-07,-0.310082495213,0.013575008139,-0.0365288518369,0.0710405707359,29.3046650768,124.377969769,47.519326472,123.098114273,0.099323095526,0.0343254527024,2500.13358891
3.39000016102,1695,-3.52412462234e-06,0,0,3.45962092752e-07,-0.303432583809,0.0286613665521,-0.0351255945861,0.0799237340689,30.1249256154,129.851236125,47.7272587887,126.186496345,0.0686927705829,0.0235058923437,2500.09214506
3.45400016406,1727,-1.15931034088e-05,0,0,3.046212953e-07,-0.301081001759,0.0431502722204,-0.0348342172801,0.0858967155218,30.4187196889,135.259862873,47.7705107187,128.291881992,0.04753568561,0.0162734608011,2500.06373972
3.5180001671,1759,-1.09300017357e-05,0,0,3.73909017526e-07,-0.341444730759,0.0658150911331,-0.0455252937973,0.0919376909733,25.642084438,144.024481415,46.2005773443,130.444925162,0.0331693499334,0.0111100684208,2500.04418194
3.58200017014,1791,-1.09598040581e-05,0,0,8.61051319134e-07,-0.356513440609,0.0768441110849,-0.054987963289,0.0941928476095,24.0000626945,148.42566452,44.8400569439,131.254812004,0.0233253150128,0.00747552153513,2500.03067777
3.64600017318,1823,-1.03563070297e-05,0,0,8.03583134257e-07,-0.344518184662,0.0201993472874,-0.051484528929,0.0629957914352,25.3010766755,126.761500724,45.340613724,120.345051982,0.0163894675609,0.00519019804912,2500.02136454
3.71000017622,1855,-8.60542058945e-06,0,0,1.00233398825e-06,-0.285487651825,-0.0700951516628,-0.0211871936917,-0.0673285573721,32.4167194776,96.8488457147,49.8256595165,81.2867292552,0.0114421752073,0.0037896747962,2500.01507811
3.77400017926,1887,-9.39518213272e-06,0,0,7.47825879444e-07,-0.259961485863,-0.118712127209,-0.0070692775771,-0.137601256371,35.8782708645,82.9439595691,52.0128887729,64.2625527689,0.00828919777263,0.00263415755875,2500.01088716
3.8380001823,1919,-1.01774930954e-05,0,0,8.6119439402e-07,-0.245007455349,-0.134381204844,0.00447733327746,-0.15572014451,38.0190685974,78.7728931755,53.8486165169,60.2966065344,0.00590521143096,0.00201503569386,2500.00786036
3.90200018534,1951,-9.76026058197e-06,0,0,7.24655819795e-07,-0.234148651361,-0.134381204844,0.0129522625357,-0.15572014451,39.6270806959,78.7728931755,55.2231358597,60.2966065344,0.0040332412965,0.00172736935866,2500.00553206
3.96600018837,1983,-8.87364149094e-06,0,0,3.34112542077e-07,-0.316624522209,-0.0668541789055,-0.0327891074121,-0.0703403800726,28.5127989628,97.8288881015,48.0748203699,80.5017843959,0.0028110784811,0.00143524214735,2500.00413507
4.03000019141,2015,-8.94814729691e-06,0,0,8.61058879309e-07,-0.326155841351,-0.031599637121,-0.0389304496348,0.0107024032623,27.3855857813,108.931861178,47.1648636449,103.443569969,0.00218828510867,0.00106321806914,2500.00320375
4.09400019445,2047,-8.06897878647e-06,0,0,6.02741295097e-07,-0.319981455803,-0.0103605780751,-0.039047319442,0.0463307835162,28.1122283923,116.020077257,47.1476596431,114.773232781,0.00176943804053,0.0008370152349,2500.00273809
4.15800019749,2079,-9.35792922974e-06,0,0,4.17640904971e-07,-0.312737107277,0.00733848847449,-0.0378240384161,0.0647332519293,28.9815416181,122.162047774,47.3279433209,120.936128951,0.00147536460826,0.000709799885534,2500.0020396
4.22200020053,2111,-7.53253698349e-06,0,0,2.43974852765e-07,-0.305869102478,0.0230820998549,-0.0363823063672,0.0754394829273,29.8225731967,127.808394609,47.5410124636,124.621088617,0.00128765609286,0.000621822593416,2500.0020396
4.28600020357,2143,-8.53091478348e-06,0,0,5.60871058042e-07,-0.299534440041,0.0373039655387,-0.0350920818746,0.0822652280331,30.6130023091,133.059395012,47.7322319057,127.009072457,0.00116783838155,0.000561577340186,2500.00157394
4.35000020661,2175,-7.45803117752e-06,0,0,5.84697431805e-07,-0.322670638561,0.0567277409136,-0.0408899001777,0.0880639404058,27.7941398963,140.465417644,46.876968554,129.061547341,0.0010880248924,0.000523748266978,2500.00157394
4.41400020965,2207,-9.90182161331e-06,0,0,8.59591466451e-07,-0.359688460827,0.0769270956516,-0.052687201649,0.0927452743053,23.6635896727,148.459119373,45.1683627034,130.734566483,0.00103567898702,0.000499223551387,2500.0013411
4.47800021269,2239,-7.35372304916e-06,0,0,2.45177375291e-07,-0.353844642639,0.0590639151633,-0.0572809241712,0.0927452743053,24.2854312091,141.374606756,44.5144505647,130.734566483,0.0010025760222,0.000482343887054,2500.0013411
4.54200021573,2271,-1.10790133476e-05,0,0,5.0116921102e-07,-0.308699131012,-0.0396820865571,-0.032699059695,-0.0233429484069,29.4740166282,106.314058939,48.0882481497,93.3382980293,0.000979948566737,0.000472176464594,2500.0013411
4.60600021877,2303,-6.02006912231e-06,0,0,4.68868051939e-07,-0.267551958561,-0.104233950377,-0.0128343869001,-0.118341952562,34.8238099832,86.9308132678,51.1121543241,68.6647981638,0.000965339030934,0.000465335298072,2500.0013411
4.67000022181,2335,-7.42077827454e-06,0,0,7.5175381653e-07,-0.250091731548,-0.132358342409,-0.000334214360919,-0.155425965786,37.2817048628,79.303063103,53.0784964212,60.3596563451,0.000955967527361,0.000460706583993,2500.0013411
4.73400022485,2367,-7.5101852417e-06,0,0,5.84697431805e-07,-0.237855285406,-0.134560644627,0.0094083789736,-0.156847417355,39.0730820072,78.7259850767,54.6455557924,60.0554049015,0.000949798795169,0.00045774070645,2500.0013411
4.79800022789,2399,-8.60542058945e-06,0,0,3.12578720241e-07,-0.280727148056,-0.098483517766,-0.00396716315299,-0.1344011724,33.0441362166,88.5501867742,52.5019095221,64.9805806461,0.000945758804605,0.00045581630137,2500.0013411
4.86200023093,2431,-8.38935375214e-06,0,0,5.60871114885e-07,-0.326677143574,-0.0422409512103,-0.0384658761322,-0.0137939509004,27.3248369922,105.494320451,47.2332940262,96.1029218161,0.000943130240572,0.000454550480589,2500.0013411
4.92600023397,2463,-8.34465026855e-06,0,0,3.12578720241e-07,-0.322692930698,-0.0180512033403,-0.0397669710219,0.0342575274408,27.7915114566,113.418194815,47.0418126497,110.845910967,0.00094141405782,0.000453724169347,2500.0013411
4.99000023701,2495,-6.31064176559e-06,0,0,5.60871114885e-07,-0.315512597561,0.00072178686969,-0.0388632677495,0.0577472560108,28.6463400698,119.840609841,47.1747553092,118.571231724,0.000940292843588,0.00045318596098,2500.0013411
5.05400024005,2527,-9.47713851929e-06,0,0,8.4057580807e-07,-0.308446586132,0.0171751789749,-0.0374350734055,0.0708345919847,29.5050103887,125.669539557,47.3853651783,123.027100926,2.58868249148,0.149245195757,2502.73779966
5.11800024309,2559,-8.64267349243e-06,0,0,5.55095084565e-07,-0.301896154881,0.031977456063,-0.0360641814768,0.0789122134447,30.3166525555,131.075881654,47.5881133752,125.832244521,21.3464336412,1.21681341625,2522.56309614
5.18200024613,2591,-8.27759504318e-06,0,0,5.37252219601e-07,-0.306235671043,0.0477100722492,-0.0373347736895,0.0846853256226,29.7772676277,136.993185151,47.400179028,127.863007947,48.0265880469,6.53795768812,2554.56450395
5.24600024917,2623,-6.95139169693e-06,0,0,5.16250622695e-07,-0.350335299969,0.0708239078522,-0.0496907345951,0.090758010745,24.6642321144,146.012127516,45.5983390566,130.022599478,78.4102885518,15.0859732457,2593.49634871
5.31000025221,2655,-5.97536563873e-06,0,0,3.20262756759e-07,-0.355789065361,0.0771979242563,-0.0572199337184,0.0917467772961,24.0772878897,148.568346049,44.5230907644,130.376516609,110.669068818,25.4506994679,2636.11972332
5.37400025525,2687,-7.36117362976e-06,0,0,4.42061633521e-07,-0.334201455116,-0.00243920180947,-0.0466646514833,0.0297186747193,26.4582486125,118.742282211,46.0353257949,109.392960439,143.586599734,36.7751745216,2680.36173657
5.43800025829,2719,-3.6358833313e-06,0,0,3.21465648767e-07,-0.277555882931,-0.0841260403395,-0.0187404192984,-0.089925378561,33.4666801791,92.6835418795,50.2002476424,75.5204600864,176.262998139,48.5266427859,2724.78954867
5.50200026133,2751,-3.47197055817e-06,0,0,6.98899327745e-07,-0.256000578403,-0.124945908785,-0.00540710799396,-0.147457629442,36.4370825992,81.2667858554,52.2745358467,62.0842620265,207.994671655,60.3526859777,2768.34727265
5.56600026437,2783,-3.74019145966e-06,0,0,6.07591687185e-07,-0.242107212543,-0.134695291519,0.00557704735547,-0.157690733671,38.4441082133,78.6907985457,54.0256733075,59.8753867962,238.218592131,71.9980380381,2810.21650881
5.63000026741,2815,-3.74019145966e-06,0,0,6.5781171088e-07,-0.236963748932,-0.131447702646,0.0134480297565,-0.157690733671,39.2058464058,79.542536696,55.3042591491,59.8753867962,266.483490122,83.2626174088,2849.74602982
5.69400027045,2847,-3.69548797607e-06,0,0,4.1628666736e-07,-0.323119699955,-0.0562890507281,-0.0366529785097,-0.0477278418839,27.7412636933,101.070821984,47.5009619549,86.5200709086,292.438548058,93.9748206292,2886.41336374
5.75800027349,2879,-3.70293855667e-06,0,0,6.20538116891e-07,-0.325093984604,-0.0265053100884,-0.0400311164558,0.018937766552,27.5096208497,110.604269139,47.0030026918,105.992854515,315.82772499,103.975908132,2919.80360635
5.82200027653,2911,-3.71783971786e-06,0,0,5.02537602642e-07,-0.318354904652,-0.00628594961017,-0.0396882928908,0.0495246909559,28.3058270725,117.414958368,47.0533777843,115.827475383,336.486380547,113.112953841,2949.59917665
5.88600027957,2943,-3.75509262085e-06,0,0,3.59923973292e-07,-0.311138510704,0.0109629258513,-0.0383562780917,0.0657753497362,29.1758296953,123.446559883,47.2494466521,121.291574033,354.336400051,121.233730169,2975.57003796
5.95000028261,2975,-3.76999378204e-06,0,0,4.32758781699e-07,-0.304372906685,0.0263823382556,-0.0369277633727,0.0754428654909,30.0079882436,129.014108097,47.4603257317,124.622267322,369.376735762,128.188330564,2997.56508321
5.99800028489,2999,-3.6284327507e-06,0,0,7.13367910521e-07,-0.299650967121,0.0369700454175,-0.0359732843935,0.0803644657135,30.5983376165,132.934452267,47.6015775348,126.341052237,378.848373657,132.550150738,3011.39848307
