step,time_s,environment,arm,target_angle_deg,status_code,object_index,failing_index,completed_microsteps,fgmres_iterations,status_diagnostic_x,status_diagnostic_y,status_diagnostic_z,status_diagnostic_w,min_J,max_J,max_node_displacement_m,reaction_x_N,reaction_y_N,reaction_z_N,reaction_moment_y_Nm
0,9.9999997473787516e-05,0,bent,0.015625,0,4294967295,4294967295,1,10,0.99974793195724487,0,0,0,0.99974797297658458,1.0001897479622217,7.4524385983224771e-07,0.78170640766620636,0.019733690656721592,-0.35704485606402159,-0.017999282187550786
0,9.9999997473787516e-05,1,held_reference,0,0,4294967295,4294967295,1,9,0.9999992847442627,0,0,0,0.99999931817272802,1.0000004955800836,1.8771406608397488e-09,0.0011398105600051167,-0.001346731856756378,-0.00033843455935311795,-2.3111201430765503e-06
1,0.00019999999494757503,0,bent,0.03125,0,4294967295,4294967295,1,19,0.99896836280822754,0,0,0,0.99896827901294216,1.0010341563431537,1.7160568453522717e-06,-0.414786446839571,0.010673731565475464,-0.50764726800844073,-0.024250699433563994
1,0.00019999999494757503,1,held_reference,0,0,4294967295,4294967295,1,6,0.99999916553497314,0,0,0,0.99999922504046845,1.0000005153495843,3.732559164492739e-09,0.0011952229606322362,-0.0013038115367862702,-0.00034916894010450505,-2.4524838566151176e-06
2,0.00029999999242136255,0,bent,0.046875,0,4294967295,4294967295,1,20,0.9987674355506897,0,0,0,0.99876721114253963,1.0011981409205541,2.6613591374700583e-06,-0.89638220518827438,0.020738624036312103,-0.6563967831316404,-0.030004758907774869
2,0.00029999999242136255,1,held_reference,0,0,4294967295,4294967295,1,7,0.99999916553497314,0,0,0,0.99999908608053423,1.0000004996245795,3.732559164492739e-09,0.0018513228785650426,-0.0013236911232752391,-0.00055093219653201686,-3.8266475666546284e-06
3,0.00039999998989515007,0,bent,0.0625,0,4294967295,4294967295,1,20,0.9985547661781311,0,0,0,0.99855480720532985,1.0011655340627343,3.5763755190274769e-06,-0.65384901594370604,0.035318193957209587,-0.78887637075968087,-0.033550663278349248
3,0.00039999998989515007,1,held_reference,0,0,4294967295,4294967295,1,6,0.99999916553497314,0,0,0,0.99999915174175535,1.0000005566999721,3.732559164492739e-09,0.0018021053757024674,-0.0014051352873138967,-0.0005364217369248081,-3.728222670787318e-06
4,0.00049999998736893758,0,bent,0.078125,0,4294967295,4294967295,1,20,0.99820184707641602,0,0,0,0.99820185229299452,1.0014548691307976,4.4692653990106685e-06,-0.44978608936071396,-0.0029531174805015326,-0.94744915654882789,-0.038130876545889369
4,0.00049999998736893758,1,held_reference,0,0,4294967295,4294967295,1,6,0.99999916553497314,0,0,0,0.99999918861275572,1.000000616147187,3.732559164492739e-09,0.0020886460487758995,-0.0013119295329033775,-0.00061898163551177277,-4.3626819566213731e-06
5,0.0005999999848427251,0,bent,0.09375,0,4294967295,4294967295,1,20,0.99786615371704102,0,0,0,0.99786617127175448,1.0017357635636226,5.3384482478678096e-06,-0.5295267328619957,0.017343108251225203,-1.1111809071153402,-0.043044944077679254
5,0.0005999999848427251,1,held_reference,0,0,4294967295,4294967295,1,6,0.99999922513961792,0,0,0,0.99999935997077205,1.0000005729222645,3.7271088439929582e-09,0.0020394284787244032,-0.0013750398825322918,-0.00060446976873151925,-4.2642561573984495e-06
6,0.00069999998231651261,0,bent,0.109375,0,4294967295,4294967295,1,20,0.99751454591751099,0,0,0,0.99751462384096934,1.002004225918929,6.1954610439171212e-06,-0.49627338349819183,0.013432911830022931,-1.2679432248696685,-0.047975620084689002
6,0.00069999998231651261,1,held_reference,0,0,4294967295,4294967295,1,6,0.99999946355819702,0,0,0,0.99999942550551268,1.000000527945675,3.7271088439929582e-09,0.0020886460490601166,-0.0012430314409357379,-0.00061901284196608231,-4.3626995131376141e-06
7,0.00079999997979030013,0,bent,0.125,0,4294967295,4294967295,1,20,0.99718719720840454,0,0,0,0.99718724964487426,1.0022638808030224,7.0443764028153416e-06,-0.4228539764881134,0.014352930709719658,-1.4067752156406641,-0.052544973420777484
7,0.00079999997979030013,1,held_reference,0,0,4294967295,4294967295,1,6,0.99999934434890747,0,0,0,0.99999941167119011,1.0000005620194017,3.7271088439929582e-09,0.0020394284226767923,-0.0013039458099228796,-0.00060449656135119767,-4.2642711004532437e-06
